
=== FileX Write Test ===

=== Test Configuration ===
Files count      : 1000
File size        : 10240 bytes (10.0 KB)
Block size       : 65536 bytes (64.0 KB)
Data pattern     : Constant (0xAA)
Data verification: Enabled
Writing 1000 files of 10240 bytes each...
File test_001.bin: opened:    30 us, closed:   909 us, I/O:  29644 us, total:  38531 us, speed:   337 KB/s, CRC32: 0xC61C2AA0
File test_002.bin: opened:    47 us, closed:   905 us, I/O:  29155 us, total:  38076 us, speed:   342 KB/s, CRC32: 0xC61C2AA0
File test_003.bin: opened:    57 us, closed:   907 us, I/O:  35385 us, total:  44237 us, speed:   282 KB/s, CRC32: 0xC61C2AA0
File test_004.bin: opened:    70 us, closed:   909 us, I/O:  29559 us, total:  38459 us, speed:   338 KB/s, CRC32: 0xC61C2AA0
File test_005.bin: opened:    87 us, closed:   916 us, I/O:  34799 us, total:  43866 us, speed:   287 KB/s, CRC32: 0xC61C2AA0
File test_006.bin: opened:   101 us, closed:   905 us, I/O:  29163 us, total:  38191 us, speed:   342 KB/s, CRC32: 0xC61C2AA0
File test_007.bin: opened:   114 us, closed:   910 us, I/O:  29275 us, total:  38269 us, speed:   341 KB/s, CRC32: 0xC61C2AA0
File test_008.bin: opened:   127 us, closed:   921 us, I/O:  35426 us, total:  44488 us, speed:   282 KB/s, CRC32: 0xC61C2AA0
File test_009.bin: opened:   141 us, closed:   906 us, I/O:  30147 us, total:  39943 us, speed:   331 KB/s, CRC32: 0xC61C2AA0
File test_010.bin: opened:   152 us, closed:   912 us, I/O:  34981 us, total:  44093 us, speed:   285 KB/s, CRC32: 0xC61C2AA0
File test_011.bin: opened:   164 us, closed:   937 us, I/O:  29206 us, total:  38396 us, speed:   342 KB/s, CRC32: 0xC61C2AA0
File test_012.bin: opened:   180 us, closed:   902 us, I/O:  29408 us, total:  38586 us, speed:   340 KB/s, CRC32: 0xC61C2AA0
File test_013.bin: opened:   194 us, closed:   932 us, I/O:  32204 us, total:  47440 us, speed:   310 KB/s, CRC32: 0xC61C2AA0
File test_014.bin: opened:   209 us, closed:   909 us, I/O:  29018 us, total:  38363 us, speed:   344 KB/s, CRC32: 0xC61C2AA0
File test_015.bin: opened:   220 us, closed:   918 us, I/O:  35139 us, total:  44510 us, speed:   284 KB/s, CRC32: 0xC61C2AA0
File test_016.bin: opened:   256 us, closed:   920 us, I/O:  29368 us, total:  38777 us, speed:   340 KB/s, CRC32: 0xC61C2AA0
File test_017.bin: opened:   253 us, closed:   902 us, I/O:  35676 us, total:  45778 us, speed:   280 KB/s, CRC32: 0xC61C2AA0
File test_018.bin: opened:   260 us, closed:   905 us, I/O:  28898 us, total:  38501 us, speed:   346 KB/s, CRC32: 0xC61C2AA0
File test_019.bin: opened:   278 us, closed:   909 us, I/O:  29095 us, total:  38589 us, speed:   343 KB/s, CRC32: 0xC61C2AA0
File test_020.bin: opened:   288 us, closed:   913 us, I/O:  29316 us, total:  44784 us, speed:   341 KB/s, CRC32: 0xC61C2AA0
File test_021.bin: opened:   300 us, closed:   912 us, I/O:  29517 us, total:  39104 us, speed:   338 KB/s, CRC32: 0xC61C2AA0
File test_022.bin: opened:   317 us, closed:   906 us, I/O:  36044 us, total:  45653 us, speed:   277 KB/s, CRC32: 0xC61C2AA0
File test_023.bin: opened:   330 us, closed:   937 us, I/O:  29048 us, total:  38749 us, speed:   344 KB/s, CRC32: 0xC61C2AA0
File test_024.bin: opened:   339 us, closed:   904 us, I/O:  35176 us, total:  44839 us, speed:   284 KB/s, CRC32: 0xC61C2AA0
File test_025.bin: opened:   374 us, closed:   911 us, I/O:  29656 us, total:  40085 us, speed:   337 KB/s, CRC32: 0xC61C2AA0
File test_026.bin: opened:   372 us, closed:   907 us, I/O:  32397 us, total:  42144 us, speed:   308 KB/s, CRC32: 0xC61C2AA0
File test_027.bin: opened:   383 us, closed:   904 us, I/O:  29001 us, total:  44712 us, speed:   344 KB/s, CRC32: 0xC61C2AA0
File test_028.bin: opened:   399 us, closed:   910 us, I/O:  29183 us, total:  38998 us, speed:   342 KB/s, CRC32: 0xC61C2AA0
File test_029.bin: opened:   410 us, closed:   900 us, I/O:  35324 us, total:  45121 us, speed:   283 KB/s, CRC32: 0xC61C2AA0
File test_030.bin: opened:   419 us, closed:   912 us, I/O:  29627 us, total:  39548 us, speed:   337 KB/s, CRC32: 0xC61C2AA0
File test_031.bin: opened:   432 us, closed:   903 us, I/O:  34887 us, total:  45012 us, speed:   286 KB/s, CRC32: 0xC61C2AA0
File test_032.bin: opened:   452 us, closed:   919 us, I/O:  29084 us, total:  39048 us, speed:   343 KB/s, CRC32: 0xC61C2AA0
File test_033.bin: opened:   459 us, closed:   905 us, I/O:  29606 us, total:  40319 us, speed:   337 KB/s, CRC32: 0xC61C2AA0
File test_034.bin: opened:   475 us, closed:   926 us, I/O:  29528 us, total:  45528 us, speed:   338 KB/s, CRC32: 0xC61C2AA0
File test_035.bin: opened:   491 us, closed:   906 us, I/O:  30308 us, total:  40418 us, speed:   329 KB/s, CRC32: 0xC61C2AA0
File test_036.bin: opened:   504 us, closed:   911 us, I/O:  34965 us, total:  45065 us, speed:   286 KB/s, CRC32: 0xC61C2AA0
File test_037.bin: opened:   519 us, closed:   906 us, I/O:  29273 us, total:  39463 us, speed:   341 KB/s, CRC32: 0xC61C2AA0
File test_038.bin: opened:   528 us, closed:   902 us, I/O:  35512 us, total:  45752 us, speed:   281 KB/s, CRC32: 0xC61C2AA0
File test_039.bin: opened:   548 us, closed:   904 us, I/O:  32641 us, total:  42868 us, speed:   306 KB/s, CRC32: 0xC61C2AA0
File test_040.bin: opened:   556 us, closed:   903 us, I/O:  29017 us, total:  39325 us, speed:   344 KB/s, CRC32: 0xC61C2AA0
File test_041.bin: opened:   570 us, closed:   907 us, I/O:  29599 us, total:  46546 us, speed:   337 KB/s, CRC32: 0xC61C2AA0
File test_042.bin: opened:   578 us, closed:   910 us, I/O:  29410 us, total:  39821 us, speed:   340 KB/s, CRC32: 0xC61C2AA0
File test_043.bin: opened:   596 us, closed:   907 us, I/O:  35570 us, total:  46033 us, speed:   281 KB/s, CRC32: 0xC61C2AA0
File test_044.bin: opened:   608 us, closed:   917 us, I/O:  28898 us, total:  39442 us, speed:   346 KB/s, CRC32: 0xC61C2AA0
File test_045.bin: opened:   621 us, closed:   907 us, I/O:  35089 us, total:  45531 us, speed:   284 KB/s, CRC32: 0xC61C2AA0
File test_046.bin: opened:   639 us, closed:   901 us, I/O:  29326 us, total:  39821 us, speed:   340 KB/s, CRC32: 0xC61C2AA0
File test_047.bin: opened:   654 us, closed:   909 us, I/O:  29575 us, total:  40162 us, speed:   338 KB/s, CRC32: 0xC61C2AA0
File test_048.bin: opened:  6626 us, closed:   915 us, I/O:  30368 us, total:  46929 us, speed:   329 KB/s, CRC32: 0xC61C2AA0
File test_049.bin: opened:   677 us, closed:   904 us, I/O:  29495 us, total:  40851 us, speed:   339 KB/s, CRC32: 0xC61C2AA0
File test_050.bin: opened:   691 us, closed:   904 us, I/O:  35242 us, total:  45870 us, speed:   283 KB/s, CRC32: 0xC61C2AA0
File test_051.bin: opened:   703 us, closed:   918 us, I/O:  29496 us, total:  40224 us, speed:   339 KB/s, CRC32: 0xC61C2AA0
File test_052.bin: opened:   716 us, closed:   900 us, I/O:  38821 us, total:  49612 us, speed:   257 KB/s, CRC32: 0xC61C2AA0
File test_053.bin: opened:   729 us, closed:   899 us, I/O:  28962 us, total:  39716 us, speed:   345 KB/s, CRC32: 0xC61C2AA0
File test_054.bin: opened:   742 us, closed:   907 us, I/O:  35157 us, total:  46007 us, speed:   284 KB/s, CRC32: 0xC61C2AA0
File test_055.bin: opened:   755 us, closed:   920 us, I/O:  29410 us, total:  40218 us, speed:   340 KB/s, CRC32: 0xC61C2AA0
File test_056.bin: opened:   770 us, closed:   908 us, I/O:  29568 us, total:  40483 us, speed:   338 KB/s, CRC32: 0xC61C2AA0
File test_057.bin: opened:   788 us, closed:   909 us, I/O:  29426 us, total:  47219 us, speed:   339 KB/s, CRC32: 0xC61C2AA0
File test_058.bin: opened:   800 us, closed:   902 us, I/O:  29162 us, total:  40154 us, speed:   342 KB/s, CRC32: 0xC61C2AA0
File test_059.bin: opened:   815 us, closed:   906 us, I/O:  35326 us, total:  46308 us, speed:   283 KB/s, CRC32: 0xC61C2AA0
File test_060.bin: opened:   823 us, closed:   920 us, I/O:  29606 us, total:  40713 us, speed:   337 KB/s, CRC32: 0xC61C2AA0
File test_061.bin: opened:   836 us, closed:   927 us, I/O:  36468 us, total:  47558 us, speed:   274 KB/s, CRC32: 0xC61C2AA0
File test_062.bin: opened:   851 us, closed:   910 us, I/O:  29033 us, total:  40145 us, speed:   344 KB/s, CRC32: 0xC61C2AA0
File test_063.bin: opened:   862 us, closed:   905 us, I/O:  29284 us, total:  40476 us, speed:   341 KB/s, CRC32: 0xC61C2AA0
File test_064.bin: opened:   877 us, closed:   905 us, I/O:  31697 us, total:  48844 us, speed:   315 KB/s, CRC32: 0xC61C2AA0
File test_065.bin: opened:   891 us, closed:   911 us, I/O:  31517 us, total:  43496 us, speed:   317 KB/s, CRC32: 0xC61C2AA0
File test_066.bin: opened:   907 us, closed:   907 us, I/O:  28992 us, total:  46227 us, speed:   344 KB/s, CRC32: 0xC61C2AA0
File test_067.bin: opened:   920 us, closed:   911 us, I/O:  29278 us, total:  40629 us, speed:   341 KB/s, CRC32: 0xC61C2AA0
File test_068.bin: opened:   934 us, closed:   915 us, I/O:  35372 us, total:  46727 us, speed:   282 KB/s, CRC32: 0xC61C2AA0
File test_069.bin: opened:   945 us, closed:   927 us, I/O:  29644 us, total:  41058 us, speed:   337 KB/s, CRC32: 0xC61C2AA0
File test_070.bin: opened:   954 us, closed:   913 us, I/O:  34905 us, total:  46483 us, speed:   286 KB/s, CRC32: 0xC61C2AA0
File test_071.bin: opened:   969 us, closed:   898 us, I/O:  29168 us, total:  40613 us, speed:   342 KB/s, CRC32: 0xC61C2AA0
File test_072.bin: opened:   983 us, closed:   914 us, I/O:  29280 us, total:  40792 us, speed:   341 KB/s, CRC32: 0xC61C2AA0
File test_073.bin: opened:  1000 us, closed:   913 us, I/O:  30278 us, total:  48460 us, speed:   330 KB/s, CRC32: 0xC61C2AA0
File test_074.bin: opened:  1025 us, closed:   900 us, I/O:  30670 us, total:  42239 us, speed:   326 KB/s, CRC32: 0xC61C2AA0
File test_075.bin: opened:  1045 us, closed:   904 us, I/O:  35033 us, total:  46628 us, speed:   285 KB/s, CRC32: 0xC61C2AA0
File test_076.bin: opened:  1043 us, closed:   907 us, I/O:  29233 us, total:  40917 us, speed:   342 KB/s, CRC32: 0xC61C2AA0
File test_077.bin: opened:  1070 us, closed:   899 us, I/O:  37796 us, total:  49456 us, speed:   264 KB/s, CRC32: 0xC61C2AA0
File test_078.bin: opened:  1065 us, closed:   899 us, I/O:  30981 us, total:  42700 us, speed:   322 KB/s, CRC32: 0xC61C2AA0
File test_079.bin: opened:  1081 us, closed:   901 us, I/O:  34916 us, total:  46654 us, speed:   286 KB/s, CRC32: 0xC61C2AA0
File test_080.bin: opened:  1087 us, closed:   907 us, I/O:  29130 us, total:  40906 us, speed:   343 KB/s, CRC32: 0xC61C2AA0
File test_081.bin: opened:  1105 us, closed:   914 us, I/O:  36057 us, total:  48601 us, speed:   277 KB/s, CRC32: 0xC61C2AA0
File test_082.bin: opened:  1118 us, closed:   910 us, I/O:  29625 us, total:  41522 us, speed:   337 KB/s, CRC32: 0xC61C2AA0
File test_083.bin: opened:  1132 us, closed:   904 us, I/O:  28946 us, total:  41034 us, speed:   345 KB/s, CRC32: 0xC61C2AA0
File test_084.bin: opened:  1151 us, closed:   909 us, I/O:  29109 us, total:  47057 us, speed:   343 KB/s, CRC32: 0xC61C2AA0
File test_085.bin: opened:  1182 us, closed:   926 us, I/O:  29338 us, total:  41434 us, speed:   340 KB/s, CRC32: 0xC61C2AA0
File test_086.bin: opened:  1173 us, closed:   917 us, I/O:  35534 us, total:  47585 us, speed:   281 KB/s, CRC32: 0xC61C2AA0
File test_087.bin: opened:  1189 us, closed:   907 us, I/O:  30869 us, total:  42931 us, speed:   323 KB/s, CRC32: 0xC61C2AA0
File test_088.bin: opened:  1200 us, closed:   915 us, I/O:  35030 us, total:  47111 us, speed:   285 KB/s, CRC32: 0xC61C2AA0
File test_089.bin: opened:  1215 us, closed:   913 us, I/O:  30063 us, total:  42919 us, speed:   332 KB/s, CRC32: 0xC61C2AA0
File test_090.bin: opened:  1237 us, closed:   911 us, I/O:  37879 us, total:  50079 us, speed:   263 KB/s, CRC32: 0xC61C2AA0
File test_091.bin: opened:  1237 us, closed:   904 us, I/O:  31128 us, total:  43318 us, speed:   321 KB/s, CRC32: 0xC61C2AA0
File test_092.bin: opened:  1252 us, closed:   903 us, I/O:  34927 us, total:  47198 us, speed:   286 KB/s, CRC32: 0xC61C2AA0
File test_093.bin: opened:  1268 us, closed:   919 us, I/O:  29210 us, total:  41515 us, speed:   342 KB/s, CRC32: 0xC61C2AA0
File test_094.bin: opened:  1281 us, closed:   903 us, I/O:  29425 us, total:  41799 us, speed:   339 KB/s, CRC32: 0xC61C2AA0
File test_095.bin: opened:  1298 us, closed:   900 us, I/O:  29610 us, total:  47977 us, speed:   337 KB/s, CRC32: 0xC61C2AA0
File test_096.bin: opened:  1307 us, closed:   901 us, I/O:  28850 us, total:  41376 us, speed:   346 KB/s, CRC32: 0xC61C2AA0
File test_097.bin: opened:  1321 us, closed:   911 us, I/O:  35995 us, total:  49160 us, speed:   277 KB/s, CRC32: 0xC61C2AA0
File test_098.bin: opened:  1334 us, closed:   912 us, I/O:  29349 us, total:  41832 us, speed:   340 KB/s, CRC32: 0xC61C2AA0
File test_099.bin: opened:  1348 us, closed:   908 us, I/O:  35527 us, total:  48074 us, speed:   281 KB/s, CRC32: 0xC61C2AA0
File test_100.bin: opened:  1325 us, closed:   907 us, I/O:  30881 us, total:  43352 us, speed:   323 KB/s, CRC32: 0xC61C2AA0
File test_101.bin: opened:  1336 us, closed:   910 us, I/O:  34931 us, total:  47490 us, speed:   286 KB/s, CRC32: 0xC61C2AA0
File test_102.bin: opened:  1354 us, closed:   902 us, I/O:  29211 us, total:  41861 us, speed:   342 KB/s, CRC32: 0xC61C2AA0
File test_103.bin: opened:  1371 us, closed:   907 us, I/O:  38020 us, total:  50661 us, speed:   263 KB/s, CRC32: 0xC61C2AA0
File test_104.bin: opened:  1418 us, closed:   918 us, I/O:  31224 us, total:  43893 us, speed:   320 KB/s, CRC32: 0xC61C2AA0
File test_105.bin: opened:  1395 us, closed:   912 us, I/O:  30003 us, total:  43428 us, speed:   333 KB/s, CRC32: 0xC61C2AA0
File test_106.bin: opened:  1409 us, closed:   909 us, I/O:  29206 us, total:  47942 us, speed:   342 KB/s, CRC32: 0xC61C2AA0
File test_107.bin: opened:  1421 us, closed:   919 us, I/O:  29491 us, total:  42348 us, speed:   339 KB/s, CRC32: 0xC61C2AA0
File test_108.bin: opened:  1436 us, closed:   911 us, I/O:  29574 us, total:  48372 us, speed:   338 KB/s, CRC32: 0xC61C2AA0
File test_109.bin: opened:  1447 us, closed:   907 us, I/O:  28958 us, total:  41961 us, speed:   345 KB/s, CRC32: 0xC61C2AA0
File test_110.bin: opened:  1458 us, closed:   920 us, I/O:  35116 us, total:  48029 us, speed:   284 KB/s, CRC32: 0xC61C2AA0
File test_111.bin: opened:  1471 us, closed:   914 us, I/O:  29361 us, total:  42341 us, speed:   340 KB/s, CRC32: 0xC61C2AA0
File test_112.bin: opened:  1486 us, closed:   909 us, I/O:  35444 us, total:  48421 us, speed:   282 KB/s, CRC32: 0xC61C2AA0
File test_113.bin: opened:  1502 us, closed:   915 us, I/O:  32058 us, total:  45764 us, speed:   311 KB/s, CRC32: 0xC61C2AA0
File test_114.bin: opened:  1512 us, closed:   920 us, I/O:  34963 us, total:  47997 us, speed:   286 KB/s, CRC32: 0xC61C2AA0
File test_115.bin: opened:  1529 us, closed:   916 us, I/O:  29287 us, total:  42411 us, speed:   341 KB/s, CRC32: 0xC61C2AA0
File test_116.bin: opened:  1544 us, closed:   904 us, I/O:  38120 us, total:  51366 us, speed:   262 KB/s, CRC32: 0xC61C2AA0
File test_117.bin: opened:  1579 us, closed:   904 us, I/O:  31292 us, total:  44459 us, speed:   319 KB/s, CRC32: 0xC61C2AA0
File test_118.bin: opened:  1621 us, closed:   902 us, I/O:  28983 us, total:  42217 us, speed:   345 KB/s, CRC32: 0xC61C2AA0
File test_119.bin: opened:  1582 us, closed:   921 us, I/O:  29175 us, total:  48389 us, speed:   342 KB/s, CRC32: 0xC61C2AA0
File test_120.bin: opened:  1596 us, closed:   906 us, I/O:  29379 us, total:  42698 us, speed:   340 KB/s, CRC32: 0xC61C2AA0
File test_121.bin: opened:  1610 us, closed:   906 us, I/O:  30655 us, total:  50627 us, speed:   326 KB/s, CRC32: 0xC61C2AA0
File test_122.bin: opened:  1657 us, closed:   903 us, I/O:  28938 us, total:  42445 us, speed:   345 KB/s, CRC32: 0xC61C2AA0
File test_123.bin: opened:  1649 us, closed:   922 us, I/O:  35102 us, total:  48494 us, speed:   284 KB/s, CRC32: 0xC61C2AA0
File test_124.bin: opened:  1649 us, closed:   903 us, I/O:  29329 us, total:  42736 us, speed:   340 KB/s, CRC32: 0xC61C2AA0
File test_125.bin: opened:  1661 us, closed:   923 us, I/O:  35384 us, total:  48822 us, speed:   282 KB/s, CRC32: 0xC61C2AA0
File test_126.bin: opened:  1676 us, closed:   906 us, I/O:  31155 us, total:  44640 us, speed:   320 KB/s, CRC32: 0xC61C2AA0
File test_127.bin: opened:  1690 us, closed:   907 us, I/O:  34991 us, total:  48575 us, speed:   285 KB/s, CRC32: 0xC61C2AA0
File test_128.bin: opened:  1705 us, closed:   898 us, I/O:  32034 us, total:  45579 us, speed:   312 KB/s, CRC32: 0xC61C2AA0
File test_129.bin: opened:  1718 us, closed:   904 us, I/O:  36686 us, total:  51030 us, speed:   272 KB/s, CRC32: 0xC61C2AA0
File test_130.bin: opened:  1747 us, closed:   907 us, I/O:  31516 us, total:  45188 us, speed:   317 KB/s, CRC32: 0xC61C2AA0
File test_131.bin: opened:  1743 us, closed:   910 us, I/O:  34958 us, total:  48611 us, speed:   286 KB/s, CRC32: 0xC61C2AA0
File test_132.bin: opened:  1756 us, closed:   903 us, I/O:  29164 us, total:  42892 us, speed:   342 KB/s, CRC32: 0xC61C2AA0
File test_133.bin: opened:  1765 us, closed:   904 us, I/O:  35358 us, total:  49117 us, speed:   282 KB/s, CRC32: 0xC61C2AA0
File test_134.bin: opened:  1786 us, closed:   902 us, I/O:  29617 us, total:  43416 us, speed:   337 KB/s, CRC32: 0xC61C2AA0
File test_135.bin: opened:  1797 us, closed:   897 us, I/O:  28901 us, total:  42910 us, speed:   346 KB/s, CRC32: 0xC61C2AA0
File test_136.bin: opened:  1818 us, closed:   900 us, I/O:  29135 us, total:  48944 us, speed:   343 KB/s, CRC32: 0xC61C2AA0
File test_137.bin: opened:  1843 us, closed:   902 us, I/O:  30573 us, total:  45179 us, speed:   327 KB/s, CRC32: 0xC61C2AA0
File test_138.bin: opened:  1864 us, closed:   910 us, I/O:  29541 us, total:  49508 us, speed:   338 KB/s, CRC32: 0xC61C2AA0
File test_139.bin: opened:  1856 us, closed:   903 us, I/O:  31286 us, total:  45282 us, speed:   319 KB/s, CRC32: 0xC61C2AA0
File test_140.bin: opened:  1880 us, closed:   919 us, I/O:  34995 us, total:  49057 us, speed:   285 KB/s, CRC32: 0xC61C2AA0
File test_141.bin: opened:  1880 us, closed:   928 us, I/O:  32152 us, total:  46240 us, speed:   311 KB/s, CRC32: 0xC61C2AA0
File test_142.bin: opened:  1892 us, closed:   907 us, I/O:  35442 us, total:  49578 us, speed:   282 KB/s, CRC32: 0xC61C2AA0
File test_143.bin: opened:  1927 us, closed:   899 us, I/O:  31578 us, total:  45723 us, speed:   316 KB/s, CRC32: 0xC61C2AA0
File test_144.bin: opened:  1918 us, closed:   931 us, I/O:  34941 us, total:  49100 us, speed:   286 KB/s, CRC32: 0xC61C2AA0
File test_145.bin: opened:  1952 us, closed:   909 us, I/O:  30563 us, total:  45509 us, speed:   327 KB/s, CRC32: 0xC61C2AA0
File test_146.bin: opened:  1985 us, closed:   908 us, I/O:  35416 us, total:  49709 us, speed:   282 KB/s, CRC32: 0xC61C2AA0
File test_147.bin: opened:  1960 us, closed:   905 us, I/O:  29650 us, total:  43998 us, speed:   337 KB/s, CRC32: 0xC61C2AA0
File test_148.bin: opened:  1975 us, closed:   904 us, I/O:  34815 us, total:  49373 us, speed:   287 KB/s, CRC32: 0xC61C2AA0
File test_149.bin: opened:  2007 us, closed:   924 us, I/O:  29142 us, total:  43594 us, speed:   343 KB/s, CRC32: 0xC61C2AA0
File test_150.bin: opened:  2014 us, closed:   905 us, I/O:  35193 us, total:  49575 us, speed:   284 KB/s, CRC32: 0xC61C2AA0
File test_151.bin: opened:  2016 us, closed:   905 us, I/O:  29471 us, total:  43900 us, speed:   339 KB/s, CRC32: 0xC61C2AA0
File test_152.bin: opened:  2031 us, closed:   903 us, I/O:  37199 us, total:  51704 us, speed:   268 KB/s, CRC32: 0xC61C2AA0
File test_153.bin: opened:  2046 us, closed:   908 us, I/O:  30408 us, total:  45674 us, speed:   328 KB/s, CRC32: 0xC61C2AA0
File test_154.bin: opened:  2054 us, closed:   906 us, I/O:  38203 us, total:  52815 us, speed:   261 KB/s, CRC32: 0xC61C2AA0
File test_155.bin: opened:  2068 us, closed:   906 us, I/O:  29534 us, total:  44193 us, speed:   338 KB/s, CRC32: 0xC61C2AA0
File test_156.bin: opened:  2107 us, closed:   899 us, I/O:  37659 us, total:  52364 us, speed:   265 KB/s, CRC32: 0xC61C2AA0
File test_157.bin: opened:  2116 us, closed:   923 us, I/O:  28930 us, total:  43694 us, speed:   345 KB/s, CRC32: 0xC61C2AA0
File test_158.bin: opened:  2128 us, closed:   905 us, I/O:  29210 us, total:  44013 us, speed:   342 KB/s, CRC32: 0xC61C2AA0
File test_159.bin: opened:  2130 us, closed:   905 us, I/O:  29376 us, total:  50084 us, speed:   340 KB/s, CRC32: 0xC61C2AA0
File test_160.bin: opened:  2135 us, closed:   898 us, I/O:  29522 us, total:  44313 us, speed:   338 KB/s, CRC32: 0xC61C2AA0
File test_161.bin: opened:  2153 us, closed:   909 us, I/O:  30369 us, total:  52017 us, speed:   329 KB/s, CRC32: 0xC61C2AA0
File test_162.bin: opened:  2168 us, closed:   918 us, I/O:  29145 us, total:  44102 us, speed:   343 KB/s, CRC32: 0xC61C2AA0
File test_163.bin: opened:  2175 us, closed:   909 us, I/O:  29311 us, total:  50227 us, speed:   341 KB/s, CRC32: 0xC61C2AA0
File test_164.bin: opened:  2227 us, closed:   924 us, I/O:  29539 us, total:  44547 us, speed:   338 KB/s, CRC32: 0xC61C2AA0
File test_165.bin: opened:  2235 us, closed:   922 us, I/O:  31470 us, total:  52470 us, speed:   317 KB/s, CRC32: 0xC61C2AA0
File test_166.bin: opened:  2241 us, closed:   904 us, I/O:  28983 us, total:  44024 us, speed:   345 KB/s, CRC32: 0xC61C2AA0
File test_167.bin: opened:  2254 us, closed:   903 us, I/O:  38424 us, total:  53477 us, speed:   260 KB/s, CRC32: 0xC61C2AA0
File test_168.bin: opened:  2274 us, closed:   904 us, I/O:  29394 us, total:  44486 us, speed:   340 KB/s, CRC32: 0xC61C2AA0
File test_169.bin: opened:  2278 us, closed:   919 us, I/O:  39363 us, total:  55229 us, speed:   254 KB/s, CRC32: 0xC61C2AA0
File test_170.bin: opened:  2296 us, closed:   928 us, I/O:  28964 us, total:  44243 us, speed:   345 KB/s, CRC32: 0xC61C2AA0
File test_171.bin: opened:  2286 us, closed:   908 us, I/O:  35115 us, total:  50332 us, speed:   284 KB/s, CRC32: 0xC61C2AA0
File test_172.bin: opened:  2300 us, closed:   909 us, I/O:  29341 us, total:  44623 us, speed:   340 KB/s, CRC32: 0xC61C2AA0
File test_173.bin: opened:  2333 us, closed:   897 us, I/O:  35443 us, total:  50756 us, speed:   282 KB/s, CRC32: 0xC61C2AA0
File test_174.bin: opened:  2329 us, closed:   896 us, I/O:  28875 us, total:  44360 us, speed:   346 KB/s, CRC32: 0xC61C2AA0
File test_175.bin: opened:  2342 us, closed:   901 us, I/O:  35047 us, total:  50415 us, speed:   285 KB/s, CRC32: 0xC61C2AA0
File test_176.bin: opened:  2363 us, closed:   905 us, I/O:  29237 us, total:  44635 us, speed:   342 KB/s, CRC32: 0xC61C2AA0
File test_177.bin: opened:  2386 us, closed:   911 us, I/O:  37043 us, total:  53217 us, speed:   269 KB/s, CRC32: 0xC61C2AA0
File test_178.bin: opened:  2390 us, closed:   910 us, I/O:  31569 us, total:  47095 us, speed:   316 KB/s, CRC32: 0xC61C2AA0
File test_179.bin: opened:  2412 us, closed:   907 us, I/O:  34905 us, total:  50487 us, speed:   286 KB/s, CRC32: 0xC61C2AA0
File test_180.bin: opened:  2416 us, closed:   905 us, I/O:  32510 us, total:  48079 us, speed:   307 KB/s, CRC32: 0xC61C2AA0
File test_181.bin: opened:  2436 us, closed:   898 us, I/O:  35386 us, total:  51018 us, speed:   282 KB/s, CRC32: 0xC61C2AA0
File test_182.bin: opened:  2441 us, closed:   907 us, I/O:  31927 us, total:  47601 us, speed:   313 KB/s, CRC32: 0xC61C2AA0
File test_183.bin: opened:  2463 us, closed:   904 us, I/O:  34964 us, total:  50600 us, speed:   286 KB/s, CRC32: 0xC61C2AA0
File test_184.bin: opened:  2469 us, closed:   903 us, I/O:  29129 us, total:  44931 us, speed:   343 KB/s, CRC32: 0xC61C2AA0
File test_185.bin: opened:  2475 us, closed:   918 us, I/O:  37060 us, total:  53552 us, speed:   269 KB/s, CRC32: 0xC61C2AA0
File test_186.bin: opened:  2495 us, closed:   904 us, I/O:  29593 us, total:  45459 us, speed:   337 KB/s, CRC32: 0xC61C2AA0
File test_187.bin: opened:  2505 us, closed:   907 us, I/O:  34843 us, total:  50881 us, speed:   287 KB/s, CRC32: 0xC61C2AA0
File test_188.bin: opened:  2522 us, closed:   914 us, I/O:  29094 us, total:  45009 us, speed:   343 KB/s, CRC32: 0xC61C2AA0
File test_189.bin: opened:  2532 us, closed:   899 us, I/O:  35228 us, total:  51204 us, speed:   283 KB/s, CRC32: 0xC61C2AA0
File test_190.bin: opened:  2564 us, closed:   915 us, I/O:  29509 us, total:  45485 us, speed:   338 KB/s, CRC32: 0xC61C2AA0
File test_191.bin: opened:  2554 us, closed:   898 us, I/O:  37608 us, total:  53574 us, speed:   265 KB/s, CRC32: 0xC61C2AA0
File test_192.bin: opened:  2590 us, closed:   898 us, I/O:  32411 us, total:  48454 us, speed:   308 KB/s, CRC32: 0xC61C2AA0
File test_193.bin: opened:  2608 us, closed:   909 us, I/O:  37076 us, total:  53869 us, speed:   269 KB/s, CRC32: 0xC61C2AA0
File test_194.bin: opened:  2602 us, closed:   911 us, I/O:  29541 us, total:  45749 us, speed:   338 KB/s, CRC32: 0xC61C2AA0
File test_195.bin: opened:  2632 us, closed:   913 us, I/O:  37966 us, total:  54144 us, speed:   263 KB/s, CRC32: 0xC61C2AA0
File test_196.bin: opened:  2654 us, closed:   901 us, I/O:  29010 us, total:  45272 us, speed:   344 KB/s, CRC32: 0xC61C2AA0
File test_197.bin: opened:  2637 us, closed:   905 us, I/O:  35096 us, total:  51355 us, speed:   284 KB/s, CRC32: 0xC61C2AA0
File test_198.bin: opened:  2654 us, closed:   907 us, I/O:  29410 us, total:  45731 us, speed:   340 KB/s, CRC32: 0xC61C2AA0
File test_199.bin: opened:  2666 us, closed:   902 us, I/O:  35494 us, total:  51854 us, speed:   281 KB/s, CRC32: 0xC61C2AA0
File test_200.bin: opened:  2665 us, closed:   898 us, I/O:  28811 us, total:  45212 us, speed:   347 KB/s, CRC32: 0xC61C2AA0
File test_201.bin: opened:  2660 us, closed:   905 us, I/O:  36837 us, total:  53828 us, speed:   271 KB/s, CRC32: 0xC61C2AA0
File test_202.bin: opened:  2694 us, closed:   914 us, I/O:  29287 us, total:  45639 us, speed:   341 KB/s, CRC32: 0xC61C2AA0
File test_203.bin: opened:  2688 us, closed:   911 us, I/O:  35482 us, total:  51915 us, speed:   281 KB/s, CRC32: 0xC61C2AA0
File test_204.bin: opened:  2742 us, closed:   908 us, I/O:  31690 us, total:  48166 us, speed:   315 KB/s, CRC32: 0xC61C2AA0
File test_205.bin: opened:  2714 us, closed:   910 us, I/O:  38481 us, total:  55000 us, speed:   259 KB/s, CRC32: 0xC61C2AA0
File test_206.bin: opened:  2738 us, closed:   906 us, I/O:  29325 us, total:  45875 us, speed:   341 KB/s, CRC32: 0xC61C2AA0
File test_207.bin: opened:  2741 us, closed:   904 us, I/O:  35395 us, total:  51975 us, speed:   282 KB/s, CRC32: 0xC61C2AA0
File test_208.bin: opened:  2759 us, closed:   920 us, I/O:  32199 us, total:  48831 us, speed:   310 KB/s, CRC32: 0xC61C2AA0
File test_209.bin: opened:  2804 us, closed:   933 us, I/O:  36840 us, total:  54255 us, speed:   271 KB/s, CRC32: 0xC61C2AA0
File test_210.bin: opened:  2807 us, closed:   913 us, I/O:  29165 us, total:  45912 us, speed:   342 KB/s, CRC32: 0xC61C2AA0
File test_211.bin: opened:  2809 us, closed:   915 us, I/O:  35361 us, total:  52120 us, speed:   282 KB/s, CRC32: 0xC61C2AA0
File test_212.bin: opened:  2837 us, closed:   911 us, I/O:  29601 us, total:  46399 us, speed:   337 KB/s, CRC32: 0xC61C2AA0
File test_213.bin: opened:  2834 us, closed:   913 us, I/O:  34861 us, total:  51840 us, speed:   286 KB/s, CRC32: 0xC61C2AA0
File test_214.bin: opened:  2866 us, closed:   922 us, I/O:  29103 us, total:  45975 us, speed:   343 KB/s, CRC32: 0xC61C2AA0
File test_215.bin: opened:  2869 us, closed:   906 us, I/O:  35275 us, total:  52098 us, speed:   283 KB/s, CRC32: 0xC61C2AA0
File test_216.bin: opened:  2891 us, closed:   918 us, I/O:  29479 us, total:  46435 us, speed:   339 KB/s, CRC32: 0xC61C2AA0
File test_217.bin: opened:  2894 us, closed:   910 us, I/O:  39854 us, total:  57503 us, speed:   250 KB/s, CRC32: 0xC61C2AA0
File test_218.bin: opened:  2911 us, closed:   904 us, I/O:  32619 us, total:  49692 us, speed:   306 KB/s, CRC32: 0xC61C2AA0
File test_219.bin: opened:  2905 us, closed:   910 us, I/O:  35242 us, total:  52255 us, speed:   283 KB/s, CRC32: 0xC61C2AA0
File test_220.bin: opened:  2942 us, closed:   905 us, I/O:  29460 us, total:  46520 us, speed:   339 KB/s, CRC32: 0xC61C2AA0
File test_221.bin: opened:  2926 us, closed:   903 us, I/O:  38221 us, total:  55379 us, speed:   261 KB/s, CRC32: 0xC61C2AA0
File test_222.bin: opened:  2949 us, closed:   901 us, I/O:  29016 us, total:  46196 us, speed:   344 KB/s, CRC32: 0xC61C2AA0
File test_223.bin: opened:  2970 us, closed:   905 us, I/O:  35185 us, total:  52367 us, speed:   284 KB/s, CRC32: 0xC61C2AA0
File test_224.bin: opened:  2976 us, closed:   914 us, I/O:  29372 us, total:  46624 us, speed:   340 KB/s, CRC32: 0xC61C2AA0
File test_225.bin: opened:  3005 us, closed:   907 us, I/O:  37728 us, total:  55696 us, speed:   265 KB/s, CRC32: 0xC61C2AA0
File test_226.bin: opened:  3037 us, closed:   906 us, I/O:  28916 us, total:  46395 us, speed:   345 KB/s, CRC32: 0xC61C2AA0
File test_227.bin: opened:  3014 us, closed:   938 us, I/O:  29132 us, total:  52487 us, speed:   343 KB/s, CRC32: 0xC61C2AA0
File test_228.bin: opened:  3065 us, closed:   905 us, I/O:  29262 us, total:  46662 us, speed:   341 KB/s, CRC32: 0xC61C2AA0
File test_229.bin: opened:  3041 us, closed:   912 us, I/O:  29581 us, total:  52968 us, speed:   338 KB/s, CRC32: 0xC61C2AA0
File test_230.bin: opened:  3074 us, closed:   904 us, I/O:  32063 us, total:  49491 us, speed:   311 KB/s, CRC32: 0xC61C2AA0
File test_231.bin: opened:  9052 us, closed:   905 us, I/O:  32805 us, total:  56283 us, speed:   304 KB/s, CRC32: 0xC61C2AA0
File test_232.bin: opened:  3103 us, closed:   918 us, I/O:  29214 us, total:  46848 us, speed:   342 KB/s, CRC32: 0xC61C2AA0
File test_233.bin: opened:  3099 us, closed:   928 us, I/O:  31569 us, total:  55830 us, speed:   316 KB/s, CRC32: 0xC61C2AA0
File test_234.bin: opened:  3127 us, closed:  6867 us, I/O:  32407 us, total:  55996 us, speed:   308 KB/s, CRC32: 0xC61C2AA0
File test_235.bin: opened:  3138 us, closed:   903 us, I/O:  28920 us, total:  46564 us, speed:   345 KB/s, CRC32: 0xC61C2AA0
File test_236.bin: opened:  3141 us, closed:   911 us, I/O:  35093 us, total:  52843 us, speed:   284 KB/s, CRC32: 0xC61C2AA0
File test_237.bin: opened:  3151 us, closed:   898 us, I/O:  29341 us, total:  47033 us, speed:   340 KB/s, CRC32: 0xC61C2AA0
File test_238.bin: opened:  3170 us, closed:   897 us, I/O:  35552 us, total:  53298 us, speed:   281 KB/s, CRC32: 0xC61C2AA0
File test_239.bin: opened:  3181 us, closed:   896 us, I/O:  28899 us, total:  46775 us, speed:   346 KB/s, CRC32: 0xC61C2AA0
File test_240.bin: opened:  3185 us, closed:   898 us, I/O:  35048 us, total:  52900 us, speed:   285 KB/s, CRC32: 0xC61C2AA0
File test_241.bin: opened:  3205 us, closed:   919 us, I/O:  31551 us, total:  50109 us, speed:   316 KB/s, CRC32: 0xC61C2AA0
File test_242.bin: opened:  3249 us, closed:   917 us, I/O:  35465 us, total:  53461 us, speed:   281 KB/s, CRC32: 0xC61C2AA0
File test_243.bin: opened:  3235 us, closed:   906 us, I/O:  32217 us, total:  50236 us, speed:   310 KB/s, CRC32: 0xC61C2AA0
File test_244.bin: opened:  3245 us, closed:   907 us, I/O:  38826 us, total:  56827 us, speed:   257 KB/s, CRC32: 0xC61C2AA0
File test_245.bin: opened:  3269 us, closed:   909 us, I/O:  29176 us, total:  47293 us, speed:   342 KB/s, CRC32: 0xC61C2AA0
File test_246.bin: opened:  3307 us, closed:   903 us, I/O:  35379 us, total:  53521 us, speed:   282 KB/s, CRC32: 0xC61C2AA0
File test_247.bin: opened:  3314 us, closed:   899 us, I/O:  32503 us, total:  50672 us, speed:   307 KB/s, CRC32: 0xC61C2AA0
File test_248.bin: opened:  3298 us, closed:   903 us, I/O:  34877 us, total:  53072 us, speed:   286 KB/s, CRC32: 0xC61C2AA0
File test_249.bin: opened:  3321 us, closed:   914 us, I/O:  31505 us, total:  50464 us, speed:   317 KB/s, CRC32: 0xC61C2AA0
File test_250.bin: opened:  3363 us, closed:   927 us, I/O:  35267 us, total:  53583 us, speed:   283 KB/s, CRC32: 0xC61C2AA0
File test_251.bin: opened:  3362 us, closed:   936 us, I/O:  29549 us, total:  47886 us, speed:   338 KB/s, CRC32: 0xC61C2AA0
File test_252.bin: opened:  3366 us, closed:   902 us, I/O:  28815 us, total:  53240 us, speed:   347 KB/s, CRC32: 0xC61C2AA0
File test_253.bin: opened:  3385 us, closed:   901 us, I/O:  29065 us, total:  47403 us, speed:   344 KB/s, CRC32: 0xC61C2AA0
File test_254.bin: opened:  3380 us, closed:   906 us, I/O:  29219 us, total:  53565 us, speed:   342 KB/s, CRC32: 0xC61C2AA0
File test_255.bin: opened:  3411 us, closed:   928 us, I/O:  29458 us, total:  47933 us, speed:   339 KB/s, CRC32: 0xC61C2AA0
File test_256.bin: opened:  9383 us, closed:   895 us, I/O:  36099 us, total:  60491 us, speed:   277 KB/s, CRC32: 0xC61C2AA0
File test_257.bin: opened:  3442 us, closed:   902 us, I/O:  31415 us, total:  50657 us, speed:   318 KB/s, CRC32: 0xC61C2AA0
File test_258.bin: opened:  3452 us, closed:   906 us, I/O:  29298 us, total:  47931 us, speed:   341 KB/s, CRC32: 0xC61C2AA0
File test_259.bin: opened:  3457 us, closed:   910 us, I/O:  35394 us, total:  54025 us, speed:   282 KB/s, CRC32: 0xC61C2AA0
File test_260.bin: opened:  3460 us, closed:   913 us, I/O:  32534 us, total:  51125 us, speed:   307 KB/s, CRC32: 0xC61C2AA0
File test_261.bin: opened:  3509 us, closed:   900 us, I/O:  34934 us, total:  53628 us, speed:   286 KB/s, CRC32: 0xC61C2AA0
File test_262.bin: opened:  3506 us, closed:   915 us, I/O:  29211 us, total:  47967 us, speed:   342 KB/s, CRC32: 0xC61C2AA0
File test_263.bin: opened:  3498 us, closed:   906 us, I/O:  35378 us, total:  54093 us, speed:   282 KB/s, CRC32: 0xC61C2AA0
File test_264.bin: opened:  3520 us, closed:   904 us, I/O:  29528 us, total:  48303 us, speed:   338 KB/s, CRC32: 0xC61C2AA0
File test_265.bin: opened:  3530 us, closed:   915 us, I/O:  37228 us, total:  56909 us, speed:   268 KB/s, CRC32: 0xC61C2AA0
File test_266.bin: opened:  3570 us, closed:   900 us, I/O:  29112 us, total:  48065 us, speed:   343 KB/s, CRC32: 0xC61C2AA0
File test_267.bin: opened:  3565 us, closed:   905 us, I/O:  35267 us, total:  54197 us, speed:   283 KB/s, CRC32: 0xC61C2AA0
File test_268.bin: opened:  3593 us, closed:   902 us, I/O:  29432 us, total:  48399 us, speed:   339 KB/s, CRC32: 0xC61C2AA0
File test_269.bin: opened:  3584 us, closed:   901 us, I/O:  42397 us, total:  61366 us, speed:   235 KB/s, CRC32: 0xC61C2AA0
File test_270.bin: opened:  3627 us, closed:   908 us, I/O:  28994 us, total:  48039 us, speed:   344 KB/s, CRC32: 0xC61C2AA0
File test_271.bin: opened:  9592 us, closed:   906 us, I/O:  29224 us, total:  54235 us, speed:   342 KB/s, CRC32: 0xC61C2AA0
File test_272.bin: opened:  3624 us, closed:   893 us, I/O:  29398 us, total:  48498 us, speed:   340 KB/s, CRC32: 0xC61C2AA0
File test_273.bin: opened:  3668 us, closed:   907 us, I/O:  35362 us, total:  61156 us, speed:   282 KB/s, CRC32: 0xC61C2AA0
File test_274.bin: opened:  3677 us, closed:   902 us, I/O:  34903 us, total:  54166 us, speed:   286 KB/s, CRC32: 0xC61C2AA0
File test_275.bin: opened:  3692 us, closed:   906 us, I/O:  29187 us, total:  48425 us, speed:   342 KB/s, CRC32: 0xC61C2AA0
File test_276.bin: opened:  3682 us, closed:   898 us, I/O:  35254 us, total:  54567 us, speed:   283 KB/s, CRC32: 0xC61C2AA0
File test_277.bin: opened:  3700 us, closed:   897 us, I/O:  29569 us, total:  48846 us, speed:   338 KB/s, CRC32: 0xC61C2AA0
File test_278.bin: opened:  3728 us, closed:   897 us, I/O:  34868 us, total:  54345 us, speed:   286 KB/s, CRC32: 0xC61C2AA0
File test_279.bin: opened:  3763 us, closed:   893 us, I/O:  29052 us, total:  48380 us, speed:   344 KB/s, CRC32: 0xC61C2AA0
File test_280.bin: opened:  3728 us, closed:   903 us, I/O:  35249 us, total:  54603 us, speed:   283 KB/s, CRC32: 0xC61C2AA0
File test_281.bin: opened:  3760 us, closed:   916 us, I/O:  32006 us, total:  52235 us, speed:   312 KB/s, CRC32: 0xC61C2AA0
File test_282.bin: opened:  3764 us, closed:   920 us, I/O:  42645 us, total:  62077 us, speed:   234 KB/s, CRC32: 0xC61C2AA0
File test_283.bin: opened:  3816 us, closed:   917 us, I/O:  29092 us, total:  48674 us, speed:   343 KB/s, CRC32: 0xC61C2AA0
File test_284.bin: opened:  3797 us, closed:   907 us, I/O:  29227 us, total:  54729 us, speed:   342 KB/s, CRC32: 0xC61C2AA0
File test_285.bin: opened:  3822 us, closed:   907 us, I/O:  29514 us, total:  49159 us, speed:   338 KB/s, CRC32: 0xC61C2AA0
File test_286.bin: opened:  3826 us, closed:   910 us, I/O:  32844 us, total:  58467 us, speed:   304 KB/s, CRC32: 0xC61C2AA0
File test_287.bin: opened:  3871 us, closed:   903 us, I/O:  28984 us, total:  48662 us, speed:   345 KB/s, CRC32: 0xC61C2AA0
File test_288.bin: opened:  3863 us, closed:   916 us, I/O:  29100 us, total:  54794 us, speed:   343 KB/s, CRC32: 0xC61C2AA0
File test_289.bin: opened:  3885 us, closed:   914 us, I/O:  38061 us, total:  58556 us, speed:   262 KB/s, CRC32: 0xC61C2AA0
File test_290.bin: opened:  3892 us, closed:   911 us, I/O:  29622 us, total:  49436 us, speed:   337 KB/s, CRC32: 0xC61C2AA0
File test_291.bin: opened:  3903 us, closed:   908 us, I/O:  34799 us, total:  54819 us, speed:   287 KB/s, CRC32: 0xC61C2AA0
File test_292.bin: opened:  3924 us, closed:   908 us, I/O:  29084 us, total:  49017 us, speed:   343 KB/s, CRC32: 0xC61C2AA0
File test_293.bin: opened:  3932 us, closed:   901 us, I/O:  35193 us, total:  55079 us, speed:   284 KB/s, CRC32: 0xC61C2AA0
File test_294.bin: opened:  3936 us, closed:   904 us, I/O:  29433 us, total:  49369 us, speed:   339 KB/s, CRC32: 0xC61C2AA0
File test_295.bin: opened:  3966 us, closed:   905 us, I/O:  42915 us, total:  62894 us, speed:   233 KB/s, CRC32: 0xC61C2AA0
File test_296.bin: opened:  3975 us, closed:   901 us, I/O:  29033 us, total:  49097 us, speed:   344 KB/s, CRC32: 0xC61C2AA0
File test_297.bin: opened:  9953 us, closed:   911 us, I/O:  31995 us, total:  58701 us, speed:   312 KB/s, CRC32: 0xC61C2AA0
File test_298.bin: opened:  4005 us, closed:   935 us, I/O:  29385 us, total:  49649 us, speed:   340 KB/s, CRC32: 0xC61C2AA0
File test_299.bin: opened:  4018 us, closed:   906 us, I/O:  33028 us, total:  59177 us, speed:   302 KB/s, CRC32: 0xC61C2AA0
File test_300.bin: opened:  3971 us, closed:   897 us, I/O:  34926 us, total:  55058 us, speed:   286 KB/s, CRC32: 0xC61C2AA0
File test_301.bin: opened:  3993 us, closed:   910 us, I/O:  29079 us, total:  49206 us, speed:   343 KB/s, CRC32: 0xC61C2AA0
File test_302.bin: opened:  4004 us, closed:   906 us, I/O:  35310 us, total:  55496 us, speed:   283 KB/s, CRC32: 0xC61C2AA0
File test_303.bin: opened:  4021 us, closed:   906 us, I/O:  29568 us, total:  49820 us, speed:   338 KB/s, CRC32: 0xC61C2AA0
File test_304.bin: opened:  4062 us, closed:   906 us, I/O:  34801 us, total:  55291 us, speed:   287 KB/s, CRC32: 0xC61C2AA0
File test_305.bin: opened:  4088 us, closed:   903 us, I/O:  31802 us, total:  52808 us, speed:   314 KB/s, CRC32: 0xC61C2AA0
File test_306.bin: opened:  4080 us, closed:   910 us, I/O:  35201 us, total:  55574 us, speed:   284 KB/s, CRC32: 0xC61C2AA0
File test_307.bin: opened:  4098 us, closed:   907 us, I/O:  29499 us, total:  49980 us, speed:   338 KB/s, CRC32: 0xC61C2AA0
File test_308.bin: opened:  4088 us, closed:   904 us, I/O:  37082 us, total:  63464 us, speed:   269 KB/s, CRC32: 0xC61C2AA0
File test_309.bin: opened:  4139 us, closed:   898 us, I/O:  28984 us, total:  49529 us, speed:   345 KB/s, CRC32: 0xC61C2AA0
File test_310.bin: opened:  4127 us, closed:   900 us, I/O:  29263 us, total:  55686 us, speed:   341 KB/s, CRC32: 0xC61C2AA0
File test_311.bin: opened:  4145 us, closed:   905 us, I/O:  35427 us, total:  55976 us, speed:   282 KB/s, CRC32: 0xC61C2AA0
File test_312.bin: opened:  4144 us, closed:   899 us, I/O:  33099 us, total:  53675 us, speed:   302 KB/s, CRC32: 0xC61C2AA0
File test_313.bin: opened:  4151 us, closed:   906 us, I/O:  37868 us, total:  59174 us, speed:   264 KB/s, CRC32: 0xC61C2AA0
File test_314.bin: opened:  4210 us, closed:   912 us, I/O:  29279 us, total:  50007 us, speed:   341 KB/s, CRC32: 0xC61C2AA0
File test_315.bin: opened:  4177 us, closed:   901 us, I/O:  35261 us, total:  56017 us, speed:   283 KB/s, CRC32: 0xC61C2AA0
File test_316.bin: opened:  4196 us, closed:   901 us, I/O:  29559 us, total:  50355 us, speed:   338 KB/s, CRC32: 0xC61C2AA0
File test_317.bin: opened:  4210 us, closed:   906 us, I/O:  28819 us, total:  55684 us, speed:   346 KB/s, CRC32: 0xC61C2AA0
File test_318.bin: opened:  4239 us, closed:   900 us, I/O:  29039 us, total:  49819 us, speed:   344 KB/s, CRC32: 0xC61C2AA0
File test_319.bin: opened:  4246 us, closed:   905 us, I/O:  29198 us, total:  55949 us, speed:   342 KB/s, CRC32: 0xC61C2AA0
File test_320.bin: opened:  4290 us, closed:   901 us, I/O:  39927 us, total:  60886 us, speed:   250 KB/s, CRC32: 0xC61C2AA0
File test_321.bin: opened:  4267 us, closed:   912 us, I/O:  35854 us, total:  57551 us, speed:   278 KB/s, CRC32: 0xC61C2AA0
File test_322.bin: opened:  4298 us, closed:   900 us, I/O:  34991 us, total:  55952 us, speed:   285 KB/s, CRC32: 0xC61C2AA0
File test_323.bin: opened:  4318 us, closed:   903 us, I/O:  29297 us, total:  50353 us, speed:   341 KB/s, CRC32: 0xC61C2AA0
File test_324.bin: opened:  4299 us, closed:   904 us, I/O:  35301 us, total:  56369 us, speed:   283 KB/s, CRC32: 0xC61C2AA0
File test_325.bin: opened:  4345 us, closed:   898 us, I/O:  33132 us, total:  54302 us, speed:   301 KB/s, CRC32: 0xC61C2AA0
File test_326.bin: opened: 10309 us, closed:   906 us, I/O:  28891 us, total:  56003 us, speed:   346 KB/s, CRC32: 0xC61C2AA0
File test_327.bin: opened:  4370 us, closed:   906 us, I/O:  29213 us, total:  50369 us, speed:   342 KB/s, CRC32: 0xC61C2AA0
File test_328.bin: opened:  4385 us, closed:   913 us, I/O:  29278 us, total:  56417 us, speed:   341 KB/s, CRC32: 0xC61C2AA0
File test_329.bin: opened:  4420 us, closed:   906 us, I/O:  38583 us, total:  60547 us, speed:   259 KB/s, CRC32: 0xC61C2AA0
File test_330.bin: opened:  4387 us, closed:   905 us, I/O:  28859 us, total:  50292 us, speed:   346 KB/s, CRC32: 0xC61C2AA0
File test_331.bin: opened:  4420 us, closed:   900 us, I/O:  34981 us, total:  56310 us, speed:   285 KB/s, CRC32: 0xC61C2AA0
File test_332.bin: opened:  4446 us, closed:   903 us, I/O:  29253 us, total:  50667 us, speed:   341 KB/s, CRC32: 0xC61C2AA0
File test_333.bin: opened:  4463 us, closed:   895 us, I/O:  40077 us, total:  61489 us, speed:   249 KB/s, CRC32: 0xC61C2AA0
File test_334.bin: opened:  4445 us, closed:   899 us, I/O:  32877 us, total:  54340 us, speed:   304 KB/s, CRC32: 0xC61C2AA0
File test_335.bin: opened: 10432 us, closed:   898 us, I/O:  29011 us, total:  56407 us, speed:   344 KB/s, CRC32: 0xC61C2AA0
File test_336.bin: opened:  4474 us, closed:   914 us, I/O:  29176 us, total:  50768 us, speed:   342 KB/s, CRC32: 0xC61C2AA0
File test_337.bin: opened:  4520 us, closed:   904 us, I/O:  32548 us, total:  60758 us, speed:   307 KB/s, CRC32: 0xC61C2AA0
File test_338.bin: opened:  4532 us, closed:   904 us, I/O:  39144 us, total:  60816 us, speed:   255 KB/s, CRC32: 0xC61C2AA0
File test_339.bin: opened:  4515 us, closed:   897 us, I/O:  28916 us, total:  50571 us, speed:   345 KB/s, CRC32: 0xC61C2AA0
File test_340.bin: opened:  4562 us, closed:   912 us, I/O:  34956 us, total:  56656 us, speed:   286 KB/s, CRC32: 0xC61C2AA0
File test_341.bin: opened:  4552 us, closed:   906 us, I/O:  29309 us, total:  51000 us, speed:   341 KB/s, CRC32: 0xC61C2AA0
File test_342.bin: opened:  4578 us, closed:   901 us, I/O:  35444 us, total:  57235 us, speed:   282 KB/s, CRC32: 0xC61C2AA0
File test_343.bin: opened:  4597 us, closed:   901 us, I/O:  28771 us, total:  50728 us, speed:   347 KB/s, CRC32: 0xC61C2AA0
File test_344.bin: opened: 10561 us, closed:   900 us, I/O:  28962 us, total:  56753 us, speed:   345 KB/s, CRC32: 0xC61C2AA0
File test_345.bin: opened:  4611 us, closed:   912 us, I/O:  32458 us, total:  55122 us, speed:   308 KB/s, CRC32: 0xC61C2AA0
File test_346.bin: opened:  4631 us, closed:   907 us, I/O:  34251 us, total:  56211 us, speed:   291 KB/s, CRC32: 0xC61C2AA0
File test_347.bin: opened:  4637 us, closed:   905 us, I/O:  38972 us, total:  60960 us, speed:   256 KB/s, CRC32: 0xC61C2AA0
File test_348.bin: opened:  4654 us, closed:   902 us, I/O:  30246 us, total:  55178 us, speed:   330 KB/s, CRC32: 0xC61C2AA0
File test_349.bin: opened:  4686 us, closed:   903 us, I/O:  29096 us, total:  57110 us, speed:   343 KB/s, CRC32: 0xC61C2AA0
File test_350.bin: opened:  4692 us, closed:   897 us, I/O:  29378 us, total:  51367 us, speed:   340 KB/s, CRC32: 0xC61C2AA0
File test_351.bin: opened:  4676 us, closed:   902 us, I/O:  33457 us, total:  61527 us, speed:   298 KB/s, CRC32: 0xC61C2AA0
File test_352.bin: opened:  4700 us, closed:   898 us, I/O:  36136 us, total:  61234 us, speed:   276 KB/s, CRC32: 0xC61C2AA0
File test_353.bin: opened:  4739 us, closed:   916 us, I/O:  32374 us, total:  55212 us, speed:   308 KB/s, CRC32: 0xC61C2AA0
File test_354.bin: opened:  4748 us, closed:   903 us, I/O:  35246 us, total:  57480 us, speed:   283 KB/s, CRC32: 0xC61C2AA0
File test_355.bin: opened:  4732 us, closed:   898 us, I/O:  29471 us, total:  51742 us, speed:   339 KB/s, CRC32: 0xC61C2AA0
File test_356.bin: opened: 10725 us, closed:   898 us, I/O:  28809 us, total:  61507 us, speed:   347 KB/s, CRC32: 0xC61C2AA0
File test_357.bin: opened:  4777 us, closed:   905 us, I/O:  28936 us, total:  51340 us, speed:   345 KB/s, CRC32: 0xC61C2AA0
File test_358.bin: opened:  4811 us, closed:   898 us, I/O:  29136 us, total:  57450 us, speed:   343 KB/s, CRC32: 0xC61C2AA0
File test_359.bin: opened:  4803 us, closed:   895 us, I/O:  40265 us, total:  62698 us, speed:   248 KB/s, CRC32: 0xC61C2AA0
File test_360.bin: opened:  4825 us, closed:   901 us, I/O:  33138 us, total:  59819 us, speed:   301 KB/s, CRC32: 0xC61C2AA0
File test_361.bin: opened:  4842 us, closed:   907 us, I/O:  38263 us, total:  61450 us, speed:   261 KB/s, CRC32: 0xC61C2AA0
File test_362.bin: opened:  4842 us, closed:   904 us, I/O:  29145 us, total:  51712 us, speed:   343 KB/s, CRC32: 0xC61C2AA0
File test_363.bin: opened:  4864 us, closed:   901 us, I/O:  29396 us, total:  57963 us, speed:   340 KB/s, CRC32: 0xC61C2AA0
File test_364.bin: opened:  4898 us, closed:   905 us, I/O:  39463 us, total:  62112 us, speed:   253 KB/s, CRC32: 0xC61C2AA0
File test_365.bin: opened:  4889 us, closed:   913 us, I/O:  28808 us, total:  51488 us, speed:   347 KB/s, CRC32: 0xC61C2AA0
File test_366.bin: opened:  4878 us, closed:   903 us, I/O:  34907 us, total:  57585 us, speed:   286 KB/s, CRC32: 0xC61C2AA0
File test_367.bin: opened:  4917 us, closed:   893 us, I/O:  29251 us, total:  51985 us, speed:   341 KB/s, CRC32: 0xC61C2AA0
File test_368.bin: opened:  4906 us, closed:   898 us, I/O:  35389 us, total:  58161 us, speed:   282 KB/s, CRC32: 0xC61C2AA0
File test_369.bin: opened:  4941 us, closed:   906 us, I/O:  32214 us, total:  55907 us, speed:   310 KB/s, CRC32: 0xC61C2AA0
File test_370.bin: opened:  4938 us, closed:   903 us, I/O:  28991 us, total:  57807 us, speed:   344 KB/s, CRC32: 0xC61C2AA0
File test_371.bin: opened:  4989 us, closed:  6889 us, I/O:  29157 us, total:  58092 us, speed:   342 KB/s, CRC32: 0xC61C2AA0
File test_372.bin: opened:  4960 us, closed:   903 us, I/O:  34364 us, total:  57351 us, speed:   291 KB/s, CRC32: 0xC61C2AA0
File test_373.bin: opened:  4969 us, closed:   908 us, I/O:  39141 us, total:  62170 us, speed:   255 KB/s, CRC32: 0xC61C2AA0
File test_374.bin: opened:  4992 us, closed:   904 us, I/O:  28880 us, total:  51894 us, speed:   346 KB/s, CRC32: 0xC61C2AA0
File test_375.bin: opened:  5020 us, closed:   912 us, I/O:  29162 us, total:  58177 us, speed:   342 KB/s, CRC32: 0xC61C2AA0
File test_376.bin: opened:  5031 us, closed:   917 us, I/O:  29263 us, total:  52419 us, speed:   341 KB/s, CRC32: 0xC61C2AA0
File test_377.bin: opened:  5056 us, closed:   905 us, I/O:  37122 us, total:  66896 us, speed:   269 KB/s, CRC32: 0xC61C2AA0
File test_378.bin: opened:  5041 us, closed:   904 us, I/O:  34828 us, total:  58048 us, speed:   287 KB/s, CRC32: 0xC61C2AA0
File test_379.bin: opened:  5083 us, closed:   909 us, I/O:  29093 us, total:  52339 us, speed:   343 KB/s, CRC32: 0xC61C2AA0
File test_380.bin: opened:  5067 us, closed:   905 us, I/O:  35142 us, total:  58406 us, speed:   284 KB/s, CRC32: 0xC61C2AA0
File test_381.bin: opened:  5106 us, closed:   905 us, I/O:  29400 us, total:  52748 us, speed:   340 KB/s, CRC32: 0xC61C2AA0
File test_382.bin: opened: 11079 us, closed:   906 us, I/O:  28646 us, total:  58063 us, speed:   349 KB/s, CRC32: 0xC61C2AA0
File test_383.bin: opened:  5116 us, closed:   898 us, I/O:  28947 us, total:  52436 us, speed:   345 KB/s, CRC32: 0xC61C2AA0
File test_384.bin: opened:  5167 us, closed:   899 us, I/O:  34157 us, total:  63511 us, speed:   292 KB/s, CRC32: 0xC61C2AA0
File test_385.bin: opened:  5165 us, closed:   920 us, I/O:  38964 us, total:  63145 us, speed:   256 KB/s, CRC32: 0xC61C2AA0
File test_386.bin: opened:  5197 us, closed:   907 us, I/O:  33405 us, total:  56953 us, speed:   299 KB/s, CRC32: 0xC61C2AA0
File test_387.bin: opened:  5201 us, closed:   901 us, I/O:  28964 us, total:  58471 us, speed:   345 KB/s, CRC32: 0xC61C2AA0
File test_388.bin: opened:  5199 us, closed:   899 us, I/O:  29139 us, total:  52771 us, speed:   343 KB/s, CRC32: 0xC61C2AA0
File test_389.bin: opened:  5242 us, closed:   899 us, I/O:  29303 us, total:  58887 us, speed:   341 KB/s, CRC32: 0xC61C2AA0
File test_390.bin: opened:  5207 us, closed:   907 us, I/O:  39673 us, total:  63337 us, speed:   252 KB/s, CRC32: 0xC61C2AA0
File test_391.bin: opened:  5224 us, closed:   898 us, I/O:  28769 us, total:  52494 us, speed:   347 KB/s, CRC32: 0xC61C2AA0
File test_392.bin: opened:  5249 us, closed:   913 us, I/O:  34888 us, total:  58620 us, speed:   286 KB/s, CRC32: 0xC61C2AA0
File test_393.bin: opened:  5274 us, closed:   910 us, I/O:  32951 us, total:  57357 us, speed:   303 KB/s, CRC32: 0xC61C2AA0
File test_394.bin: opened: 11250 us, closed:   926 us, I/O:  29415 us, total:  59239 us, speed:   339 KB/s, CRC32: 0xC61C2AA0
File test_395.bin: opened:  5313 us, closed:   905 us, I/O:  28754 us, total:  52819 us, speed:   347 KB/s, CRC32: 0xC61C2AA0
File test_396.bin: opened:  5317 us, closed:   899 us, I/O:  28898 us, total:  58766 us, speed:   346 KB/s, CRC32: 0xC61C2AA0
File test_397.bin: opened:  5303 us, closed:   907 us, I/O:  40347 us, total:  64271 us, speed:   247 KB/s, CRC32: 0xC61C2AA0
File test_398.bin: opened:  5338 us, closed:   905 us, I/O:  29430 us, total:  53365 us, speed:   339 KB/s, CRC32: 0xC61C2AA0
File test_399.bin: opened:  5349 us, closed:   892 us, I/O:  33365 us, total:  63288 us, speed:   299 KB/s, CRC32: 0xC61C2AA0
File test_400.bin: opened:  5313 us, closed:   912 us, I/O:  28759 us, total:  52733 us, speed:   347 KB/s, CRC32: 0xC61C2AA0
File test_401.bin: opened:  5343 us, closed:   905 us, I/O:  32947 us, total:  68192 us, speed:   303 KB/s, CRC32: 0xC61C2AA0
File test_402.bin: opened:  5333 us, closed:   905 us, I/O:  35272 us, total:  59331 us, speed:   283 KB/s, CRC32: 0xC61C2AA0
File test_403.bin: opened:  5394 us, closed:   907 us, I/O:  33807 us, total:  57912 us, speed:   295 KB/s, CRC32: 0xC61C2AA0
File test_404.bin: opened: 11369 us, closed:   917 us, I/O:  28830 us, total:  58946 us, speed:   346 KB/s, CRC32: 0xC61C2AA0
File test_405.bin: opened:  5445 us, closed:   909 us, I/O:  29336 us, total:  58085 us, speed:   340 KB/s, CRC32: 0xC61C2AA0
File test_406.bin: opened:  5402 us, closed:   910 us, I/O:  29156 us, total:  59352 us, speed:   342 KB/s, CRC32: 0xC61C2AA0
File test_407.bin: opened:  5405 us, closed:   905 us, I/O:  35429 us, total:  59754 us, speed:   282 KB/s, CRC32: 0xC61C2AA0
File test_408.bin: opened:  5459 us, closed:   908 us, I/O:  28695 us, total:  53168 us, speed:   348 KB/s, CRC32: 0xC61C2AA0
File test_409.bin: opened:  5454 us, closed:   916 us, I/O:  32817 us, total:  68447 us, speed:   304 KB/s, CRC32: 0xC61C2AA0
File test_410.bin: opened:  5491 us, closed:   912 us, I/O:  41565 us, total:  69612 us, speed:   240 KB/s, CRC32: 0xC61C2AA0
File test_411.bin: opened:  5491 us, closed:   910 us, I/O:  29695 us, total:  58901 us, speed:   336 KB/s, CRC32: 0xC61C2AA0
File test_412.bin: opened:  5484 us, closed:   914 us, I/O:  33881 us, total:  69074 us, speed:   295 KB/s, CRC32: 0xC61C2AA0
File test_413.bin: opened:  5510 us, closed:  6845 us, I/O:  29164 us, total:  64488 us, speed:   342 KB/s, CRC32: 0xC61C2AA0
File test_414.bin: opened:  5522 us, closed:   905 us, I/O:  29483 us, total:  59147 us, speed:   339 KB/s, CRC32: 0xC61C2AA0
File test_415.bin: opened:  5539 us, closed:   929 us, I/O:  35664 us, total:  64977 us, speed:   280 KB/s, CRC32: 0xC61C2AA0
File test_416.bin: opened:  5564 us, closed:   911 us, I/O:  34306 us, total:  63696 us, speed:   291 KB/s, CRC32: 0xC61C2AA0
File test_417.bin: opened:  5562 us, closed:   902 us, I/O:  32887 us, total:  69138 us, speed:   304 KB/s, CRC32: 0xC61C2AA0
File test_418.bin: opened:  5556 us, closed:   911 us, I/O:  35106 us, total:  65266 us, speed:   284 KB/s, CRC32: 0xC61C2AA0
File test_419.bin: opened:  5593 us, closed:   906 us, I/O:  29358 us, total:  59124 us, speed:   340 KB/s, CRC32: 0xC61C2AA0
File test_420.bin: opened:  5594 us, closed:   905 us, I/O:  29582 us, total:  65332 us, speed:   338 KB/s, CRC32: 0xC61C2AA0
File test_421.bin: opened:  5625 us, closed:   908 us, I/O:  34863 us, total:  64860 us, speed:   286 KB/s, CRC32: 0xC61C2AA0
File test_422.bin: opened:  5641 us, closed:   899 us, I/O:  29063 us, total:  59462 us, speed:   344 KB/s, CRC32: 0xC61C2AA0
File test_423.bin: opened:  5632 us, closed:   905 us, I/O:  30894 us, total:  66790 us, speed:   323 KB/s, CRC32: 0xC61C2AA0
File test_424.bin: opened:  5650 us, closed:   928 us, I/O:  35505 us, total:  65984 us, speed:   281 KB/s, CRC32: 0xC61C2AA0
File test_425.bin: opened:  5679 us, closed:   913 us, I/O:  37822 us, total:  68451 us, speed:   264 KB/s, CRC32: 0xC61C2AA0
File test_426.bin: opened:  5710 us, closed:   907 us, I/O:  33633 us, total:  70179 us, speed:   297 KB/s, CRC32: 0xC61C2AA0
File test_427.bin: opened:  5700 us, closed:   917 us, I/O:  35253 us, total:  65418 us, speed:   283 KB/s, CRC32: 0xC61C2AA0
File test_428.bin: opened:  5721 us, closed:   906 us, I/O:  29404 us, total:  59603 us, speed:   340 KB/s, CRC32: 0xC61C2AA0
File test_429.bin: opened:  5739 us, closed:   903 us, I/O:  34126 us, total:  70301 us, speed:   293 KB/s, CRC32: 0xC61C2AA0
File test_430.bin: opened:  5737 us, closed:   909 us, I/O:  39426 us, total:  70162 us, speed:   253 KB/s, CRC32: 0xC61C2AA0
File test_431.bin: opened:  5753 us, closed:   901 us, I/O:  29131 us, total:  59394 us, speed:   343 KB/s, CRC32: 0xC61C2AA0
File test_432.bin: opened:  5753 us, closed:   899 us, I/O:  29312 us, total:  65588 us, speed:   341 KB/s, CRC32: 0xC61C2AA0
File test_433.bin: opened:  5796 us, closed:   909 us, I/O:  39505 us, total:  70513 us, speed:   253 KB/s, CRC32: 0xC61C2AA0
File test_434.bin: opened:  5780 us, closed:   924 us, I/O:  29008 us, total:  60018 us, speed:   344 KB/s, CRC32: 0xC61C2AA0
File test_435.bin: opened:  5801 us, closed:   904 us, I/O:  29368 us, total:  65418 us, speed:   340 KB/s, CRC32: 0xC61C2AA0
File test_436.bin: opened:  5839 us, closed:   944 us, I/O:  37099 us, total:  67356 us, speed:   269 KB/s, CRC32: 0xC61C2AA0
File test_437.bin: opened:  5863 us, closed:   903 us, I/O:  29515 us, total:  60545 us, speed:   338 KB/s, CRC32: 0xC61C2AA0
File test_438.bin: opened: 11814 us, closed:   897 us, I/O:  33948 us, total:  70952 us, speed:   294 KB/s, CRC32: 0xC61C2AA0
File test_439.bin: opened:  5883 us, closed:   898 us, I/O:  39582 us, total:  70259 us, speed:   252 KB/s, CRC32: 0xC61C2AA0
File test_440.bin: opened:  5865 us, closed:   898 us, I/O:  29192 us, total:  59887 us, speed:   342 KB/s, CRC32: 0xC61C2AA0
File test_441.bin: opened:  5881 us, closed:   909 us, I/O:  33567 us, total:  70853 us, speed:   297 KB/s, CRC32: 0xC61C2AA0
File test_442.bin: opened:  5889 us, closed:   934 us, I/O:  40207 us, total:  71597 us, speed:   248 KB/s, CRC32: 0xC61C2AA0
File test_443.bin: opened:  5945 us, closed:   904 us, I/O:  29325 us, total:  60302 us, speed:   341 KB/s, CRC32: 0xC61C2AA0
File test_444.bin: opened:  5953 us, closed:   915 us, I/O:  29455 us, total:  65983 us, speed:   339 KB/s, CRC32: 0xC61C2AA0
File test_445.bin: opened:  5939 us, closed:   913 us, I/O:  35578 us, total:  66260 us, speed:   281 KB/s, CRC32: 0xC61C2AA0
File test_446.bin: opened:  5966 us, closed:   911 us, I/O:  29598 us, total:  61140 us, speed:   337 KB/s, CRC32: 0xC61C2AA0
File test_447.bin: opened: 11942 us, closed:   900 us, I/O:  29184 us, total:  66391 us, speed:   342 KB/s, CRC32: 0xC61C2AA0
File test_448.bin: opened:  5984 us, closed:   909 us, I/O:  36904 us, total:  67664 us, speed:   270 KB/s, CRC32: 0xC61C2AA0
File test_449.bin: opened:  6028 us, closed:   911 us, I/O:  33515 us, total:  65794 us, speed:   298 KB/s, CRC32: 0xC61C2AA0
File test_450.bin: opened:  6003 us, closed:   911 us, I/O:  29730 us, total:  66614 us, speed:   336 KB/s, CRC32: 0xC61C2AA0
File test_451.bin: opened:  6041 us, closed:   914 us, I/O:  40043 us, total:  71829 us, speed:   249 KB/s, CRC32: 0xC61C2AA0
File test_452.bin: opened:  6031 us, closed:   913 us, I/O:  29322 us, total:  60384 us, speed:   341 KB/s, CRC32: 0xC61C2AA0
File test_453.bin: opened:  6051 us, closed:   917 us, I/O:  29549 us, total:  66466 us, speed:   338 KB/s, CRC32: 0xC61C2AA0
File test_454.bin: opened:  6081 us, closed:   905 us, I/O:  35668 us, total:  66722 us, speed:   280 KB/s, CRC32: 0xC61C2AA0
File test_455.bin: opened:  6088 us, closed:   898 us, I/O:  34469 us, total:  66343 us, speed:   290 KB/s, CRC32: 0xC61C2AA0
File test_456.bin: opened:  6109 us, closed:   899 us, I/O:  29258 us, total:  66382 us, speed:   341 KB/s, CRC32: 0xC61C2AA0
File test_457.bin: opened:  6109 us, closed:   908 us, I/O:  39372 us, total:  71598 us, speed:   253 KB/s, CRC32: 0xC61C2AA0
File test_458.bin: opened:  6130 us, closed:   915 us, I/O:  29759 us, total:  60975 us, speed:   336 KB/s, CRC32: 0xC61C2AA0
File test_459.bin: opened:  6144 us, closed:   914 us, I/O:  29644 us, total:  67703 us, speed:   337 KB/s, CRC32: 0xC61C2AA0
File test_460.bin: opened:  6147 us, closed:   914 us, I/O:  35075 us, total:  66565 us, speed:   285 KB/s, CRC32: 0xC61C2AA0
File test_461.bin: opened:  6171 us, closed:   917 us, I/O:  31026 us, total:  62353 us, speed:   322 KB/s, CRC32: 0xC61C2AA0
File test_462.bin: opened:  6167 us, closed:   905 us, I/O:  29639 us, total:  67566 us, speed:   337 KB/s, CRC32: 0xC61C2AA0
File test_463.bin: opened:  6193 us, closed:   897 us, I/O:  35567 us, total:  67770 us, speed:   281 KB/s, CRC32: 0xC61C2AA0
File test_464.bin: opened:  6209 us, closed:   901 us, I/O:  34508 us, total:  66028 us, speed:   289 KB/s, CRC32: 0xC61C2AA0
File test_465.bin: opened:  6252 us, closed:   907 us, I/O:  33394 us, total:  71947 us, speed:   299 KB/s, CRC32: 0xC61C2AA0
File test_466.bin: opened:  6250 us, closed:   903 us, I/O:  35539 us, total:  67619 us, speed:   281 KB/s, CRC32: 0xC61C2AA0
File test_467.bin: opened:  6278 us, closed:   903 us, I/O:  29596 us, total:  62034 us, speed:   337 KB/s, CRC32: 0xC61C2AA0
File test_468.bin: opened:  6285 us, closed:   900 us, I/O:  34886 us, total:  72501 us, speed:   286 KB/s, CRC32: 0xC61C2AA0
File test_469.bin: opened:  6273 us, closed:   900 us, I/O:  35270 us, total:  66938 us, speed:   283 KB/s, CRC32: 0xC61C2AA0
File test_470.bin: opened:  6290 us, closed:   902 us, I/O:  29613 us, total:  61846 us, speed:   337 KB/s, CRC32: 0xC61C2AA0
File test_471.bin: opened:  6313 us, closed:   915 us, I/O:  29551 us, total:  68084 us, speed:   338 KB/s, CRC32: 0xC61C2AA0
File test_472.bin: opened:  6309 us, closed:   898 us, I/O:  35846 us, total:  67654 us, speed:   278 KB/s, CRC32: 0xC61C2AA0
File test_473.bin: opened:  6352 us, closed:   903 us, I/O:  33352 us, total:  66493 us, speed:   299 KB/s, CRC32: 0xC61C2AA0
File test_474.bin: opened:  6348 us, closed:   904 us, I/O:  30599 us, total:  69450 us, speed:   326 KB/s, CRC32: 0xC61C2AA0
File test_475.bin: opened:  6368 us, closed:   905 us, I/O:  35265 us, total:  68696 us, speed:   283 KB/s, CRC32: 0xC61C2AA0
File test_476.bin: opened:  6378 us, closed:   902 us, I/O:  29843 us, total:  62283 us, speed:   335 KB/s, CRC32: 0xC61C2AA0
File test_477.bin: opened:  6410 us, closed:   912 us, I/O:  34612 us, total:  72670 us, speed:   288 KB/s, CRC32: 0xC61C2AA0
File test_478.bin: opened:  6418 us, closed:   897 us, I/O:  33979 us, total:  72974 us, speed:   294 KB/s, CRC32: 0xC61C2AA0
File test_479.bin: opened:  6426 us, closed:   896 us, I/O:  35139 us, total:  68255 us, speed:   284 KB/s, CRC32: 0xC61C2AA0
File test_480.bin: opened:  6445 us, closed:   899 us, I/O:  29827 us, total:  62355 us, speed:   335 KB/s, CRC32: 0xC61C2AA0
File test_481.bin: opened: 12411 us, closed:   906 us, I/O:  39042 us, total:  78292 us, speed:   256 KB/s, CRC32: 0xC61C2AA0
File test_482.bin: opened:  6467 us, closed:   908 us, I/O:  35355 us, total:  68237 us, speed:   282 KB/s, CRC32: 0xC61C2AA0
File test_483.bin: opened:  6485 us, closed:   912 us, I/O:  29535 us, total:  62608 us, speed:   338 KB/s, CRC32: 0xC61C2AA0
File test_484.bin: opened:  6487 us, closed:   909 us, I/O:  29352 us, total:  68596 us, speed:   340 KB/s, CRC32: 0xC61C2AA0
File test_485.bin: opened:  6509 us, closed:   909 us, I/O:  35914 us, total:  68326 us, speed:   278 KB/s, CRC32: 0xC61C2AA0
File test_486.bin: opened:  6524 us, closed:   905 us, I/O:  29350 us, total:  62475 us, speed:   340 KB/s, CRC32: 0xC61C2AA0
File test_487.bin: opened:  6549 us, closed:   902 us, I/O:  30991 us, total:  70024 us, speed:   322 KB/s, CRC32: 0xC61C2AA0
File test_488.bin: opened:  6536 us, closed:   911 us, I/O:  35328 us, total:  69218 us, speed:   283 KB/s, CRC32: 0xC61C2AA0
File test_489.bin: opened:  6572 us, closed:   904 us, I/O:  34115 us, total:  67807 us, speed:   293 KB/s, CRC32: 0xC61C2AA0
File test_490.bin: opened:  6561 us, closed:   911 us, I/O:  34890 us, total:  74073 us, speed:   286 KB/s, CRC32: 0xC61C2AA0
File test_491.bin: opened:  6577 us, closed:   929 us, I/O:  29467 us, total:  68764 us, speed:   339 KB/s, CRC32: 0xC61C2AA0
File test_492.bin: opened:  6618 us, closed:   907 us, I/O:  35294 us, total:  68943 us, speed:   283 KB/s, CRC32: 0xC61C2AA0
File test_493.bin: opened:  6619 us, closed:   927 us, I/O:  29920 us, total:  62721 us, speed:   334 KB/s, CRC32: 0xC61C2AA0
File test_494.bin: opened: 12587 us, closed:   906 us, I/O:  35198 us, total:  74432 us, speed:   284 KB/s, CRC32: 0xC61C2AA0
File test_495.bin: opened:  6647 us, closed:   899 us, I/O:  35363 us, total:  68881 us, speed:   282 KB/s, CRC32: 0xC61C2AA0
File test_496.bin: opened:  6635 us, closed:   907 us, I/O:  29226 us, total:  62905 us, speed:   342 KB/s, CRC32: 0xC61C2AA0
File test_497.bin: opened:  6693 us, closed:   916 us, I/O:  33946 us, total:  73992 us, speed:   294 KB/s, CRC32: 0xC61C2AA0
File test_498.bin: opened:  6695 us, closed:   909 us, I/O:  35487 us, total:  69537 us, speed:   281 KB/s, CRC32: 0xC61C2AA0
File test_499.bin: opened:  6709 us, closed:   901 us, I/O:  28863 us, total:  63137 us, speed:   346 KB/s, CRC32: 0xC61C2AA0
File test_500.bin: opened:  6673 us, closed:   899 us, I/O:  30604 us, total:  70617 us, speed:   326 KB/s, CRC32: 0xC61C2AA0
File test_501.bin: opened:  6681 us, closed:   902 us, I/O:  35215 us, total:  69301 us, speed:   283 KB/s, CRC32: 0xC61C2AA0
File test_502.bin: opened:  6701 us, closed:   893 us, I/O:  29867 us, total:  63520 us, speed:   334 KB/s, CRC32: 0xC61C2AA0
File test_503.bin: opened:  6709 us, closed:   907 us, I/O:  34979 us, total:  74152 us, speed:   285 KB/s, CRC32: 0xC61C2AA0
File test_504.bin: opened:  6716 us, closed:   909 us, I/O:  29208 us, total:  69152 us, speed:   342 KB/s, CRC32: 0xC61C2AA0
File test_505.bin: opened:  6771 us, closed:   909 us, I/O:  39849 us, total:  74302 us, speed:   250 KB/s, CRC32: 0xC61C2AA0
File test_506.bin: opened:  6769 us, closed:   905 us, I/O:  29405 us, total:  63808 us, speed:   340 KB/s, CRC32: 0xC61C2AA0
File test_507.bin: opened:  6755 us, closed:   901 us, I/O:  34868 us, total:  74842 us, speed:   286 KB/s, CRC32: 0xC61C2AA0
File test_508.bin: opened:  6766 us, closed:   904 us, I/O:  40089 us, total:  74594 us, speed:   249 KB/s, CRC32: 0xC61C2AA0
File test_509.bin: opened:  6784 us, closed:   908 us, I/O:  28996 us, total:  63401 us, speed:   344 KB/s, CRC32: 0xC61C2AA0
File test_510.bin: opened:  6824 us, closed:   906 us, I/O:  29264 us, total:  69773 us, speed:   341 KB/s, CRC32: 0xC61C2AA0
File test_511.bin: opened:  6825 us, closed:   914 us, I/O:  35450 us, total:  69578 us, speed:   282 KB/s, CRC32: 0xC61C2AA0
File test_512.bin: opened:  6869 us, closed:  6911 us, I/O:  30345 us, total:  71153 us, speed:   329 KB/s, CRC32: 0xC61C2AA0
File test_513.bin: opened: 12387 us, closed:   931 us, I/O:  29077 us, total:  76237 us, speed:   343 KB/s, CRC32: 0xC61C2AA0
File test_514.bin: opened: 12847 us, closed:   907 us, I/O:  29317 us, total:  82596 us, speed:   341 KB/s, CRC32: 0xC61C2AA0
File test_515.bin: opened: 18871 us, closed:   905 us, I/O:  29497 us, total:  82851 us, speed:   339 KB/s, CRC32: 0xC61C2AA0
File test_516.bin: opened: 12908 us, closed:   926 us, I/O:  40624 us, total:  88156 us, speed:   246 KB/s, CRC32: 0xC61C2AA0
File test_517.bin: opened: 12898 us, closed:   902 us, I/O:  40290 us, total:  87731 us, speed:   248 KB/s, CRC32: 0xC61C2AA0
File test_518.bin: opened: 12965 us, closed:   925 us, I/O:  35081 us, total:  82667 us, speed:   285 KB/s, CRC32: 0xC61C2AA0
File test_519.bin: opened: 12953 us, closed:   896 us, I/O:  29499 us, total:  77095 us, speed:   338 KB/s, CRC32: 0xC61C2AA0
File test_520.bin: opened: 13008 us, closed:   898 us, I/O:  34898 us, total:  88589 us, speed:   286 KB/s, CRC32: 0xC61C2AA0
File test_521.bin: opened: 13126 us, closed:   915 us, I/O:  34281 us, total:  89352 us, speed:   291 KB/s, CRC32: 0xC61C2AA0
File test_522.bin: opened: 19589 us, closed:   904 us, I/O:  29121 us, total:  84677 us, speed:   343 KB/s, CRC32: 0xC61C2AA0
File test_523.bin: opened: 13660 us, closed:   918 us, I/O:  29301 us, total:  84991 us, speed:   341 KB/s, CRC32: 0xC61C2AA0
File test_524.bin: opened: 13701 us, closed:   907 us, I/O:  35404 us, total:  85181 us, speed:   282 KB/s, CRC32: 0xC61C2AA0
File test_525.bin: opened: 13747 us, closed:   904 us, I/O:  41831 us, total:  91912 us, speed:   239 KB/s, CRC32: 0xC61C2AA0
File test_526.bin: opened: 13731 us, closed:   901 us, I/O:  29105 us, total:  79441 us, speed:   343 KB/s, CRC32: 0xC61C2AA0
File test_527.bin: opened: 13745 us, closed:   908 us, I/O:  29269 us, total:  85179 us, speed:   341 KB/s, CRC32: 0xC61C2AA0
File test_528.bin: opened: 13778 us, closed:   907 us, I/O:  29514 us, total:  85479 us, speed:   338 KB/s, CRC32: 0xC61C2AA0
File test_529.bin: opened: 19822 us, closed:   920 us, I/O:  34675 us, total:  91975 us, speed:   288 KB/s, CRC32: 0xC61C2AA0
File test_530.bin: opened: 20370 us, closed:   917 us, I/O:  34470 us, total:  92434 us, speed:   290 KB/s, CRC32: 0xC61C2AA0
File test_531.bin: opened: 14423 us, closed:   910 us, I/O:  29119 us, total:  87106 us, speed:   343 KB/s, CRC32: 0xC61C2AA0
File test_532.bin: opened: 14470 us, closed:   908 us, I/O:  35284 us, total:  87362 us, speed:   283 KB/s, CRC32: 0xC61C2AA0
File test_533.bin: opened: 14536 us, closed:   903 us, I/O:  41066 us, total:  93294 us, speed:   243 KB/s, CRC32: 0xC61C2AA0
File test_534.bin: opened: 14521 us, closed:   897 us, I/O:  40337 us, total:  92593 us, speed:   247 KB/s, CRC32: 0xC61C2AA0
File test_535.bin: opened: 14556 us, closed:   902 us, I/O:  29026 us, total:  81316 us, speed:   344 KB/s, CRC32: 0xC61C2AA0
File test_536.bin: opened: 14592 us, closed:   888 us, I/O:  29236 us, total:  87561 us, speed:   342 KB/s, CRC32: 0xC61C2AA0
File test_537.bin: opened: 14719 us, closed:   904 us, I/O:  29483 us, total:  89242 us, speed:   339 KB/s, CRC32: 0xC61C2AA0
File test_538.bin: opened: 15232 us, closed:   906 us, I/O:  35985 us, total:  95938 us, speed:   277 KB/s, CRC32: 0xC61C2AA0
File test_539.bin: opened: 15247 us, closed:   898 us, I/O:  29032 us, total:  89947 us, speed:   344 KB/s, CRC32: 0xC61C2AA0
File test_540.bin: opened: 21249 us, closed:   902 us, I/O:  29228 us, total:  89752 us, speed:   342 KB/s, CRC32: 0xC61C2AA0
File test_541.bin: opened: 21255 us, closed:   925 us, I/O:  29455 us, total:  90027 us, speed:   339 KB/s, CRC32: 0xC61C2AA0
File test_542.bin: opened: 15303 us, closed:   906 us, I/O:  40829 us, total:  95027 us, speed:   244 KB/s, CRC32: 0xC61C2AA0
File test_543.bin: opened: 15316 us, closed:   900 us, I/O:  40534 us, total:  95248 us, speed:   246 KB/s, CRC32: 0xC61C2AA0
File test_544.bin: opened: 15331 us, closed:   898 us, I/O:  35125 us, total:  89835 us, speed:   284 KB/s, CRC32: 0xC61C2AA0
File test_545.bin: opened: 15536 us, closed:   933 us, I/O:  35257 us, total:  91579 us, speed:   283 KB/s, CRC32: 0xC61C2AA0
File test_546.bin: opened: 16035 us, closed:   901 us, I/O:  41166 us, total:  97418 us, speed:   242 KB/s, CRC32: 0xC61C2AA0
File test_547.bin: opened: 16040 us, closed:   916 us, I/O:  40501 us, total:  97371 us, speed:   246 KB/s, CRC32: 0xC61C2AA0
File test_548.bin: opened: 16060 us, closed:  6911 us, I/O:  29047 us, total:  91919 us, speed:   344 KB/s, CRC32: 0xC61C2AA0
File test_549.bin: opened: 16064 us, closed:   899 us, I/O:  29253 us, total:  86162 us, speed:   341 KB/s, CRC32: 0xC61C2AA0
File test_550.bin: opened: 16115 us, closed:   898 us, I/O:  29467 us, total:  91974 us, speed:   339 KB/s, CRC32: 0xC61C2AA0
File test_551.bin: opened: 16138 us, closed:   889 us, I/O:  36049 us, total:  99176 us, speed:   277 KB/s, CRC32: 0xC61C2AA0
File test_552.bin: opened: 16189 us, closed:   891 us, I/O:  28947 us, total:  92073 us, speed:   345 KB/s, CRC32: 0xC61C2AA0
File test_553.bin: opened: 16297 us, closed:   904 us, I/O:  29223 us, total:  93678 us, speed:   342 KB/s, CRC32: 0xC61C2AA0
File test_554.bin: opened: 16757 us, closed:   920 us, I/O:  29415 us, total:  93944 us, speed:   339 KB/s, CRC32: 0xC61C2AA0
File test_555.bin: opened: 16771 us, closed:   908 us, I/O:  34973 us, total: 100019 us, speed:   285 KB/s, CRC32: 0xC61C2AA0
File test_556.bin: opened: 16838 us, closed:   906 us, I/O:  34636 us, total:  99309 us, speed:   288 KB/s, CRC32: 0xC61C2AA0
File test_557.bin: opened: 16838 us, closed:   927 us, I/O:  29083 us, total:  94276 us, speed:   343 KB/s, CRC32: 0xC61C2AA0
File test_558.bin: opened: 22880 us, closed:   896 us, I/O:  29327 us, total:  94159 us, speed:   340 KB/s, CRC32: 0xC61C2AA0
File test_559.bin: opened: 22884 us, closed:   901 us, I/O:  35241 us, total: 100553 us, speed:   283 KB/s, CRC32: 0xC61C2AA0
File test_560.bin: opened: 22867 us, closed:   891 us, I/O:  34516 us, total:  99360 us, speed:   289 KB/s, CRC32: 0xC61C2AA0
File test_561.bin: opened: 23059 us, closed:   906 us, I/O:  28991 us, total:  95838 us, speed:   344 KB/s, CRC32: 0xC61C2AA0
File test_562.bin: opened: 23567 us, closed:   909 us, I/O:  29182 us, total:  96032 us, speed:   342 KB/s, CRC32: 0xC61C2AA0
File test_563.bin: opened: 23559 us, closed:   912 us, I/O:  29366 us, total:  96849 us, speed:   340 KB/s, CRC32: 0xC61C2AA0
File test_564.bin: opened: 23639 us, closed:   899 us, I/O:  36078 us, total: 103325 us, speed:   277 KB/s, CRC32: 0xC61C2AA0
File test_565.bin: opened: 23593 us, closed:   905 us, I/O:  29059 us, total:  97022 us, speed:   344 KB/s, CRC32: 0xC61C2AA0
File test_566.bin: opened: 23634 us, closed:   901 us, I/O:  29219 us, total:  96379 us, speed:   342 KB/s, CRC32: 0xC61C2AA0
File test_567.bin: opened: 23687 us, closed:   894 us, I/O:  29470 us, total:  97148 us, speed:   339 KB/s, CRC32: 0xC61C2AA0
File test_568.bin: opened: 23752 us, closed:   902 us, I/O:  34952 us, total: 102738 us, speed:   286 KB/s, CRC32: 0xC61C2AA0
File test_569.bin: opened: 23854 us, closed:   920 us, I/O:  34722 us, total: 103925 us, speed:   288 KB/s, CRC32: 0xC61C2AA0
File test_570.bin: opened: 24326 us, closed:   900 us, I/O:  29123 us, total:  98321 us, speed:   343 KB/s, CRC32: 0xC61C2AA0
File test_571.bin: opened: 24399 us, closed:   906 us, I/O:  29308 us, total:  98676 us, speed:   341 KB/s, CRC32: 0xC61C2AA0
File test_572.bin: opened: 24407 us, closed:   907 us, I/O:  35315 us, total: 105232 us, speed:   283 KB/s, CRC32: 0xC61C2AA0
File test_573.bin: opened: 24406 us, closed:   900 us, I/O:  34724 us, total: 104599 us, speed:   287 KB/s, CRC32: 0xC61C2AA0
File test_574.bin: opened: 18473 us, closed:   903 us, I/O:  29061 us, total:  98493 us, speed:   344 KB/s, CRC32: 0xC61C2AA0
File test_575.bin: opened: 18508 us, closed:   897 us, I/O:  29260 us, total:  98848 us, speed:   341 KB/s, CRC32: 0xC61C2AA0
File test_576.bin: opened: 18480 us, closed:   921 us, I/O:  31016 us, total: 101129 us, speed:   322 KB/s, CRC32: 0xC61C2AA0
File test_577.bin: opened: 18664 us, closed:   903 us, I/O:  34682 us, total: 106796 us, speed:   288 KB/s, CRC32: 0xC61C2AA0
File test_578.bin: opened: 19144 us, closed:   916 us, I/O:  29088 us, total: 100728 us, speed:   343 KB/s, CRC32: 0xC61C2AA0
File test_579.bin: opened: 19193 us, closed:   901 us, I/O:  29245 us, total: 100970 us, speed:   341 KB/s, CRC32: 0xC61C2AA0
File test_580.bin: opened: 19226 us, closed:   907 us, I/O:  29413 us, total: 101687 us, speed:   339 KB/s, CRC32: 0xC61C2AA0
File test_581.bin: opened: 19265 us, closed:   903 us, I/O:  35089 us, total: 107451 us, speed:   284 KB/s, CRC32: 0xC61C2AA0
File test_582.bin: opened: 19241 us, closed:   898 us, I/O:  34907 us, total: 106810 us, speed:   286 KB/s, CRC32: 0xC61C2AA0
File test_583.bin: opened: 19257 us, closed:   895 us, I/O:  29053 us, total: 101014 us, speed:   344 KB/s, CRC32: 0xC61C2AA0
File test_584.bin: opened: 19315 us, closed:   923 us, I/O:  29227 us, total: 101810 us, speed:   342 KB/s, CRC32: 0xC61C2AA0
File test_585.bin: opened: 19434 us, closed:   904 us, I/O:  41466 us, total: 115417 us, speed:   241 KB/s, CRC32: 0xC61C2AA0
File test_586.bin: opened: 19904 us, closed:   912 us, I/O:  40766 us, total: 108841 us, speed:   245 KB/s, CRC32: 0xC61C2AA0
File test_587.bin: opened: 19933 us, closed:   904 us, I/O:  35005 us, total: 103014 us, speed:   285 KB/s, CRC32: 0xC61C2AA0
File test_588.bin: opened: 20016 us, closed:   936 us, I/O:  35118 us, total: 103814 us, speed:   284 KB/s, CRC32: 0xC61C2AA0
File test_589.bin: opened: 20028 us, closed:   904 us, I/O:  36905 us, total: 105622 us, speed:   270 KB/s, CRC32: 0xC61C2AA0
File test_590.bin: opened: 20042 us, closed:   900 us, I/O:  34831 us, total: 109780 us, speed:   287 KB/s, CRC32: 0xC61C2AA0
File test_591.bin: opened: 26050 us, closed:   906 us, I/O:  28962 us, total: 103312 us, speed:   345 KB/s, CRC32: 0xC61C2AA0
File test_592.bin: opened: 26071 us, closed:   900 us, I/O:  29174 us, total: 104010 us, speed:   342 KB/s, CRC32: 0xC61C2AA0
File test_593.bin: opened: 26238 us, closed:   916 us, I/O:  29363 us, total: 105566 us, speed:   340 KB/s, CRC32: 0xC61C2AA0
File test_594.bin: opened: 20773 us, closed:   907 us, I/O:  35355 us, total: 111735 us, speed:   282 KB/s, CRC32: 0xC61C2AA0
File test_595.bin: opened: 20738 us, closed:   921 us, I/O:  34993 us, total: 111384 us, speed:   285 KB/s, CRC32: 0xC61C2AA0
File test_596.bin: opened: 20803 us, closed:   895 us, I/O:  29086 us, total: 106060 us, speed:   343 KB/s, CRC32: 0xC61C2AA0
File test_597.bin: opened: 20840 us, closed:   898 us, I/O:  29277 us, total: 106328 us, speed:   341 KB/s, CRC32: 0xC61C2AA0
File test_598.bin: opened: 20872 us, closed:   896 us, I/O:  41525 us, total: 118172 us, speed:   240 KB/s, CRC32: 0xC61C2AA0
File test_599.bin: opened: 20859 us, closed:   897 us, I/O:  40884 us, total: 111568 us, speed:   244 KB/s, CRC32: 0xC61C2AA0
File test_600.bin: opened: 20842 us, closed:   905 us, I/O:  35003 us, total: 106117 us, speed:   285 KB/s, CRC32: 0xC61C2AA0
File test_601.bin: opened: 26971 us, closed:   911 us, I/O:  29271 us, total: 107836 us, speed:   341 KB/s, CRC32: 0xC61C2AA0
File test_602.bin: opened: 27461 us, closed:   916 us, I/O:  31043 us, total: 109651 us, speed:   322 KB/s, CRC32: 0xC61C2AA0
File test_603.bin: opened: 27570 us, closed:   922 us, I/O:  34967 us, total: 114332 us, speed:   285 KB/s, CRC32: 0xC61C2AA0
File test_604.bin: opened: 21541 us, closed:   932 us, I/O:  29001 us, total: 107694 us, speed:   344 KB/s, CRC32: 0xC61C2AA0
File test_605.bin: opened: 21583 us, closed:   907 us, I/O:  29153 us, total: 108005 us, speed:   343 KB/s, CRC32: 0xC61C2AA0
File test_606.bin: opened: 21656 us, closed:   910 us, I/O:  29389 us, total: 108388 us, speed:   340 KB/s, CRC32: 0xC61C2AA0
File test_607.bin: opened: 21669 us, closed:   901 us, I/O:  41295 us, total: 120304 us, speed:   242 KB/s, CRC32: 0xC61C2AA0
File test_608.bin: opened: 21684 us, closed:   909 us, I/O:  41063 us, total: 114140 us, speed:   243 KB/s, CRC32: 0xC61C2AA0
File test_609.bin: opened: 21753 us, closed:   918 us, I/O:  29157 us, total: 109550 us, speed:   342 KB/s, CRC32: 0xC61C2AA0
File test_610.bin: opened: 28247 us, closed:   916 us, I/O:  29328 us, total: 110260 us, speed:   340 KB/s, CRC32: 0xC61C2AA0
File test_611.bin: opened: 28281 us, closed:   909 us, I/O:  35702 us, total: 116614 us, speed:   280 KB/s, CRC32: 0xC61C2AA0
File test_612.bin: opened: 22315 us, closed:   902 us, I/O:  35066 us, total: 116074 us, speed:   285 KB/s, CRC32: 0xC61C2AA0
File test_613.bin: opened: 22332 us, closed:   919 us, I/O:  28942 us, total: 109983 us, speed:   345 KB/s, CRC32: 0xC61C2AA0
File test_614.bin: opened: 22383 us, closed:   911 us, I/O:  35200 us, total: 116324 us, speed:   284 KB/s, CRC32: 0xC61C2AA0
File test_615.bin: opened: 22443 us, closed:   901 us, I/O:  36988 us, total: 112352 us, speed:   270 KB/s, CRC32: 0xC61C2AA0
File test_616.bin: opened: 22455 us, closed:   897 us, I/O:  40994 us, total: 116557 us, speed:   243 KB/s, CRC32: 0xC61C2AA0
File test_617.bin: opened: 28643 us, closed:   909 us, I/O:  29077 us, total: 111826 us, speed:   343 KB/s, CRC32: 0xC61C2AA0
File test_618.bin: opened: 23095 us, closed:   908 us, I/O:  29132 us, total: 111923 us, speed:   343 KB/s, CRC32: 0xC61C2AA0
File test_619.bin: opened: 23138 us, closed:   899 us, I/O:  29390 us, total: 112328 us, speed:   340 KB/s, CRC32: 0xC61C2AA0
File test_620.bin: opened: 23147 us, closed:   909 us, I/O:  35463 us, total: 118510 us, speed:   281 KB/s, CRC32: 0xC61C2AA0
File test_621.bin: opened: 23109 us, closed:   908 us, I/O:  41166 us, total: 124715 us, speed:   242 KB/s, CRC32: 0xC61C2AA0
File test_622.bin: opened: 23170 us, closed:   898 us, I/O:  35074 us, total: 112174 us, speed:   285 KB/s, CRC32: 0xC61C2AA0
File test_623.bin: opened: 29146 us, closed:   898 us, I/O:  29289 us, total: 112434 us, speed:   341 KB/s, CRC32: 0xC61C2AA0
File test_624.bin: opened: 29162 us, closed:   900 us, I/O:  35804 us, total: 119011 us, speed:   279 KB/s, CRC32: 0xC61C2AA0
File test_625.bin: opened: 23413 us, closed:   900 us, I/O:  35157 us, total: 120259 us, speed:   284 KB/s, CRC32: 0xC61C2AA0
File test_626.bin: opened: 23848 us, closed:   906 us, I/O:  35022 us, total: 120067 us, speed:   285 KB/s, CRC32: 0xC61C2AA0
File test_627.bin: opened: 23917 us, closed:   904 us, I/O:  35196 us, total: 114449 us, speed:   284 KB/s, CRC32: 0xC61C2AA0
File test_628.bin: opened: 23911 us, closed:   906 us, I/O:  30961 us, total: 116248 us, speed:   322 KB/s, CRC32: 0xC61C2AA0
File test_629.bin: opened: 29933 us, closed:   906 us, I/O:  35233 us, total: 121262 us, speed:   283 KB/s, CRC32: 0xC61C2AA0
File test_630.bin: opened: 23937 us, closed:   898 us, I/O:  29026 us, total: 114391 us, speed:   344 KB/s, CRC32: 0xC61C2AA0
File test_631.bin: opened: 24000 us, closed:   939 us, I/O:  29202 us, total: 114736 us, speed:   342 KB/s, CRC32: 0xC61C2AA0
File test_632.bin: opened: 23995 us, closed:   890 us, I/O:  35411 us, total: 120882 us, speed:   282 KB/s, CRC32: 0xC61C2AA0
File test_633.bin: opened: 24155 us, closed:   916 us, I/O:  41550 us, total: 122985 us, speed:   240 KB/s, CRC32: 0xC61C2AA0
File test_634.bin: opened: 30517 us, closed:   904 us, I/O:  35351 us, total: 122835 us, speed:   282 KB/s, CRC32: 0xC61C2AA0
File test_635.bin: opened: 24677 us, closed:   901 us, I/O:  29160 us, total: 116732 us, speed:   342 KB/s, CRC32: 0xC61C2AA0
File test_636.bin: opened: 24712 us, closed:   904 us, I/O:  29309 us, total: 116955 us, speed:   341 KB/s, CRC32: 0xC61C2AA0
File test_637.bin: opened: 24776 us, closed:   912 us, I/O:  41862 us, total: 129563 us, speed:   238 KB/s, CRC32: 0xC61C2AA0
File test_638.bin: opened: 30704 us, closed:   898 us, I/O:  35301 us, total: 123054 us, speed:   283 KB/s, CRC32: 0xC61C2AA0
File test_639.bin: opened: 24761 us, closed:   902 us, I/O:  28910 us, total: 116757 us, speed:   345 KB/s, CRC32: 0xC61C2AA0
File test_640.bin: opened: 24803 us, closed:   902 us, I/O:  30790 us, total: 118599 us, speed:   324 KB/s, CRC32: 0xC61C2AA0
File test_641.bin: opened: 24516 us, closed:   912 us, I/O:  35370 us, total: 123757 us, speed:   282 KB/s, CRC32: 0xC61C2AA0
File test_642.bin: opened: 25027 us, closed:   909 us, I/O:  41299 us, total: 124018 us, speed:   242 KB/s, CRC32: 0xC61C2AA0
File test_643.bin: opened: 30893 us, closed:   905 us, I/O:  29015 us, total: 117462 us, speed:   344 KB/s, CRC32: 0xC61C2AA0
File test_644.bin: opened: 24984 us, closed:   908 us, I/O:  29175 us, total: 117630 us, speed:   342 KB/s, CRC32: 0xC61C2AA0
File test_645.bin: opened: 25062 us, closed:   904 us, I/O:  29375 us, total: 117907 us, speed:   340 KB/s, CRC32: 0xC61C2AA0
File test_646.bin: opened: 25085 us, closed:   918 us, I/O:  41601 us, total: 130427 us, speed:   240 KB/s, CRC32: 0xC61C2AA0
File test_647.bin: opened: 25058 us, closed:   895 us, I/O:  35384 us, total: 124104 us, speed:   282 KB/s, CRC32: 0xC61C2AA0
File test_648.bin: opened: 31088 us, closed:   898 us, I/O:  29048 us, total: 117822 us, speed:   344 KB/s, CRC32: 0xC61C2AA0
File test_649.bin: opened: 24785 us, closed:   923 us, I/O:  29380 us, total: 118673 us, speed:   340 KB/s, CRC32: 0xC61C2AA0
File test_650.bin: opened: 25253 us, closed:   934 us, I/O:  42031 us, total: 131261 us, speed:   237 KB/s, CRC32: 0xC61C2AA0
File test_651.bin: opened: 25317 us, closed:   901 us, I/O:  41442 us, total: 124839 us, speed:   241 KB/s, CRC32: 0xC61C2AA0
File test_652.bin: opened: 31267 us, closed:   903 us, I/O:  28973 us, total: 118336 us, speed:   345 KB/s, CRC32: 0xC61C2AA0
File test_653.bin: opened: 25358 us, closed:   901 us, I/O:  30829 us, total: 120375 us, speed:   324 KB/s, CRC32: 0xC61C2AA0
File test_654.bin: opened: 25381 us, closed:   906 us, I/O:  35485 us, total: 125098 us, speed:   281 KB/s, CRC32: 0xC61C2AA0
File test_655.bin: opened: 25426 us, closed:   903 us, I/O:  41314 us, total: 125185 us, speed:   242 KB/s, CRC32: 0xC61C2AA0
File test_656.bin: opened: 31369 us, closed:   897 us, I/O:  28862 us, total: 118538 us, speed:   346 KB/s, CRC32: 0xC61C2AA0
File test_657.bin: opened: 25089 us, closed:   925 us, I/O:  29145 us, total: 119250 us, speed:   343 KB/s, CRC32: 0xC61C2AA0
File test_658.bin: opened: 25564 us, closed:   901 us, I/O:  29324 us, total: 119432 us, speed:   341 KB/s, CRC32: 0xC61C2AA0
File test_659.bin: opened: 25581 us, closed:   915 us, I/O:  41686 us, total: 131974 us, speed:   239 KB/s, CRC32: 0xC61C2AA0
File test_660.bin: opened: 31580 us, closed:   899 us, I/O:  35408 us, total: 125750 us, speed:   282 KB/s, CRC32: 0xC61C2AA0
File test_661.bin: opened: 25631 us, closed:   898 us, I/O:  28998 us, total: 119457 us, speed:   344 KB/s, CRC32: 0xC61C2AA0
File test_662.bin: opened: 25682 us, closed:   896 us, I/O:  29232 us, total: 119717 us, speed:   342 KB/s, CRC32: 0xC61C2AA0
File test_663.bin: opened: 25715 us, closed:   902 us, I/O:  42132 us, total: 132705 us, speed:   237 KB/s, CRC32: 0xC61C2AA0
File test_664.bin: opened: 31676 us, closed:   902 us, I/O:  35335 us, total: 125945 us, speed:   283 KB/s, CRC32: 0xC61C2AA0
File test_665.bin: opened: 25370 us, closed:   927 us, I/O:  28960 us, total: 120056 us, speed:   345 KB/s, CRC32: 0xC61C2AA0
File test_666.bin: opened: 25882 us, closed:   929 us, I/O:  30783 us, total: 121881 us, speed:   324 KB/s, CRC32: 0xC61C2AA0
File test_667.bin: opened: 25891 us, closed:   902 us, I/O:  35380 us, total: 126559 us, speed:   282 KB/s, CRC32: 0xC61C2AA0
File test_668.bin: opened: 31889 us, closed:   894 us, I/O:  35423 us, total: 126750 us, speed:   282 KB/s, CRC32: 0xC61C2AA0
File test_669.bin: opened: 25902 us, closed:   899 us, I/O:  28812 us, total: 120109 us, speed:   347 KB/s, CRC32: 0xC61C2AA0
File test_670.bin: opened: 25934 us, closed:   901 us, I/O:  29039 us, total: 120297 us, speed:   344 KB/s, CRC32: 0xC61C2AA0
File test_671.bin: opened: 25978 us, closed:   902 us, I/O:  35281 us, total: 126714 us, speed:   283 KB/s, CRC32: 0xC61C2AA0
File test_672.bin: opened: 26017 us, closed:   888 us, I/O:  35822 us, total: 127370 us, speed:   279 KB/s, CRC32: 0xC61C2AA0
File test_673.bin: opened: 25723 us, closed:   903 us, I/O:  35733 us, total: 127753 us, speed:   279 KB/s, CRC32: 0xC61C2AA0
File test_674.bin: opened: 26127 us, closed:   902 us, I/O:  29113 us, total: 120956 us, speed:   343 KB/s, CRC32: 0xC61C2AA0
File test_675.bin: opened: 26196 us, closed:   901 us, I/O:  35249 us, total: 127281 us, speed:   283 KB/s, CRC32: 0xC61C2AA0
File test_676.bin: opened: 32198 us, closed:   898 us, I/O:  36245 us, total: 128381 us, speed:   275 KB/s, CRC32: 0xC61C2AA0
File test_677.bin: opened: 26241 us, closed:   894 us, I/O:  35569 us, total: 127715 us, speed:   281 KB/s, CRC32: 0xC61C2AA0
File test_678.bin: opened: 26263 us, closed:   902 us, I/O:  34941 us, total: 127173 us, speed:   286 KB/s, CRC32: 0xC61C2AA0
File test_679.bin: opened: 26308 us, closed:   898 us, I/O:  36755 us, total: 123078 us, speed:   272 KB/s, CRC32: 0xC61C2AA0
File test_680.bin: opened: 32212 us, closed:   895 us, I/O:  29415 us, total: 121763 us, speed:   339 KB/s, CRC32: 0xC61C2AA0
File test_681.bin: opened: 26025 us, closed:   901 us, I/O:  35560 us, total: 128566 us, speed:   281 KB/s, CRC32: 0xC61C2AA0
File test_682.bin: opened: 26511 us, closed:   906 us, I/O:  34950 us, total: 127846 us, speed:   286 KB/s, CRC32: 0xC61C2AA0
File test_683.bin: opened: 26497 us, closed:   909 us, I/O:  35099 us, total: 122143 us, speed:   284 KB/s, CRC32: 0xC61C2AA0
File test_684.bin: opened: 32512 us, closed:   908 us, I/O:  29263 us, total: 122421 us, speed:   341 KB/s, CRC32: 0xC61C2AA0
File test_685.bin: opened: 26560 us, closed:   903 us, I/O:  35949 us, total: 129145 us, speed:   278 KB/s, CRC32: 0xC61C2AA0
File test_686.bin: opened: 26602 us, closed:   905 us, I/O:  41755 us, total: 134942 us, speed:   239 KB/s, CRC32: 0xC61C2AA0
File test_687.bin: opened: 32569 us, closed:   900 us, I/O:  29011 us, total: 122225 us, speed:   344 KB/s, CRC32: 0xC61C2AA0
File test_688.bin: opened: 26623 us, closed:   897 us, I/O:  29245 us, total: 122512 us, speed:   341 KB/s, CRC32: 0xC61C2AA0
File test_689.bin: opened: 26313 us, closed:   905 us, I/O:  36323 us, total: 130098 us, speed:   275 KB/s, CRC32: 0xC61C2AA0
File test_690.bin: opened: 26788 us, closed:   902 us, I/O:  41592 us, total: 135356 us, speed:   240 KB/s, CRC32: 0xC61C2AA0
File test_691.bin: opened: 32816 us, closed:   910 us, I/O:  28839 us, total: 122750 us, speed:   346 KB/s, CRC32: 0xC61C2AA0
File test_692.bin: opened: 26827 us, closed:   898 us, I/O:  30697 us, total: 124648 us, speed:   325 KB/s, CRC32: 0xC61C2AA0
File test_693.bin: opened: 26928 us, closed:   898 us, I/O:  35404 us, total: 129427 us, speed:   282 KB/s, CRC32: 0xC61C2AA0
File test_694.bin: opened: 26908 us, closed:   898 us, I/O:  35695 us, total: 129972 us, speed:   280 KB/s, CRC32: 0xC61C2AA0
File test_695.bin: opened: 26928 us, closed:   897 us, I/O:  28909 us, total: 123016 us, speed:   345 KB/s, CRC32: 0xC61C2AA0
File test_696.bin: opened: 26958 us, closed:   905 us, I/O:  29018 us, total: 123150 us, speed:   344 KB/s, CRC32: 0xC61C2AA0
File test_697.bin: opened: 26646 us, closed:   908 us, I/O:  35328 us, total: 130020 us, speed:   283 KB/s, CRC32: 0xC61C2AA0
File test_698.bin: opened: 33082 us, closed:   907 us, I/O:  36072 us, total: 130836 us, speed:   277 KB/s, CRC32: 0xC61C2AA0
File test_699.bin: opened: 27096 us, closed:   904 us, I/O:  35873 us, total: 130628 us, speed:   278 KB/s, CRC32: 0xC61C2AA0
File test_700.bin: opened: 27126 us, closed:   899 us, I/O:  35009 us, total: 129842 us, speed:   285 KB/s, CRC32: 0xC61C2AA0
File test_701.bin: opened: 27113 us, closed:   897 us, I/O:  29248 us, total: 124093 us, speed:   341 KB/s, CRC32: 0xC61C2AA0
File test_702.bin: opened: 33157 us, closed:   907 us, I/O:  36469 us, total: 131543 us, speed:   274 KB/s, CRC32: 0xC61C2AA0
File test_703.bin: opened: 27159 us, closed:   905 us, I/O:  41733 us, total: 136676 us, speed:   239 KB/s, CRC32: 0xC61C2AA0
File test_704.bin: opened: 27207 us, closed:   899 us, I/O:  36452 us, total: 125533 us, speed:   274 KB/s, CRC32: 0xC61C2AA0
File test_705.bin: opened: 32891 us, closed:   915 us, I/O:  29182 us, total: 124741 us, speed:   342 KB/s, CRC32: 0xC61C2AA0
File test_706.bin: opened: 27383 us, closed:   906 us, I/O:  29398 us, total: 124912 us, speed:   340 KB/s, CRC32: 0xC61C2AA0
File test_707.bin: opened: 27388 us, closed:   899 us, I/O:  41725 us, total: 137465 us, speed:   239 KB/s, CRC32: 0xC61C2AA0
File test_708.bin: opened: 33348 us, closed:   909 us, I/O:  28910 us, total: 124520 us, speed:   345 KB/s, CRC32: 0xC61C2AA0
File test_709.bin: opened: 27443 us, closed:   909 us, I/O:  29107 us, total: 124878 us, speed:   343 KB/s, CRC32: 0xC61C2AA0
File test_710.bin: opened: 27501 us, closed:  6835 us, I/O:  29289 us, total: 131003 us, speed:   341 KB/s, CRC32: 0xC61C2AA0
File test_711.bin: opened: 27526 us, closed:   927 us, I/O:  42162 us, total: 132176 us, speed:   237 KB/s, CRC32: 0xC61C2AA0
File test_712.bin: opened: 33492 us, closed:   892 us, I/O:  35872 us, total: 131758 us, speed:   278 KB/s, CRC32: 0xC61C2AA0
File test_713.bin: opened: 27258 us, closed:   901 us, I/O:  29000 us, total: 125377 us, speed:   344 KB/s, CRC32: 0xC61C2AA0
File test_714.bin: opened: 27664 us, closed:   912 us, I/O:  35139 us, total: 131640 us, speed:   284 KB/s, CRC32: 0xC61C2AA0
File test_715.bin: opened: 33668 us, closed:   904 us, I/O:  36493 us, total: 133036 us, speed:   274 KB/s, CRC32: 0xC61C2AA0
File test_716.bin: opened: 27716 us, closed:   899 us, I/O:  35764 us, total: 132337 us, speed:   279 KB/s, CRC32: 0xC61C2AA0
File test_717.bin: opened: 27768 us, closed:   900 us, I/O:  36429 us, total: 133051 us, speed:   274 KB/s, CRC32: 0xC61C2AA0
File test_718.bin: opened: 33750 us, closed:   901 us, I/O:  29228 us, total: 125981 us, speed:   342 KB/s, CRC32: 0xC61C2AA0
File test_719.bin: opened: 27793 us, closed:   893 us, I/O:  29399 us, total: 126185 us, speed:   340 KB/s, CRC32: 0xC61C2AA0
File test_720.bin: opened: 27874 us, closed:   892 us, I/O:  41904 us, total: 138989 us, speed:   238 KB/s, CRC32: 0xC61C2AA0
File test_721.bin: opened: 33470 us, closed:   927 us, I/O:  28918 us, total: 126175 us, speed:   345 KB/s, CRC32: 0xC61C2AA0
File test_722.bin: opened: 27962 us, closed:   912 us, I/O:  29117 us, total: 126416 us, speed:   343 KB/s, CRC32: 0xC61C2AA0
File test_723.bin: opened: 27967 us, closed:   911 us, I/O:  35266 us, total: 132563 us, speed:   283 KB/s, CRC32: 0xC61C2AA0
File test_724.bin: opened: 28041 us, closed:   918 us, I/O:  36344 us, total: 133817 us, speed:   275 KB/s, CRC32: 0xC61C2AA0
File test_725.bin: opened: 28006 us, closed:   903 us, I/O:  36079 us, total: 133466 us, speed:   277 KB/s, CRC32: 0xC61C2AA0
File test_726.bin: opened: 28052 us, closed:   898 us, I/O:  34972 us, total: 132487 us, speed:   285 KB/s, CRC32: 0xC61C2AA0
File test_727.bin: opened: 28138 us, closed:   912 us, I/O:  29197 us, total: 126856 us, speed:   342 KB/s, CRC32: 0xC61C2AA0
File test_728.bin: opened: 34109 us, closed:   914 us, I/O:  36703 us, total: 134435 us, speed:   272 KB/s, CRC32: 0xC61C2AA0
File test_729.bin: opened: 27811 us, closed:   905 us, I/O:  41985 us, total: 140052 us, speed:   238 KB/s, CRC32: 0xC61C2AA0
File test_730.bin: opened: 34226 us, closed:   904 us, I/O:  30530 us, total: 128681 us, speed:   327 KB/s, CRC32: 0xC61C2AA0
File test_731.bin: opened: 28274 us, closed:   902 us, I/O:  29235 us, total: 127377 us, speed:   342 KB/s, CRC32: 0xC61C2AA0
File test_732.bin: opened: 28317 us, closed:   902 us, I/O:  29394 us, total: 127651 us, speed:   340 KB/s, CRC32: 0xC61C2AA0
File test_733.bin: opened: 28357 us, closed:   897 us, I/O:  41945 us, total: 134489 us, speed:   238 KB/s, CRC32: 0xC61C2AA0
File test_734.bin: opened: 34303 us, closed:   898 us, I/O:  28875 us, total: 127257 us, speed:   346 KB/s, CRC32: 0xC61C2AA0
File test_735.bin: opened: 28376 us, closed:   902 us, I/O:  29084 us, total: 127543 us, speed:   343 KB/s, CRC32: 0xC61C2AA0
File test_736.bin: opened: 28393 us, closed:   899 us, I/O:  35238 us, total: 133786 us, speed:   283 KB/s, CRC32: 0xC61C2AA0
File test_737.bin: opened: 34062 us, closed:   919 us, I/O:  36351 us, total: 135409 us, speed:   275 KB/s, CRC32: 0xC61C2AA0
File test_738.bin: opened: 28609 us, closed:   903 us, I/O:  42196 us, total: 141321 us, speed:   236 KB/s, CRC32: 0xC61C2AA0
File test_739.bin: opened: 28606 us, closed:   903 us, I/O:  28975 us, total: 128043 us, speed:   345 KB/s, CRC32: 0xC61C2AA0
File test_740.bin: opened: 34537 us, closed:   900 us, I/O:  29126 us, total: 128308 us, speed:   343 KB/s, CRC32: 0xC61C2AA0
File test_741.bin: opened: 28675 us, closed:   900 us, I/O:  42738 us, total: 142010 us, speed:   233 KB/s, CRC32: 0xC61C2AA0
File test_742.bin: opened: 28675 us, closed:   897 us, I/O:  36051 us, total: 135390 us, speed:   277 KB/s, CRC32: 0xC61C2AA0
File test_743.bin: opened: 28649 us, closed:   898 us, I/O:  30429 us, total: 129837 us, speed:   328 KB/s, CRC32: 0xC61C2AA0
File test_744.bin: opened: 28712 us, closed:   898 us, I/O:  35109 us, total: 134574 us, speed:   284 KB/s, CRC32: 0xC61C2AA0
File test_745.bin: opened: 28444 us, closed:   909 us, I/O:  29368 us, total: 129419 us, speed:   340 KB/s, CRC32: 0xC61C2AA0
File test_746.bin: opened: 28879 us, closed:   905 us, I/O:  36177 us, total: 136277 us, speed:   276 KB/s, CRC32: 0xC61C2AA0
File test_747.bin: opened: 28899 us, closed:   903 us, I/O:  34934 us, total: 134946 us, speed:   286 KB/s, CRC32: 0xC61C2AA0
File test_748.bin: opened: 34857 us, closed:   904 us, I/O:  28960 us, total: 129081 us, speed:   345 KB/s, CRC32: 0xC61C2AA0
File test_749.bin: opened: 28967 us, closed:   897 us, I/O:  29309 us, total: 129479 us, speed:   341 KB/s, CRC32: 0xC61C2AA0
File test_750.bin: opened: 28996 us, closed:   905 us, I/O:  42453 us, total: 142699 us, speed:   235 KB/s, CRC32: 0xC61C2AA0
File test_751.bin: opened: 34966 us, closed:   933 us, I/O:  36243 us, total: 136590 us, speed:   275 KB/s, CRC32: 0xC61C2AA0
File test_752.bin: opened: 29004 us, closed:   898 us, I/O:  28904 us, total: 129296 us, speed:   345 KB/s, CRC32: 0xC61C2AA0
File test_753.bin: opened: 28744 us, closed:   903 us, I/O:  35120 us, total: 136059 us, speed:   284 KB/s, CRC32: 0xC61C2AA0
File test_754.bin: opened: 35150 us, closed:   911 us, I/O:  36872 us, total: 137713 us, speed:   271 KB/s, CRC32: 0xC61C2AA0
File test_755.bin: opened: 29214 us, closed:   901 us, I/O:  36207 us, total: 137156 us, speed:   276 KB/s, CRC32: 0xC61C2AA0
File test_756.bin: opened: 29262 us, closed:   896 us, I/O:  36422 us, total: 137485 us, speed:   274 KB/s, CRC32: 0xC61C2AA0
File test_757.bin: opened: 35235 us, closed:   904 us, I/O:  29104 us, total: 130270 us, speed:   343 KB/s, CRC32: 0xC61C2AA0
File test_758.bin: opened: 29312 us, closed:   904 us, I/O:  29378 us, total: 130597 us, speed:   340 KB/s, CRC32: 0xC61C2AA0
File test_759.bin: opened: 29334 us, closed:   901 us, I/O:  42115 us, total: 143560 us, speed:   237 KB/s, CRC32: 0xC61C2AA0
File test_760.bin: opened: 29302 us, closed:   905 us, I/O:  28732 us, total: 129960 us, speed:   348 KB/s, CRC32: 0xC61C2AA0
File test_761.bin: opened: 29077 us, closed:   912 us, I/O:  35021 us, total: 136813 us, speed:   285 KB/s, CRC32: 0xC61C2AA0
File test_762.bin: opened: 29482 us, closed:   906 us, I/O:  29269 us, total: 131002 us, speed:   341 KB/s, CRC32: 0xC61C2AA0
File test_763.bin: opened: 29525 us, closed:   907 us, I/O:  36613 us, total: 138567 us, speed:   273 KB/s, CRC32: 0xC61C2AA0
File test_764.bin: opened: 29544 us, closed:   902 us, I/O:  42349 us, total: 144338 us, speed:   236 KB/s, CRC32: 0xC61C2AA0
File test_765.bin: opened: 35531 us, closed:   895 us, I/O:  28880 us, total: 130810 us, speed:   346 KB/s, CRC32: 0xC61C2AA0
File test_766.bin: opened: 29542 us, closed:   898 us, I/O:  29073 us, total: 131039 us, speed:   343 KB/s, CRC32: 0xC61C2AA0
File test_767.bin: opened: 29652 us, closed:   887 us, I/O:  42912 us, total: 145106 us, speed:   233 KB/s, CRC32: 0xC61C2AA0
File test_768.bin: opened: 35606 us, closed:   896 us, I/O:  37903 us, total: 140114 us, speed:   263 KB/s, CRC32: 0xC61C2AA0
File test_769.bin: opened: 29350 us, closed:   905 us, I/O:  34929 us, total: 137499 us, speed:   286 KB/s, CRC32: 0xC61C2AA0
File test_770.bin: opened: 35808 us, closed:   901 us, I/O:  29158 us, total: 131816 us, speed:   342 KB/s, CRC32: 0xC61C2AA0
File test_771.bin: opened: 29807 us, closed:   905 us, I/O:  29389 us, total: 132117 us, speed:   340 KB/s, CRC32: 0xC61C2AA0
File test_772.bin: opened: 29823 us, closed:   899 us, I/O:  42293 us, total: 145178 us, speed:   236 KB/s, CRC32: 0xC61C2AA0
File test_773.bin: opened: 35767 us, closed:   896 us, I/O:  28823 us, total: 131608 us, speed:   346 KB/s, CRC32: 0xC61C2AA0
File test_774.bin: opened: 29900 us, closed:   900 us, I/O:  29089 us, total: 132030 us, speed:   343 KB/s, CRC32: 0xC61C2AA0
File test_775.bin: opened: 29942 us, closed:   894 us, I/O:  35200 us, total: 138236 us, speed:   284 KB/s, CRC32: 0xC61C2AA0
File test_776.bin: opened: 35935 us, closed:   914 us, I/O:  36736 us, total: 139838 us, speed:   272 KB/s, CRC32: 0xC61C2AA0
File test_777.bin: opened: 29660 us, closed:   906 us, I/O:  42500 us, total: 146061 us, speed:   235 KB/s, CRC32: 0xC61C2AA0
File test_778.bin: opened: 36087 us, closed:   901 us, I/O:  28987 us, total: 132479 us, speed:   344 KB/s, CRC32: 0xC61C2AA0
File test_779.bin: opened: 30119 us, closed:   903 us, I/O:  29223 us, total: 132776 us, speed:   342 KB/s, CRC32: 0xC61C2AA0
File test_780.bin: opened: 30151 us, closed:   898 us, I/O:  43012 us, total: 146660 us, speed:   232 KB/s, CRC32: 0xC61C2AA0
File test_781.bin: opened: 36103 us, closed:   902 us, I/O:  37988 us, total: 141790 us, speed:   263 KB/s, CRC32: 0xC61C2AA0
File test_782.bin: opened: 30200 us, closed:   895 us, I/O:  34843 us, total: 138607 us, speed:   287 KB/s, CRC32: 0xC61C2AA0
File test_783.bin: opened: 30240 us, closed:   900 us, I/O:  29182 us, total: 133025 us, speed:   342 KB/s, CRC32: 0xC61C2AA0
File test_784.bin: opened: 30254 us, closed:   894 us, I/O:  29354 us, total: 133257 us, speed:   340 KB/s, CRC32: 0xC61C2AA0
File test_785.bin: opened: 30031 us, closed:   918 us, I/O:  42470 us, total: 147169 us, speed:   235 KB/s, CRC32: 0xC61C2AA0
File test_786.bin: opened: 36375 us, closed:   903 us, I/O:  28858 us, total: 133398 us, speed:   346 KB/s, CRC32: 0xC61C2AA0
File test_787.bin: opened: 30418 us, closed:   906 us, I/O:  29030 us, total: 133616 us, speed:   344 KB/s, CRC32: 0xC61C2AA0
File test_788.bin: opened: 30523 us, closed:   908 us, I/O:  35108 us, total: 139809 us, speed:   284 KB/s, CRC32: 0xC61C2AA0
File test_789.bin: opened: 36449 us, closed:   913 us, I/O:  36795 us, total: 141487 us, speed:   271 KB/s, CRC32: 0xC61C2AA0
File test_790.bin: opened: 30466 us, closed:   903 us, I/O:  42529 us, total: 147129 us, speed:   235 KB/s, CRC32: 0xC61C2AA0
File test_791.bin: opened: 36497 us, closed:   902 us, I/O:  28942 us, total: 133698 us, speed:   345 KB/s, CRC32: 0xC61C2AA0
File test_792.bin: opened: 30534 us, closed:   898 us, I/O:  29043 us, total: 133889 us, speed:   344 KB/s, CRC32: 0xC61C2AA0
File test_793.bin: opened: 30266 us, closed:   925 us, I/O:  43151 us, total: 148493 us, speed:   231 KB/s, CRC32: 0xC61C2AA0
File test_794.bin: opened: 30732 us, closed:   934 us, I/O:  38105 us, total: 143547 us, speed:   262 KB/s, CRC32: 0xC61C2AA0
File test_795.bin: opened: 30770 us, closed:   912 us, I/O:  34956 us, total: 140388 us, speed:   286 KB/s, CRC32: 0xC61C2AA0
File test_796.bin: opened: 36757 us, closed:   899 us, I/O:  29096 us, total: 134663 us, speed:   343 KB/s, CRC32: 0xC61C2AA0
File test_797.bin: opened: 30798 us, closed:   909 us, I/O:  29267 us, total: 135230 us, speed:   341 KB/s, CRC32: 0xC61C2AA0
File test_798.bin: opened: 30857 us, closed:   896 us, I/O:  36554 us, total: 148387 us, speed:   273 KB/s, CRC32: 0xC61C2AA0
File test_799.bin: opened: 30798 us, closed:   898 us, I/O:  28770 us, total: 134506 us, speed:   347 KB/s, CRC32: 0xC61C2AA0
File test_800.bin: opened: 30876 us, closed:   900 us, I/O:  34899 us, total: 140552 us, speed:   286 KB/s, CRC32: 0xC61C2AA0
File test_801.bin: opened: 36499 us, closed:   918 us, I/O:  29190 us, total: 135445 us, speed:   342 KB/s, CRC32: 0xC61C2AA0
File test_802.bin: opened: 30996 us, closed:   912 us, I/O:  36977 us, total: 143334 us, speed:   270 KB/s, CRC32: 0xC61C2AA0
File test_803.bin: opened: 36998 us, closed:   915 us, I/O:  36745 us, total: 143100 us, speed:   272 KB/s, CRC32: 0xC61C2AA0
File test_804.bin: opened: 31014 us, closed:   917 us, I/O:  28841 us, total: 135223 us, speed:   346 KB/s, CRC32: 0xC61C2AA0
File test_805.bin: opened: 31077 us, closed:   937 us, I/O:  35097 us, total: 141594 us, speed:   284 KB/s, CRC32: 0xC61C2AA0
File test_806.bin: opened: 37072 us, closed:   909 us, I/O:  37312 us, total: 143867 us, speed:   268 KB/s, CRC32: 0xC61C2AA0
File test_807.bin: opened: 31080 us, closed:   911 us, I/O:  44235 us, total: 150738 us, speed:   226 KB/s, CRC32: 0xC61C2AA0
File test_808.bin: opened: 37113 us, closed:   911 us, I/O:  28894 us, total: 135580 us, speed:   346 KB/s, CRC32: 0xC61C2AA0
File test_809.bin: opened: 30846 us, closed:   916 us, I/O:  29075 us, total: 136181 us, speed:   343 KB/s, CRC32: 0xC61C2AA0
File test_810.bin: opened: 31334 us, closed:   906 us, I/O:  29327 us, total: 142488 us, speed:   340 KB/s, CRC32: 0xC61C2AA0
File test_811.bin: opened: 31313 us, closed:   911 us, I/O:  36671 us, total: 144059 us, speed:   272 KB/s, CRC32: 0xC61C2AA0
File test_812.bin: opened: 31358 us, closed:   912 us, I/O:  34748 us, total: 141989 us, speed:   287 KB/s, CRC32: 0xC61C2AA0
File test_813.bin: opened: 37341 us, closed:   910 us, I/O:  29016 us, total: 136394 us, speed:   344 KB/s, CRC32: 0xC61C2AA0
File test_814.bin: opened: 31395 us, closed:  6863 us, I/O:  29187 us, total: 142555 us, speed:   342 KB/s, CRC32: 0xC61C2AA0
File test_815.bin: opened: 37382 us, closed:   922 us, I/O:  37078 us, total: 144695 us, speed:   269 KB/s, CRC32: 0xC61C2AA0
File test_816.bin: opened: 31432 us, closed:   902 us, I/O:  36746 us, total: 144292 us, speed:   272 KB/s, CRC32: 0xC61C2AA0
File test_817.bin: opened: 31180 us, closed:   904 us, I/O:  28903 us, total: 142908 us, speed:   345 KB/s, CRC32: 0xC61C2AA0
File test_818.bin: opened: 31591 us, closed:   912 us, I/O:  29144 us, total: 137254 us, speed:   343 KB/s, CRC32: 0xC61C2AA0
File test_819.bin: opened: 31668 us, closed:   903 us, I/O:  43368 us, total: 151535 us, speed:   230 KB/s, CRC32: 0xC61C2AA0
File test_820.bin: opened: 37618 us, closed:   902 us, I/O:  38367 us, total: 146491 us, speed:   260 KB/s, CRC32: 0xC61C2AA0
File test_821.bin: opened: 31685 us, closed:   898 us, I/O:  34879 us, total: 143109 us, speed:   286 KB/s, CRC32: 0xC61C2AA0
File test_822.bin: opened: 37657 us, closed:   899 us, I/O:  29103 us, total: 137433 us, speed:   343 KB/s, CRC32: 0xC61C2AA0
File test_823.bin: opened: 31769 us, closed:   904 us, I/O:  29370 us, total: 137783 us, speed:   340 KB/s, CRC32: 0xC61C2AA0
File test_824.bin: opened: 37771 us, closed:   908 us, I/O:  36749 us, total: 151439 us, speed:   272 KB/s, CRC32: 0xC61C2AA0
File test_825.bin: opened: 31453 us, closed:   913 us, I/O:  28925 us, total: 137842 us, speed:   345 KB/s, CRC32: 0xC61C2AA0
File test_826.bin: opened: 31928 us, closed:   920 us, I/O:  34952 us, total: 143905 us, speed:   286 KB/s, CRC32: 0xC61C2AA0
File test_827.bin: opened: 37872 us, closed:   913 us, I/O:  29298 us, total: 138258 us, speed:   341 KB/s, CRC32: 0xC61C2AA0
File test_828.bin: opened: 31947 us, closed:   919 us, I/O:  43202 us, total: 152240 us, speed:   231 KB/s, CRC32: 0xC61C2AA0
File test_829.bin: opened: 37937 us, closed:   933 us, I/O:  36988 us, total: 146120 us, speed:   270 KB/s, CRC32: 0xC61C2AA0
File test_830.bin: opened: 31968 us, closed:   903 us, I/O:  34977 us, total: 144044 us, speed:   285 KB/s, CRC32: 0xC61C2AA0
File test_831.bin: opened: 38003 us, closed:   903 us, I/O:  29173 us, total: 138392 us, speed:   342 KB/s, CRC32: 0xC61C2AA0
File test_832.bin: opened: 32063 us, closed:   900 us, I/O:  45180 us, total: 154478 us, speed:   221 KB/s, CRC32: 0xC61C2AA0
File test_833.bin: opened: 37719 us, closed:   914 us, I/O:  37038 us, total: 146750 us, speed:   269 KB/s, CRC32: 0xC61C2AA0
File test_834.bin: opened: 32155 us, closed:   904 us, I/O:  28965 us, total: 138653 us, speed:   345 KB/s, CRC32: 0xC61C2AA0
File test_835.bin: opened: 38208 us, closed:   907 us, I/O:  29142 us, total: 144860 us, speed:   343 KB/s, CRC32: 0xC61C2AA0
File test_836.bin: opened: 32216 us, closed:   901 us, I/O:  29320 us, total: 139186 us, speed:   341 KB/s, CRC32: 0xC61C2AA0
File test_837.bin: opened: 32315 us, closed:   903 us, I/O:  42844 us, total: 153111 us, speed:   233 KB/s, CRC32: 0xC61C2AA0
File test_838.bin: opened: 32289 us, closed:   898 us, I/O:  28781 us, total: 138779 us, speed:   347 KB/s, CRC32: 0xC61C2AA0
File test_839.bin: opened: 32335 us, closed:   906 us, I/O:  34991 us, total: 145042 us, speed:   285 KB/s, CRC32: 0xC61C2AA0
File test_840.bin: opened: 38294 us, closed:   893 us, I/O:  29204 us, total: 139350 us, speed:   342 KB/s, CRC32: 0xC61C2AA0
File test_841.bin: opened: 32043 us, closed:   915 us, I/O:  43378 us, total: 153976 us, speed:   230 KB/s, CRC32: 0xC61C2AA0
File test_842.bin: opened: 38432 us, closed:   905 us, I/O:  37194 us, total: 147859 us, speed:   268 KB/s, CRC32: 0xC61C2AA0
File test_843.bin: opened: 32505 us, closed:   904 us, I/O:  34950 us, total: 145710 us, speed:   286 KB/s, CRC32: 0xC61C2AA0
File test_844.bin: opened: 38541 us, closed:   915 us, I/O:  29146 us, total: 140088 us, speed:   343 KB/s, CRC32: 0xC61C2AA0
File test_845.bin: opened: 32581 us, closed:  6883 us, I/O:  39292 us, total: 156254 us, speed:   254 KB/s, CRC32: 0xC61C2AA0
File test_846.bin: opened: 38568 us, closed:   912 us, I/O:  37091 us, total: 148001 us, speed:   269 KB/s, CRC32: 0xC61C2AA0
File test_847.bin: opened: 32609 us, closed:   899 us, I/O:  28912 us, total: 139822 us, speed:   345 KB/s, CRC32: 0xC61C2AA0
File test_848.bin: opened: 38615 us, closed:   900 us, I/O:  29069 us, total: 146157 us, speed:   344 KB/s, CRC32: 0xC61C2AA0
File test_849.bin: opened: 32370 us, closed:   905 us, I/O:  29256 us, total: 140874 us, speed:   341 KB/s, CRC32: 0xC61C2AA0
File test_850.bin: opened: 32821 us, closed:   911 us, I/O:  42932 us, total: 154701 us, speed:   232 KB/s, CRC32: 0xC61C2AA0
File test_851.bin: opened: 32803 us, closed:   906 us, I/O:  28880 us, total: 140610 us, speed:   346 KB/s, CRC32: 0xC61C2AA0
File test_852.bin: opened: 32861 us, closed:   933 us, I/O:  34914 us, total: 146670 us, speed:   286 KB/s, CRC32: 0xC61C2AA0
File test_853.bin: opened: 38853 us, closed:   925 us, I/O:  29231 us, total: 141128 us, speed:   342 KB/s, CRC32: 0xC61C2AA0
File test_854.bin: opened: 32918 us, closed:   915 us, I/O:  43441 us, total: 155348 us, speed:   230 KB/s, CRC32: 0xC61C2AA0
File test_855.bin: opened: 38895 us, closed:   903 us, I/O:  37241 us, total: 149215 us, speed:   268 KB/s, CRC32: 0xC61C2AA0
File test_856.bin: opened: 32984 us, closed:   902 us, I/O:  34828 us, total: 146852 us, speed:   287 KB/s, CRC32: 0xC61C2AA0
File test_857.bin: opened: 38697 us, closed:   912 us, I/O:  29110 us, total: 141611 us, speed:   343 KB/s, CRC32: 0xC61C2AA0
File test_858.bin: opened: 33100 us, closed:   899 us, I/O:  45357 us, total: 157816 us, speed:   220 KB/s, CRC32: 0xC61C2AA0
File test_859.bin: opened: 39122 us, closed:   906 us, I/O:  37189 us, total: 149790 us, speed:   268 KB/s, CRC32: 0xC61C2AA0
File test_860.bin: opened: 33162 us, closed:   922 us, I/O:  34805 us, total: 147372 us, speed:   287 KB/s, CRC32: 0xC61C2AA0
File test_861.bin: opened: 39172 us, closed:   905 us, I/O:  29066 us, total: 141738 us, speed:   344 KB/s, CRC32: 0xC61C2AA0
File test_862.bin: opened: 33218 us, closed:   900 us, I/O:  35254 us, total: 148074 us, speed:   283 KB/s, CRC32: 0xC61C2AA0
File test_863.bin: opened: 39224 us, closed:   907 us, I/O:  37179 us, total: 150262 us, speed:   268 KB/s, CRC32: 0xC61C2AA0
File test_864.bin: opened: 33228 us, closed:   896 us, I/O:  34736 us, total: 147514 us, speed:   287 KB/s, CRC32: 0xC61C2AA0
File test_865.bin: opened: 38951 us, closed:   938 us, I/O:  29012 us, total: 142434 us, speed:   344 KB/s, CRC32: 0xC61C2AA0
File test_866.bin: opened: 33429 us, closed:   908 us, I/O:  29245 us, total: 142609 us, speed:   341 KB/s, CRC32: 0xC61C2AA0
File test_867.bin: opened: 39432 us, closed:   908 us, I/O:  37542 us, total: 157068 us, speed:   266 KB/s, CRC32: 0xC61C2AA0
File test_868.bin: opened: 33461 us, closed:   897 us, I/O:  43227 us, total: 156764 us, speed:   231 KB/s, CRC32: 0xC61C2AA0
File test_869.bin: opened: 39479 us, closed:   907 us, I/O:  28912 us, total: 142545 us, speed:   345 KB/s, CRC32: 0xC61C2AA0
File test_870.bin: opened: 33540 us, closed:   903 us, I/O:  29102 us, total: 142752 us, speed:   343 KB/s, CRC32: 0xC61C2AA0
File test_871.bin: opened: 39465 us, closed:   899 us, I/O:  39476 us, total: 159157 us, speed:   253 KB/s, CRC32: 0xC61C2AA0
File test_872.bin: opened: 33512 us, closed:   909 us, I/O:  43265 us, total: 156895 us, speed:   231 KB/s, CRC32: 0xC61C2AA0
File test_873.bin: opened: 39258 us, closed:   903 us, I/O:  28850 us, total: 143136 us, speed:   346 KB/s, CRC32: 0xC61C2AA0
File test_874.bin: opened: 33732 us, closed:   911 us, I/O:  35054 us, total: 149259 us, speed:   285 KB/s, CRC32: 0xC61C2AA0
File test_875.bin: opened: 39725 us, closed:   907 us, I/O:  29372 us, total: 143649 us, speed:   340 KB/s, CRC32: 0xC61C2AA0
File test_876.bin: opened: 33803 us, closed:   899 us, I/O:  43202 us, total: 157726 us, speed:   231 KB/s, CRC32: 0xC61C2AA0
File test_877.bin: opened: 39755 us, closed:   899 us, I/O:  28767 us, total: 143223 us, speed:   347 KB/s, CRC32: 0xC61C2AA0
File test_878.bin: opened: 33810 us, closed:  6903 us, I/O:  28988 us, total: 149428 us, speed:   344 KB/s, CRC32: 0xC61C2AA0
File test_879.bin: opened: 39829 us, closed:   897 us, I/O:  29243 us, total: 143877 us, speed:   341 KB/s, CRC32: 0xC61C2AA0
File test_880.bin: opened: 33881 us, closed:   926 us, I/O:  43573 us, total: 158295 us, speed:   229 KB/s, CRC32: 0xC61C2AA0
File test_881.bin: opened: 39528 us, closed:   917 us, I/O:  37492 us, total: 152514 us, speed:   266 KB/s, CRC32: 0xC61C2AA0
File test_882.bin: opened: 33975 us, closed:   917 us, I/O:  34943 us, total: 149910 us, speed:   286 KB/s, CRC32: 0xC61C2AA0
File test_883.bin: opened: 39995 us, closed:   905 us, I/O:  29123 us, total: 144381 us, speed:   343 KB/s, CRC32: 0xC61C2AA0
File test_884.bin: opened: 34079 us, closed:   917 us, I/O:  45617 us, total: 160878 us, speed:   219 KB/s, CRC32: 0xC61C2AA0
File test_885.bin: opened: 40016 us, closed:   918 us, I/O:  37448 us, total: 152846 us, speed:   267 KB/s, CRC32: 0xC61C2AA0
File test_886.bin: opened: 34125 us, closed:   909 us, I/O:  34913 us, total: 150265 us, speed:   286 KB/s, CRC32: 0xC61C2AA0
File test_887.bin: opened: 40095 us, closed:   913 us, I/O:  29117 us, total: 144627 us, speed:   343 KB/s, CRC32: 0xC61C2AA0
File test_888.bin: opened: 34199 us, closed:   904 us, I/O:  35246 us, total: 150798 us, speed:   283 KB/s, CRC32: 0xC61C2AA0
File test_889.bin: opened: 39917 us, closed:   913 us, I/O:  37376 us, total: 153579 us, speed:   267 KB/s, CRC32: 0xC61C2AA0
File test_890.bin: opened: 34345 us, closed:   915 us, I/O:  34791 us, total: 150864 us, speed:   287 KB/s, CRC32: 0xC61C2AA0
File test_891.bin: opened: 40234 us, closed:   913 us, I/O:  29053 us, total: 145225 us, speed:   344 KB/s, CRC32: 0xC61C2AA0
File test_892.bin: opened: 34421 us, closed:   915 us, I/O:  35118 us, total: 151417 us, speed:   284 KB/s, CRC32: 0xC61C2AA0
File test_893.bin: opened: 40390 us, closed:   941 us, I/O:  37787 us, total: 154092 us, speed:   264 KB/s, CRC32: 0xC61C2AA0
File test_894.bin: opened: 34411 us, closed:   931 us, I/O:  43460 us, total: 159751 us, speed:   230 KB/s, CRC32: 0xC61C2AA0
File test_895.bin: opened: 34427 us, closed:   903 us, I/O:  28897 us, total: 145318 us, speed:   346 KB/s, CRC32: 0xC61C2AA0
File test_896.bin: opened: 34480 us, closed:   909 us, I/O:  30682 us, total: 153025 us, speed:   325 KB/s, CRC32: 0xC61C2AA0
File test_897.bin: opened: 34246 us, closed:   915 us, I/O:  38103 us, total: 155141 us, speed:   262 KB/s, CRC32: 0xC61C2AA0
File test_898.bin: opened: 40615 us, closed:   910 us, I/O:  37496 us, total: 160480 us, speed:   266 KB/s, CRC32: 0xC61C2AA0
File test_899.bin: opened: 34657 us, closed:   915 us, I/O:  34870 us, total: 151971 us, speed:   286 KB/s, CRC32: 0xC61C2AA0
File test_900.bin: opened: 40593 us, closed:   904 us, I/O:  29023 us, total: 146063 us, speed:   344 KB/s, CRC32: 0xC61C2AA0
File test_901.bin: opened: 34703 us, closed:   904 us, I/O:  35233 us, total: 152385 us, speed:   283 KB/s, CRC32: 0xC61C2AA0
File test_902.bin: opened: 40725 us, closed:   904 us, I/O:  37470 us, total: 154848 us, speed:   266 KB/s, CRC32: 0xC61C2AA0
File test_903.bin: opened: 34736 us, closed:   903 us, I/O:  34825 us, total: 152079 us, speed:   287 KB/s, CRC32: 0xC61C2AA0
File test_904.bin: opened: 40677 us, closed:   908 us, I/O:  28902 us, total: 146250 us, speed:   345 KB/s, CRC32: 0xC61C2AA0
File test_905.bin: opened: 34490 us, closed:   906 us, I/O:  35101 us, total: 152894 us, speed:   284 KB/s, CRC32: 0xC61C2AA0
File test_906.bin: opened: 40864 us, closed:   910 us, I/O:  37930 us, total: 155753 us, speed:   263 KB/s, CRC32: 0xC61C2AA0
File test_907.bin: opened: 34941 us, closed:   913 us, I/O:  43593 us, total: 161444 us, speed:   229 KB/s, CRC32: 0xC61C2AA0
File test_908.bin: opened: 34957 us, closed:   910 us, I/O:  28871 us, total: 146818 us, speed:   346 KB/s, CRC32: 0xC61C2AA0
File test_909.bin: opened: 35029 us, closed:   910 us, I/O:  36718 us, total: 154785 us, speed:   272 KB/s, CRC32: 0xC61C2AA0
File test_910.bin: opened: 35019 us, closed:   906 us, I/O:  38269 us, total: 156364 us, speed:   261 KB/s, CRC32: 0xC61C2AA0
File test_911.bin: opened: 40993 us, closed:   909 us, I/O:  37573 us, total: 161741 us, speed:   266 KB/s, CRC32: 0xC61C2AA0
File test_912.bin: opened: 35051 us, closed:   908 us, I/O:  34839 us, total: 153108 us, speed:   287 KB/s, CRC32: 0xC61C2AA0
File test_913.bin: opened: 40765 us, closed:   912 us, I/O:  29029 us, total: 147759 us, speed:   344 KB/s, CRC32: 0xC61C2AA0
File test_914.bin: opened: 35223 us, closed:   906 us, I/O:  35304 us, total: 153963 us, speed:   283 KB/s, CRC32: 0xC61C2AA0
File test_915.bin: opened: 41271 us, closed:   914 us, I/O:  37576 us, total: 156651 us, speed:   266 KB/s, CRC32: 0xC61C2AA0
File test_916.bin: opened: 35288 us, closed:   903 us, I/O:  34659 us, total: 153553 us, speed:   288 KB/s, CRC32: 0xC61C2AA0
File test_917.bin: opened: 41275 us, closed:   900 us, I/O:  28968 us, total: 147994 us, speed:   345 KB/s, CRC32: 0xC61C2AA0
File test_918.bin: opened: 35337 us, closed:   918 us, I/O:  35098 us, total: 154152 us, speed:   284 KB/s, CRC32: 0xC61C2AA0
File test_919.bin: opened: 41326 us, closed:   901 us, I/O:  37930 us, total: 157098 us, speed:   263 KB/s, CRC32: 0xC61C2AA0
File test_920.bin: opened: 35357 us, closed:   898 us, I/O:  37599 us, total: 162714 us, speed:   265 KB/s, CRC32: 0xC61C2AA0
File test_921.bin: opened: 35119 us, closed:   906 us, I/O:  28805 us, total: 148406 us, speed:   347 KB/s, CRC32: 0xC61C2AA0
File test_922.bin: opened: 41515 us, closed:   913 us, I/O:  30638 us, total: 156245 us, speed:   326 KB/s, CRC32: 0xC61C2AA0
File test_923.bin: opened: 35565 us, closed:   902 us, I/O:  44434 us, total: 164149 us, speed:   225 KB/s, CRC32: 0xC61C2AA0
File test_924.bin: opened: 41499 us, closed:   909 us, I/O:  37654 us, total: 157441 us, speed:   265 KB/s, CRC32: 0xC61C2AA0
File test_925.bin: opened: 35567 us, closed:   934 us, I/O:  34829 us, total: 154681 us, speed:   287 KB/s, CRC32: 0xC61C2AA0
File test_926.bin: opened: 35576 us, closed:   901 us, I/O:  29067 us, total: 148905 us, speed:   344 KB/s, CRC32: 0xC61C2AA0
File test_927.bin: opened: 35651 us, closed:   903 us, I/O:  29264 us, total: 155168 us, speed:   341 KB/s, CRC32: 0xC61C2AA0
File test_928.bin: opened: 35688 us, closed:   898 us, I/O:  37692 us, total: 157909 us, speed:   265 KB/s, CRC32: 0xC61C2AA0
File test_929.bin: opened: 41375 us, closed:   903 us, I/O:  28767 us, total: 155164 us, speed:   347 KB/s, CRC32: 0xC61C2AA0
File test_930.bin: opened: 35811 us, closed:   912 us, I/O:  35002 us, total: 155504 us, speed:   285 KB/s, CRC32: 0xC61C2AA0
File test_931.bin: opened: 41763 us, closed:   905 us, I/O:  29207 us, total: 149691 us, speed:   342 KB/s, CRC32: 0xC61C2AA0
File test_932.bin: opened: 35862 us, closed:   909 us, I/O:  44053 us, total: 164714 us, speed:   226 KB/s, CRC32: 0xC61C2AA0
File test_933.bin: opened: 41827 us, closed:   907 us, I/O:  37873 us, total: 158489 us, speed:   264 KB/s, CRC32: 0xC61C2AA0
File test_934.bin: opened: 35885 us, closed:   896 us, I/O:  28922 us, total: 155510 us, speed:   345 KB/s, CRC32: 0xC61C2AA0
File test_935.bin: opened: 35869 us, closed:   899 us, I/O:  30710 us, total: 151383 us, speed:   325 KB/s, CRC32: 0xC61C2AA0
File test_936.bin: opened: 42000 us, closed:   896 us, I/O:  38422 us, total: 165315 us, speed:   260 KB/s, CRC32: 0xC61C2AA0
File test_937.bin: opened: 35733 us, closed:   911 us, I/O:  43907 us, total: 165251 us, speed:   227 KB/s, CRC32: 0xC61C2AA0
File test_938.bin: opened: 42058 us, closed:   912 us, I/O:  28930 us, total: 150160 us, speed:   345 KB/s, CRC32: 0xC61C2AA0
File test_939.bin: opened: 36121 us, closed:   902 us, I/O:  35007 us, total: 156350 us, speed:   285 KB/s, CRC32: 0xC61C2AA0
File test_940.bin: opened: 36128 us, closed:   900 us, I/O:  29211 us, total: 150634 us, speed:   342 KB/s, CRC32: 0xC61C2AA0
File test_941.bin: opened: 36193 us, closed:   899 us, I/O:  37798 us, total: 165482 us, speed:   264 KB/s, CRC32: 0xC61C2AA0
File test_942.bin: opened: 36202 us, closed:   900 us, I/O:  28740 us, total: 150163 us, speed:   347 KB/s, CRC32: 0xC61C2AA0
File test_943.bin: opened: 42244 us, closed:   916 us, I/O:  28958 us, total: 156646 us, speed:   345 KB/s, CRC32: 0xC61C2AA0
File test_944.bin: opened: 36295 us, closed:   892 us, I/O:  35107 us, total: 156812 us, speed:   284 KB/s, CRC32: 0xC61C2AA0
File test_945.bin: opened: 41957 us, closed:   911 us, I/O:  38255 us, total: 160487 us, speed:   261 KB/s, CRC32: 0xC61C2AA0
File test_946.bin: opened: 36429 us, closed:   904 us, I/O:  43962 us, total: 166167 us, speed:   227 KB/s, CRC32: 0xC61C2AA0
File test_947.bin: opened: 36432 us, closed:   900 us, I/O:  28900 us, total: 151211 us, speed:   346 KB/s, CRC32: 0xC61C2AA0
File test_948.bin: opened: 42432 us, closed:   901 us, I/O:  30637 us, total: 159069 us, speed:   326 KB/s, CRC32: 0xC61C2AA0
File test_949.bin: opened: 36468 us, closed:   896 us, I/O:  44502 us, total: 167024 us, speed:   224 KB/s, CRC32: 0xC61C2AA0
File test_950.bin: opened: 42484 us, closed:   908 us, I/O:  37991 us, total: 160500 us, speed:   263 KB/s, CRC32: 0xC61C2AA0
File test_951.bin: opened: 36558 us, closed:   904 us, I/O:  28859 us, total: 157370 us, speed:   346 KB/s, CRC32: 0xC61C2AA0
File test_952.bin: opened: 36545 us, closed:   898 us, I/O:  29020 us, total: 151599 us, speed:   344 KB/s, CRC32: 0xC61C2AA0
File test_953.bin: opened: 42290 us, closed:   919 us, I/O:  29271 us, total: 158448 us, speed:   341 KB/s, CRC32: 0xC61C2AA0
File test_954.bin: opened: 36761 us, closed:   904 us, I/O:  43950 us, total: 167227 us, speed:   227 KB/s, CRC32: 0xC61C2AA0
File test_955.bin: opened: 42704 us, closed:   919 us, I/O:  28743 us, total: 152019 us, speed:   347 KB/s, CRC32: 0xC61C2AA0
File test_956.bin: opened: 36745 us, closed:   902 us, I/O:  34887 us, total: 158120 us, speed:   286 KB/s, CRC32: 0xC61C2AA0
File test_957.bin: opened: 36790 us, closed:   894 us, I/O:  29173 us, total: 152553 us, speed:   342 KB/s, CRC32: 0xC61C2AA0
File test_958.bin: opened: 36858 us, closed:   903 us, I/O:  38307 us, total: 167656 us, speed:   261 KB/s, CRC32: 0xC61C2AA0
File test_959.bin: opened: 36863 us, closed:   898 us, I/O:  44005 us, total: 167468 us, speed:   227 KB/s, CRC32: 0xC61C2AA0
File test_960.bin: opened: 42869 us, closed:   887 us, I/O:  30385 us, total: 153899 us, speed:   329 KB/s, CRC32: 0xC61C2AA0
File test_961.bin: opened: 36612 us, closed:   915 us, I/O:  35034 us, total: 158873 us, speed:   285 KB/s, CRC32: 0xC61C2AA0
File test_962.bin: opened: 37079 us, closed:   934 us, I/O:  38640 us, total: 162723 us, speed:   258 KB/s, CRC32: 0xC61C2AA0
File test_963.bin: opened: 42951 us, closed:   904 us, I/O:  38157 us, total: 168163 us, speed:   262 KB/s, CRC32: 0xC61C2AA0
File test_964.bin: opened: 37095 us, closed:   904 us, I/O:  34833 us, total: 158996 us, speed:   287 KB/s, CRC32: 0xC61C2AA0
File test_965.bin: opened: 43055 us, closed:   908 us, I/O:  29039 us, total: 153352 us, speed:   344 KB/s, CRC32: 0xC61C2AA0
File test_966.bin: opened: 37166 us, closed:   902 us, I/O:  29194 us, total: 159493 us, speed:   342 KB/s, CRC32: 0xC61C2AA0
File test_967.bin: opened: 37158 us, closed:  6862 us, I/O:  38012 us, total: 168552 us, speed:   263 KB/s, CRC32: 0xC61C2AA0
File test_968.bin: opened: 43103 us, closed:   913 us, I/O:  28632 us, total: 153167 us, speed:   349 KB/s, CRC32: 0xC61C2AA0
File test_969.bin: opened: 36912 us, closed:   910 us, I/O:  34785 us, total: 159584 us, speed:   287 KB/s, CRC32: 0xC61C2AA0
File test_970.bin: opened: 43268 us, closed:   902 us, I/O:  29111 us, total: 154057 us, speed:   343 KB/s, CRC32: 0xC61C2AA0
File test_971.bin: opened: 37416 us, closed:   900 us, I/O:  44362 us, total: 169431 us, speed:   225 KB/s, CRC32: 0xC61C2AA0
File test_972.bin: opened: 37420 us, closed:   908 us, I/O:  44107 us, total: 169295 us, speed:   226 KB/s, CRC32: 0xC61C2AA0
File test_973.bin: opened: 43333 us, closed:   905 us, I/O:  30316 us, total: 155500 us, speed:   329 KB/s, CRC32: 0xC61C2AA0
File test_974.bin: opened: 37470 us, closed:   899 us, I/O:  35066 us, total: 160293 us, speed:   285 KB/s, CRC32: 0xC61C2AA0
File test_975.bin: opened: 37504 us, closed:   901 us, I/O:  38764 us, total: 164184 us, speed:   257 KB/s, CRC32: 0xC61C2AA0
File test_976.bin: opened: 43428 us, closed:   900 us, I/O:  38054 us, total: 169357 us, speed:   262 KB/s, CRC32: 0xC61C2AA0
File test_977.bin: opened: 37222 us, closed:   903 us, I/O:  34857 us, total: 160482 us, speed:   286 KB/s, CRC32: 0xC61C2AA0
File test_978.bin: opened: 37619 us, closed:   916 us, I/O:  29078 us, total: 154897 us, speed:   343 KB/s, CRC32: 0xC61C2AA0
File test_979.bin: opened: 43688 us, closed:   933 us, I/O:  29212 us, total: 161106 us, speed:   342 KB/s, CRC32: 0xC61C2AA0
File test_980.bin: opened: 37702 us, closed:   901 us, I/O:  44018 us, total: 170208 us, speed:   227 KB/s, CRC32: 0xC61C2AA0
File test_981.bin: opened: 43688 us, closed:   917 us, I/O:  28646 us, total: 154731 us, speed:   349 KB/s, CRC32: 0xC61C2AA0
File test_982.bin: opened: 37705 us, closed:   903 us, I/O:  34887 us, total: 160954 us, speed:   286 KB/s, CRC32: 0xC61C2AA0
File test_983.bin: opened: 37748 us, closed:   891 us, I/O:  29071 us, total: 155221 us, speed:   343 KB/s, CRC32: 0xC61C2AA0
File test_984.bin: opened: 43775 us, closed:   899 us, I/O:  38454 us, total: 170685 us, speed:   260 KB/s, CRC32: 0xC61C2AA0
File test_985.bin: opened: 37557 us, closed:   905 us, I/O:  44257 us, total: 170818 us, speed:   225 KB/s, CRC32: 0xC61C2AA0
File test_986.bin: opened: 37916 us, closed:   926 us, I/O:  30382 us, total: 157086 us, speed:   329 KB/s, CRC32: 0xC61C2AA0
File test_987.bin: opened: 43977 us, closed:   905 us, I/O:  29090 us, total: 161908 us, speed:   343 KB/s, CRC32: 0xC61C2AA0
File test_988.bin: opened: 37987 us, closed:   900 us, I/O:  44857 us, total: 171737 us, speed:   222 KB/s, CRC32: 0xC61C2AA0
File test_989.bin: opened: 37939 us, closed:   906 us, I/O:  38246 us, total: 165082 us, speed:   261 KB/s, CRC32: 0xC61C2AA0
File test_990.bin: opened: 44045 us, closed:   900 us, I/O:  28766 us, total: 161746 us, speed:   347 KB/s, CRC32: 0xC61C2AA0
File test_991.bin: opened: 38065 us, closed:   898 us, I/O:  34967 us, total: 162025 us, speed:   285 KB/s, CRC32: 0xC61C2AA0
File test_992.bin: opened: 44011 us, closed:   904 us, I/O:  29101 us, total: 156244 us, speed:   343 KB/s, CRC32: 0xC61C2AA0
File test_993.bin: opened: 37868 us, closed:   909 us, I/O:  44174 us, total: 171951 us, speed:   226 KB/s, CRC32: 0xC61C2AA0
File test_994.bin: opened: 38264 us, closed:   903 us, I/O:  28733 us, total: 156421 us, speed:   348 KB/s, CRC32: 0xC61C2AA0
File test_995.bin: opened: 44217 us, closed:   913 us, I/O:  28838 us, total: 156583 us, speed:   346 KB/s, CRC32: 0xC61C2AA0
File test_996.bin: opened: 38326 us, closed:   898 us, I/O:  35053 us, total: 162844 us, speed:   285 KB/s, CRC32: 0xC61C2AA0
File test_997.bin: opened: 38364 us, closed:   916 us, I/O:  38509 us, total: 166472 us, speed:   259 KB/s, CRC32: 0xC61C2AA0
File test_998.bin: opened: 44357 us, closed:   903 us, I/O:  38276 us, total: 172118 us, speed:   261 KB/s, CRC32: 0xC61C2AA0
File test_999.bin: opened: 38396 us, closed:   899 us, I/O:  36336 us, total: 164329 us, speed:   275 KB/s, CRC32: 0xC61C2AA0
File test_1000.bin: opened: 38417 us, closed:   894 us, I/O:  29051 us, total: 157086 us, speed:   344 KB/s, CRC32: 0xC61C2AA0


=== Write Test Statistics ===
Successful operations: 1000
Failed operations:     0
Data processed: 10000 KB (10240000 bytes)

Timing breakdown:
  Open time     - Avg: 16555.2 us, Min:     30 us, Max:  44357 us, Diff: 147756.7%
  Close time    - Avg:  966.7 us, Min:    887 us, Max:   6911 us, Diff: 679.1%

Speed statistics:
  Max speed:      349 KB/s
  Avg speed:      301 KB/s
  Min speed:      219 KB/s

Data integrity:
  CRC errors    : 0
  Pattern errors: 0
  Size errors   : 0
  Total errors  : 0

Press any key to continue...
