
=== FileX Read Test ===

=== Test Configuration ===
Files count      : 1000
File size        : 10240 bytes (10.0 KB)
Block size       : 65536 bytes (64.0 KB)
Data pattern     : Constant (0xAA)
Data verification: Enabled
Reading 1000 files of 10240 bytes each...
File test_001.bin: opened:  6829 us, closed:     2 us, I/O:  11719 us, total:  23866 us, speed:   853 KB/s, CRC: OK, Pattern: OK, Size: OK (0xC61C2AA0)
File test_002.bin: opened:   109 us, closed:     2 us, I/O:   2091 us, total:   7537 us, speed:  4782 KB/s, CRC: OK, Pattern: OK, Size: OK (0xC61C2AA0)
File test_003.bin: opened:   122 us, closed:     2 us, I/O:   2040 us, total:   7512 us, speed:  4901 KB/s, CRC: OK, Pattern: OK, Size: OK (0xC61C2AA0)
File test_004.bin: opened:   135 us, closed:     2 us, I/O:   2017 us, total:   7490 us, speed:  4957 KB/s, CRC: OK, Pattern: OK, Size: OK (0xC61C2AA0)
File test_005.bin: opened:   150 us, closed:     2 us, I/O:   2027 us, total:   7484 us, speed:  4933 KB/s, CRC: OK, Pattern: OK, Size: OK (0xC61C2AA0)
File test_006.bin: opened:   167 us, closed:     2 us, I/O:   2043 us, total:   7524 us, speed:  4894 KB/s, CRC: OK, Pattern: OK, Size: OK (0xC61C2AA0)
File test_007.bin: opened:   180 us, closed:     2 us, I/O:   2042 us, total:   7602 us, speed:  4897 KB/s, CRC: OK, Pattern: OK, Size: OK (0xC61C2AA0)
File test_008.bin: opened:   193 us, closed:     2 us, I/O:   2038 us, total:   7566 us, speed:  4906 KB/s, CRC: OK, Pattern: OK, Size: OK (0xC61C2AA0)
File test_009.bin: opened:   423 us, closed:     2 us, I/O:  11768 us, total:  23501 us, speed:   849 KB/s, CRC: OK, Pattern: OK, Size: OK (0xC61C2AA0)
File test_010.bin: opened:   218 us, closed:     2 us, I/O:   2089 us, total:   7668 us, speed:  4786 KB/s, CRC: OK, Pattern: OK, Size: OK (0xC61C2AA0)
File test_011.bin: opened:   230 us, closed:     2 us, I/O:   2071 us, total:   7649 us, speed:  4828 KB/s, CRC: OK, Pattern: OK, Size: OK (0xC61C2AA0)
File test_012.bin: opened:   248 us, closed:     2 us, I/O:   2018 us, total:   7628 us, speed:  4955 KB/s, CRC: OK, Pattern: OK, Size: OK (0xC61C2AA0)
File test_013.bin: opened:   521 us, closed:     2 us, I/O:  11700 us, total:  17609 us, speed:   854 KB/s, CRC: OK, Pattern: OK, Size: OK (0xC61C2AA0)
File test_014.bin: opened:   271 us, closed:     2 us, I/O:   2068 us, total:   7719 us, speed:  4835 KB/s, CRC: OK, Pattern: OK, Size: OK (0xC61C2AA0)
File test_015.bin: opened:   288 us, closed:     2 us, I/O:   2030 us, total:   7652 us, speed:  4926 KB/s, CRC: OK, Pattern: OK, Size: OK (0xC61C2AA0)
File test_016.bin: opened:   318 us, closed:     2 us, I/O:   2084 us, total:   7725 us, speed:  4798 KB/s, CRC: OK, Pattern: OK, Size: OK (0xC61C2AA0)
File test_017.bin: opened:   523 us, closed:     2 us, I/O:  11614 us, total:  17471 us, speed:   861 KB/s, CRC: OK, Pattern: OK, Size: OK (0xC61C2AA0)
File test_018.bin: opened:   332 us, closed:     2 us, I/O:   7990 us, total:  13675 us, speed:  1251 KB/s, CRC: OK, Pattern: OK, Size: OK (0xC61C2AA0)
File test_019.bin: opened:   369 us, closed:     2 us, I/O:   2063 us, total:   7744 us, speed:  4847 KB/s, CRC: OK, Pattern: OK, Size: OK (0xC61C2AA0)
File test_020.bin: opened:   351 us, closed:     2 us, I/O:   2058 us, total:   7764 us, speed:  4859 KB/s, CRC: OK, Pattern: OK, Size: OK (0xC61C2AA0)
File test_021.bin: opened:   364 us, closed:     2 us, I/O:   2083 us, total:   7809 us, speed:  4800 KB/s, CRC: OK, Pattern: OK, Size: OK (0xC61C2AA0)
File test_022.bin: opened:   379 us, closed:     2 us, I/O:   2066 us, total:   7793 us, speed:  4840 KB/s, CRC: OK, Pattern: OK, Size: OK (0xC61C2AA0)
File test_023.bin: opened:   395 us, closed:     2 us, I/O:   2047 us, total:   7781 us, speed:  4885 KB/s, CRC: OK, Pattern: OK, Size: OK (0xC61C2AA0)
File test_024.bin: opened:   434 us, closed:     2 us, I/O:   2053 us, total:   7824 us, speed:  4870 KB/s, CRC: OK, Pattern: OK, Size: OK (0xC61C2AA0)
File test_025.bin: opened:   629 us, closed:     2 us, I/O:  11610 us, total:  17614 us, speed:   861 KB/s, CRC: OK, Pattern: OK, Size: OK (0xC61C2AA0)
File test_026.bin: opened:   703 us, closed:     2 us, I/O:  11519 us, total:  23502 us, speed:   868 KB/s, CRC: OK, Pattern: OK, Size: OK (0xC61C2AA0)
File test_027.bin: opened:   449 us, closed:     2 us, I/O:   2069 us, total:   7901 us, speed:  4833 KB/s, CRC: OK, Pattern: OK, Size: OK (0xC61C2AA0)
File test_028.bin: opened:   462 us, closed:     2 us, I/O:   2064 us, total:   7862 us, speed:  4844 KB/s, CRC: OK, Pattern: OK, Size: OK (0xC61C2AA0)
File test_029.bin: opened:   479 us, closed:     2 us, I/O:   2017 us, total:   7837 us, speed:  4957 KB/s, CRC: OK, Pattern: OK, Size: OK (0xC61C2AA0)
File test_030.bin: opened:   493 us, closed:     2 us, I/O:   2056 us, total:   7840 us, speed:  4863 KB/s, CRC: OK, Pattern: OK, Size: OK (0xC61C2AA0)
File test_031.bin: opened:   524 us, closed:     2 us, I/O:   2086 us, total:   7989 us, speed:  4793 KB/s, CRC: OK, Pattern: OK, Size: OK (0xC61C2AA0)
File test_032.bin: opened:   518 us, closed:     2 us, I/O:   2088 us, total:   7955 us, speed:  4789 KB/s, CRC: OK, Pattern: OK, Size: OK (0xC61C2AA0)
File test_033.bin: opened:   731 us, closed:     2 us, I/O:  11487 us, total:  17546 us, speed:   870 KB/s, CRC: OK, Pattern: OK, Size: OK (0xC61C2AA0)
File test_034.bin: opened:   564 us, closed:     2 us, I/O:   2038 us, total:   7960 us, speed:  4906 KB/s, CRC: OK, Pattern: OK, Size: OK (0xC61C2AA0)
File test_035.bin: opened:   561 us, closed:     2 us, I/O:   2023 us, total:   7890 us, speed:  4943 KB/s, CRC: OK, Pattern: OK, Size: OK (0xC61C2AA0)
File test_036.bin: opened:  6545 us, closed:     2 us, I/O:   2081 us, total:  13962 us, speed:  4805 KB/s, CRC: OK, Pattern: OK, Size: OK (0xC61C2AA0)
File test_037.bin: opened:   586 us, closed:     2 us, I/O:   2083 us, total:   7987 us, speed:  4800 KB/s, CRC: OK, Pattern: OK, Size: OK (0xC61C2AA0)
File test_038.bin: opened:   603 us, closed:     2 us, I/O:   2049 us, total:   7975 us, speed:  4880 KB/s, CRC: OK, Pattern: OK, Size: OK (0xC61C2AA0)
File test_039.bin: opened:   898 us, closed:     2 us, I/O:  11374 us, total:  17595 us, speed:   879 KB/s, CRC: OK, Pattern: OK, Size: OK (0xC61C2AA0)
File test_040.bin: opened:   627 us, closed:     2 us, I/O:   2037 us, total:   8037 us, speed:  4909 KB/s, CRC: OK, Pattern: OK, Size: OK (0xC61C2AA0)
File test_041.bin: opened:   829 us, closed:     2 us, I/O:  11434 us, total:  17642 us, speed:   874 KB/s, CRC: OK, Pattern: OK, Size: OK (0xC61C2AA0)
File test_042.bin: opened:   653 us, closed:     2 us, I/O:   2080 us, total:   8066 us, speed:  4807 KB/s, CRC: OK, Pattern: OK, Size: OK (0xC61C2AA0)
File test_043.bin: opened:   688 us, closed:     2 us, I/O:   2084 us, total:   8117 us, speed:  4798 KB/s, CRC: OK, Pattern: OK, Size: OK (0xC61C2AA0)
File test_044.bin: opened:   675 us, closed:     2 us, I/O:   2074 us, total:  14019 us, speed:  4821 KB/s, CRC: OK, Pattern: OK, Size: OK (0xC61C2AA0)
File test_045.bin: opened:   693 us, closed:     2 us, I/O:   2090 us, total:   8084 us, speed:  4784 KB/s, CRC: OK, Pattern: OK, Size: OK (0xC61C2AA0)
File test_046.bin: opened:   709 us, closed:     2 us, I/O:   2088 us, total:   8128 us, speed:  4789 KB/s, CRC: OK, Pattern: OK, Size: OK (0xC61C2AA0)
File test_047.bin: opened:   726 us, closed:     2 us, I/O:   2065 us, total:   8135 us, speed:  4842 KB/s, CRC: OK, Pattern: OK, Size: OK (0xC61C2AA0)
File test_048.bin: opened:   735 us, closed:     2 us, I/O:   2032 us, total:   8082 us, speed:  4921 KB/s, CRC: OK, Pattern: OK, Size: OK (0xC61C2AA0)
File test_049.bin: opened:   947 us, closed:     2 us, I/O:  11322 us, total:  17628 us, speed:   883 KB/s, CRC: OK, Pattern: OK, Size: OK (0xC61C2AA0)
File test_050.bin: opened:   760 us, closed:     2 us, I/O:   2018 us, total:   8106 us, speed:  4955 KB/s, CRC: OK, Pattern: OK, Size: OK (0xC61C2AA0)
File test_051.bin: opened:   771 us, closed:     2 us, I/O:   2068 us, total:   8200 us, speed:  4835 KB/s, CRC: OK, Pattern: OK, Size: OK (0xC61C2AA0)
File test_052.bin: opened:  1036 us, closed:     2 us, I/O:  11262 us, total:  23656 us, speed:   887 KB/s, CRC: OK, Pattern: OK, Size: OK (0xC61C2AA0)
File test_053.bin: opened:   807 us, closed:     2 us, I/O:   2065 us, total:   8208 us, speed:  4842 KB/s, CRC: OK, Pattern: OK, Size: OK (0xC61C2AA0)
File test_054.bin: opened:   836 us, closed:     2 us, I/O:   2089 us, total:   8255 us, speed:  4786 KB/s, CRC: OK, Pattern: OK, Size: OK (0xC61C2AA0)
File test_055.bin: opened:   829 us, closed:     2 us, I/O:   2088 us, total:   8267 us, speed:  4789 KB/s, CRC: OK, Pattern: OK, Size: OK (0xC61C2AA0)
File test_056.bin: opened:   847 us, closed:     2 us, I/O:   2063 us, total:   8230 us, speed:  4847 KB/s, CRC: OK, Pattern: OK, Size: OK (0xC61C2AA0)
File test_057.bin: opened:  1073 us, closed:     2 us, I/O:  11266 us, total:  17686 us, speed:   887 KB/s, CRC: OK, Pattern: OK, Size: OK (0xC61C2AA0)
File test_058.bin: opened:   871 us, closed:     2 us, I/O:   2017 us, total:   8253 us, speed:  4957 KB/s, CRC: OK, Pattern: OK, Size: OK (0xC61C2AA0)
File test_059.bin: opened:   887 us, closed:     2 us, I/O:   2056 us, total:   8298 us, speed:  4863 KB/s, CRC: OK, Pattern: OK, Size: OK (0xC61C2AA0)
File test_060.bin: opened:   892 us, closed:     2 us, I/O:   2082 us, total:   8328 us, speed:  4803 KB/s, CRC: OK, Pattern: OK, Size: OK (0xC61C2AA0)
File test_061.bin: opened:   911 us, closed:     2 us, I/O:   2083 us, total:  14296 us, speed:  4800 KB/s, CRC: OK, Pattern: OK, Size: OK (0xC61C2AA0)
File test_062.bin: opened:   925 us, closed:     2 us, I/O:   2040 us, total:   8317 us, speed:  4901 KB/s, CRC: OK, Pattern: OK, Size: OK (0xC61C2AA0)
File test_063.bin: opened:   937 us, closed:     2 us, I/O:   2092 us, total:   8371 us, speed:  4780 KB/s, CRC: OK, Pattern: OK, Size: OK (0xC61C2AA0)
File test_064.bin: opened:  1205 us, closed:     2 us, I/O:  11165 us, total:  17702 us, speed:   895 KB/s, CRC: OK, Pattern: OK, Size: OK (0xC61C2AA0)
File test_065.bin: opened:  1178 us, closed:     2 us, I/O:  11267 us, total:  17778 us, speed:   887 KB/s, CRC: OK, Pattern: OK, Size: OK (0xC61C2AA0)
File test_066.bin: opened:   983 us, closed:     2 us, I/O:   2107 us, total:   8419 us, speed:  4746 KB/s, CRC: OK, Pattern: OK, Size: OK (0xC61C2AA0)
File test_067.bin: opened:   994 us, closed:     2 us, I/O:   2016 us, total:   8398 us, speed:  4960 KB/s, CRC: OK, Pattern: OK, Size: OK (0xC61C2AA0)
File test_068.bin: opened:  1009 us, closed:     2 us, I/O:   2058 us, total:   8400 us, speed:  4859 KB/s, CRC: OK, Pattern: OK, Size: OK (0xC61C2AA0)
File test_069.bin: opened:  1018 us, closed:     2 us, I/O:   2017 us, total:  14373 us, speed:  4957 KB/s, CRC: OK, Pattern: OK, Size: OK (0xC61C2AA0)
File test_070.bin: opened:  1031 us, closed:     2 us, I/O:   2083 us, total:   8448 us, speed:  4800 KB/s, CRC: OK, Pattern: OK, Size: OK (0xC61C2AA0)
File test_071.bin: opened:  1044 us, closed:     2 us, I/O:   2086 us, total:   8498 us, speed:  4793 KB/s, CRC: OK, Pattern: OK, Size: OK (0xC61C2AA0)
File test_072.bin: opened:  1058 us, closed:     2 us, I/O:   2082 us, total:   8479 us, speed:  4803 KB/s, CRC: OK, Pattern: OK, Size: OK (0xC61C2AA0)
File test_073.bin: opened:  1279 us, closed:     2 us, I/O:  11134 us, total:  17754 us, speed:   898 KB/s, CRC: OK, Pattern: OK, Size: OK (0xC61C2AA0)
File test_074.bin: opened:  1090 us, closed:     2 us, I/O:   2086 us, total:   8500 us, speed:  4793 KB/s, CRC: OK, Pattern: OK, Size: OK (0xC61C2AA0)
File test_075.bin: opened:  1124 us, closed:     2 us, I/O:   2082 us, total:   8594 us, speed:  4803 KB/s, CRC: OK, Pattern: OK, Size: OK (0xC61C2AA0)
File test_076.bin: opened:  1116 us, closed:     2 us, I/O:   2042 us, total:   8529 us, speed:  4897 KB/s, CRC: OK, Pattern: OK, Size: OK (0xC61C2AA0)
File test_077.bin: opened:  1382 us, closed:     2 us, I/O:  11034 us, total:  23728 us, speed:   906 KB/s, CRC: OK, Pattern: OK, Size: OK (0xC61C2AA0)
File test_078.bin: opened:  1164 us, closed:     2 us, I/O:   2031 us, total:   8559 us, speed:  4923 KB/s, CRC: OK, Pattern: OK, Size: OK (0xC61C2AA0)
File test_079.bin: opened:  1156 us, closed:     2 us, I/O:   2083 us, total:   8572 us, speed:  4800 KB/s, CRC: OK, Pattern: OK, Size: OK (0xC61C2AA0)
File test_080.bin: opened:  1170 us, closed:     2 us, I/O:   2038 us, total:   8579 us, speed:  4906 KB/s, CRC: OK, Pattern: OK, Size: OK (0xC61C2AA0)
File test_081.bin: opened:  1379 us, closed:     2 us, I/O:  11044 us, total:  17767 us, speed:   905 KB/s, CRC: OK, Pattern: OK, Size: OK (0xC61C2AA0)
File test_082.bin: opened:  1196 us, closed:     2 us, I/O:   2042 us, total:   8589 us, speed:  4897 KB/s, CRC: OK, Pattern: OK, Size: OK (0xC61C2AA0)
File test_083.bin: opened:  1233 us, closed:     2 us, I/O:   2042 us, total:   8594 us, speed:  4897 KB/s, CRC: OK, Pattern: OK, Size: OK (0xC61C2AA0)
File test_084.bin: opened:  1224 us, closed:     2 us, I/O:   2032 us, total:   8605 us, speed:  4921 KB/s, CRC: OK, Pattern: OK, Size: OK (0xC61C2AA0)
File test_085.bin: opened:  1253 us, closed:     2 us, I/O:   2056 us, total:   8671 us, speed:  4863 KB/s, CRC: OK, Pattern: OK, Size: OK (0xC61C2AA0)
File test_086.bin: opened:  1253 us, closed:     2 us, I/O:   7977 us, total:  14554 us, speed:  1253 KB/s, CRC: OK, Pattern: OK, Size: OK (0xC61C2AA0)
File test_087.bin: opened:  1270 us, closed:     2 us, I/O:   2046 us, total:   8636 us, speed:  4887 KB/s, CRC: OK, Pattern: OK, Size: OK (0xC61C2AA0)
File test_088.bin: opened:  1279 us, closed:     2 us, I/O:   2063 us, total:   8673 us, speed:  4847 KB/s, CRC: OK, Pattern: OK, Size: OK (0xC61C2AA0)
File test_089.bin: opened:  1488 us, closed:     2 us, I/O:  10982 us, total:  17846 us, speed:   910 KB/s, CRC: OK, Pattern: OK, Size: OK (0xC61C2AA0)
File test_090.bin: opened:  1566 us, closed:     2 us, I/O:  10904 us, total:  17836 us, speed:   917 KB/s, CRC: OK, Pattern: OK, Size: OK (0xC61C2AA0)
File test_091.bin: opened:  1333 us, closed:     2 us, I/O:   2017 us, total:   8674 us, speed:  4957 KB/s, CRC: OK, Pattern: OK, Size: OK (0xC61C2AA0)
File test_092.bin: opened:  1328 us, closed:     2 us, I/O:   2091 us, total:   8779 us, speed:  4782 KB/s, CRC: OK, Pattern: OK, Size: OK (0xC61C2AA0)
File test_093.bin: opened:  1343 us, closed:     2 us, I/O:   2050 us, total:   8723 us, speed:  4878 KB/s, CRC: OK, Pattern: OK, Size: OK (0xC61C2AA0)
File test_094.bin: opened:  7318 us, closed:     2 us, I/O:   2074 us, total:  14701 us, speed:  4821 KB/s, CRC: OK, Pattern: OK, Size: OK (0xC61C2AA0)
File test_095.bin: opened:  1391 us, closed:     2 us, I/O:   2055 us, total:   8774 us, speed:  4866 KB/s, CRC: OK, Pattern: OK, Size: OK (0xC61C2AA0)
File test_096.bin: opened:  1389 us, closed:     2 us, I/O:   2039 us, total:   8762 us, speed:  4904 KB/s, CRC: OK, Pattern: OK, Size: OK (0xC61C2AA0)
File test_097.bin: opened:  1586 us, closed:     2 us, I/O:  10915 us, total:  17845 us, speed:   916 KB/s, CRC: OK, Pattern: OK, Size: OK (0xC61C2AA0)
File test_098.bin: opened:  1414 us, closed:     2 us, I/O:   2091 us, total:   8833 us, speed:  4782 KB/s, CRC: OK, Pattern: OK, Size: OK (0xC61C2AA0)
File test_099.bin: opened:  1449 us, closed:     2 us, I/O:   2017 us, total:   8819 us, speed:  4957 KB/s, CRC: OK, Pattern: OK, Size: OK (0xC61C2AA0)
File test_100.bin: opened:  1402 us, closed:     2 us, I/O:   2057 us, total:   8804 us, speed:  4861 KB/s, CRC: OK, Pattern: OK, Size: OK (0xC61C2AA0)
File test_101.bin: opened:  1421 us, closed:     2 us, I/O:   2048 us, total:   8765 us, speed:  4882 KB/s, CRC: OK, Pattern: OK, Size: OK (0xC61C2AA0)
File test_102.bin: opened:  1447 us, closed:     2 us, I/O:   2083 us, total:  14846 us, speed:  4800 KB/s, CRC: OK, Pattern: OK, Size: OK (0xC61C2AA0)
File test_103.bin: opened:  1704 us, closed:     2 us, I/O:  10847 us, total:  17855 us, speed:   921 KB/s, CRC: OK, Pattern: OK, Size: OK (0xC61C2AA0)
File test_104.bin: opened:  1465 us, closed:     2 us, I/O:   2055 us, total:   8859 us, speed:  4866 KB/s, CRC: OK, Pattern: OK, Size: OK (0xC61C2AA0)
File test_105.bin: opened:  1671 us, closed:     2 us, I/O:  10855 us, total:  17884 us, speed:   921 KB/s, CRC: OK, Pattern: OK, Size: OK (0xC61C2AA0)
File test_106.bin: opened:  1490 us, closed:     2 us, I/O:   2050 us, total:   8893 us, speed:  4878 KB/s, CRC: OK, Pattern: OK, Size: OK (0xC61C2AA0)
File test_107.bin: opened:  1522 us, closed:     2 us, I/O:   2026 us, total:   8897 us, speed:  4935 KB/s, CRC: OK, Pattern: OK, Size: OK (0xC61C2AA0)
File test_108.bin: opened:  1515 us, closed:     2 us, I/O:   2026 us, total:   8890 us, speed:  4935 KB/s, CRC: OK, Pattern: OK, Size: OK (0xC61C2AA0)
File test_109.bin: opened:  1525 us, closed:     2 us, I/O:   2014 us, total:   8858 us, speed:  4965 KB/s, CRC: OK, Pattern: OK, Size: OK (0xC61C2AA0)
File test_110.bin: opened:  1541 us, closed:     2 us, I/O:   8009 us, total:  14879 us, speed:  1248 KB/s, CRC: OK, Pattern: OK, Size: OK (0xC61C2AA0)
File test_111.bin: opened:  1557 us, closed:     2 us, I/O:   2026 us, total:   8944 us, speed:  4935 KB/s, CRC: OK, Pattern: OK, Size: OK (0xC61C2AA0)
File test_112.bin: opened:  1569 us, closed:     2 us, I/O:   2024 us, total:   8941 us, speed:  4940 KB/s, CRC: OK, Pattern: OK, Size: OK (0xC61C2AA0)
File test_113.bin: opened:  1798 us, closed:     2 us, I/O:  10758 us, total:  17889 us, speed:   929 KB/s, CRC: OK, Pattern: OK, Size: OK (0xC61C2AA0)
File test_114.bin: opened:  1609 us, closed:     2 us, I/O:   2017 us, total:   8976 us, speed:  4957 KB/s, CRC: OK, Pattern: OK, Size: OK (0xC61C2AA0)
File test_115.bin: opened:  1634 us, closed:     2 us, I/O:   2025 us, total:   9030 us, speed:  4938 KB/s, CRC: OK, Pattern: OK, Size: OK (0xC61C2AA0)
File test_116.bin: opened:  1886 us, closed:     2 us, I/O:  10679 us, total:  17879 us, speed:   936 KB/s, CRC: OK, Pattern: OK, Size: OK (0xC61C2AA0)
File test_117.bin: opened:  1638 us, closed:     2 us, I/O:   2024 us, total:   9032 us, speed:  4940 KB/s, CRC: OK, Pattern: OK, Size: OK (0xC61C2AA0)
File test_118.bin: opened:  1654 us, closed:     2 us, I/O:   2028 us, total:   9006 us, speed:  4930 KB/s, CRC: OK, Pattern: OK, Size: OK (0xC61C2AA0)
File test_119.bin: opened:  1700 us, closed:     2 us, I/O:   2053 us, total:   9058 us, speed:  4870 KB/s, CRC: OK, Pattern: OK, Size: OK (0xC61C2AA0)
File test_120.bin: opened:  1708 us, closed:     2 us, I/O:   2018 us, total:   9050 us, speed:  4955 KB/s, CRC: OK, Pattern: OK, Size: OK (0xC61C2AA0)
File test_121.bin: opened:  1901 us, closed:     2 us, I/O:  10699 us, total:  17972 us, speed:   934 KB/s, CRC: OK, Pattern: OK, Size: OK (0xC61C2AA0)
File test_122.bin: opened:  1705 us, closed:     2 us, I/O:   2056 us, total:   9164 us, speed:  4863 KB/s, CRC: OK, Pattern: OK, Size: OK (0xC61C2AA0)
File test_123.bin: opened:  1720 us, closed:     2 us, I/O:   2066 us, total:   9188 us, speed:  4840 KB/s, CRC: OK, Pattern: OK, Size: OK (0xC61C2AA0)
File test_124.bin: opened:  1730 us, closed:     2 us, I/O:   2016 us, total:   9106 us, speed:  4960 KB/s, CRC: OK, Pattern: OK, Size: OK (0xC61C2AA0)
File test_125.bin: opened:  1740 us, closed:     2 us, I/O:   2024 us, total:   9166 us, speed:  4940 KB/s, CRC: OK, Pattern: OK, Size: OK (0xC61C2AA0)
File test_126.bin: opened:  1762 us, closed:     2 us, I/O:   8016 us, total:  15053 us, speed:  1247 KB/s, CRC: OK, Pattern: OK, Size: OK (0xC61C2AA0)
File test_127.bin: opened:  1776 us, closed:     2 us, I/O:   2092 us, total:   9193 us, speed:  4780 KB/s, CRC: OK, Pattern: OK, Size: OK (0xC61C2AA0)
File test_128.bin: opened:  2030 us, closed:     2 us, I/O:  10601 us, total:  17980 us, speed:   943 KB/s, CRC: OK, Pattern: OK, Size: OK (0xC61C2AA0)
File test_129.bin: opened:  2006 us, closed:     2 us, I/O:  10635 us, total:  17982 us, speed:   940 KB/s, CRC: OK, Pattern: OK, Size: OK (0xC61C2AA0)
File test_130.bin: opened:  1813 us, closed:     2 us, I/O:   2032 us, total:   9198 us, speed:  4921 KB/s, CRC: OK, Pattern: OK, Size: OK (0xC61C2AA0)
File test_131.bin: opened:  1823 us, closed:     2 us, I/O:   2025 us, total:   9232 us, speed:  4938 KB/s, CRC: OK, Pattern: OK, Size: OK (0xC61C2AA0)
File test_132.bin: opened:  1872 us, closed:     2 us, I/O:   2016 us, total:   9215 us, speed:  4960 KB/s, CRC: OK, Pattern: OK, Size: OK (0xC61C2AA0)
File test_133.bin: opened:  1886 us, closed:     2 us, I/O:   2025 us, total:  15197 us, speed:  4938 KB/s, CRC: OK, Pattern: OK, Size: OK (0xC61C2AA0)
File test_134.bin: opened:  1871 us, closed:     2 us, I/O:   2069 us, total:   9298 us, speed:  4833 KB/s, CRC: OK, Pattern: OK, Size: OK (0xC61C2AA0)
File test_135.bin: opened:  1884 us, closed:     2 us, I/O:   2039 us, total:   9267 us, speed:  4904 KB/s, CRC: OK, Pattern: OK, Size: OK (0xC61C2AA0)
File test_136.bin: opened:  1897 us, closed:     2 us, I/O:   2052 us, total:   9269 us, speed:  4873 KB/s, CRC: OK, Pattern: OK, Size: OK (0xC61C2AA0)
File test_137.bin: opened:  2107 us, closed:     2 us, I/O:  10520 us, total:  17968 us, speed:   950 KB/s, CRC: OK, Pattern: OK, Size: OK (0xC61C2AA0)
File test_138.bin: opened:  1945 us, closed:     2 us, I/O:   2080 us, total:   9383 us, speed:  4807 KB/s, CRC: OK, Pattern: OK, Size: OK (0xC61C2AA0)
File test_139.bin: opened:  1977 us, closed:     2 us, I/O:   2078 us, total:   9348 us, speed:  4812 KB/s, CRC: OK, Pattern: OK, Size: OK (0xC61C2AA0)
File test_140.bin: opened:  1947 us, closed:     2 us, I/O:   2075 us, total:   9357 us, speed:  4819 KB/s, CRC: OK, Pattern: OK, Size: OK (0xC61C2AA0)
File test_141.bin: opened:  2203 us, closed:     2 us, I/O:  16469 us, total:  23976 us, speed:   607 KB/s, CRC: OK, Pattern: OK, Size: OK (0xC61C2AA0)
File test_142.bin: opened:  2000 us, closed:     2 us, I/O:   2025 us, total:   9355 us, speed:  4938 KB/s, CRC: OK, Pattern: OK, Size: OK (0xC61C2AA0)
File test_143.bin: opened:  2016 us, closed:     2 us, I/O:   2053 us, total:   9398 us, speed:  4870 KB/s, CRC: OK, Pattern: OK, Size: OK (0xC61C2AA0)
File test_144.bin: opened:  2026 us, closed:     2 us, I/O:   2078 us, total:   9438 us, speed:  4812 KB/s, CRC: OK, Pattern: OK, Size: OK (0xC61C2AA0)
File test_145.bin: opened:  2230 us, closed:     2 us, I/O:  10435 us, total:  18001 us, speed:   958 KB/s, CRC: OK, Pattern: OK, Size: OK (0xC61C2AA0)
File test_146.bin: opened:  2041 us, closed:     2 us, I/O:   2050 us, total:   9454 us, speed:  4878 KB/s, CRC: OK, Pattern: OK, Size: OK (0xC61C2AA0)
File test_147.bin: opened:  2045 us, closed:     2 us, I/O:   2052 us, total:   9495 us, speed:  4873 KB/s, CRC: OK, Pattern: OK, Size: OK (0xC61C2AA0)
File test_148.bin: opened:  2063 us, closed:     2 us, I/O:   2085 us, total:   9517 us, speed:  4796 KB/s, CRC: OK, Pattern: OK, Size: OK (0xC61C2AA0)
File test_149.bin: opened:  2075 us, closed:     2 us, I/O:   8050 us, total:  15450 us, speed:  1242 KB/s, CRC: OK, Pattern: OK, Size: OK (0xC61C2AA0)
File test_150.bin: opened:  2110 us, closed:     2 us, I/O:   2021 us, total:   9453 us, speed:  4948 KB/s, CRC: OK, Pattern: OK, Size: OK (0xC61C2AA0)
File test_151.bin: opened:  2121 us, closed:     2 us, I/O:   2097 us, total:   9548 us, speed:  4768 KB/s, CRC: OK, Pattern: OK, Size: OK (0xC61C2AA0)
File test_152.bin: opened:  2138 us, closed:     2 us, I/O:   2034 us, total:   9493 us, speed:  4916 KB/s, CRC: OK, Pattern: OK, Size: OK (0xC61C2AA0)
File test_153.bin: opened:  2333 us, closed:     2 us, I/O:  10400 us, total:  18105 us, speed:   961 KB/s, CRC: OK, Pattern: OK, Size: OK (0xC61C2AA0)
File test_154.bin: opened:  2394 us, closed:     2 us, I/O:  10392 us, total:  18142 us, speed:   962 KB/s, CRC: OK, Pattern: OK, Size: OK (0xC61C2AA0)
File test_155.bin: opened:  2159 us, closed:     2 us, I/O:   2047 us, total:   9575 us, speed:  4885 KB/s, CRC: OK, Pattern: OK, Size: OK (0xC61C2AA0)
File test_156.bin: opened:  2167 us, closed:     2 us, I/O:   2018 us, total:  15538 us, speed:  4955 KB/s, CRC: OK, Pattern: OK, Size: OK (0xC61C2AA0)
File test_157.bin: opened:  2188 us, closed:     2 us, I/O:   2020 us, total:   9526 us, speed:  4950 KB/s, CRC: OK, Pattern: OK, Size: OK (0xC61C2AA0)
File test_158.bin: opened:  2201 us, closed:     2 us, I/O:   2049 us, total:   9597 us, speed:  4880 KB/s, CRC: OK, Pattern: OK, Size: OK (0xC61C2AA0)
File test_159.bin: opened:  2216 us, closed:     2 us, I/O:   2086 us, total:   9636 us, speed:  4793 KB/s, CRC: OK, Pattern: OK, Size: OK (0xC61C2AA0)
File test_160.bin: opened:  2222 us, closed:     2 us, I/O:   2074 us, total:   9636 us, speed:  4821 KB/s, CRC: OK, Pattern: OK, Size: OK (0xC61C2AA0)
File test_161.bin: opened:  2453 us, closed:     2 us, I/O:  10286 us, total:  18141 us, speed:   972 KB/s, CRC: OK, Pattern: OK, Size: OK (0xC61C2AA0)
File test_162.bin: opened:  2255 us, closed:     2 us, I/O:   2017 us, total:   9625 us, speed:  4957 KB/s, CRC: OK, Pattern: OK, Size: OK (0xC61C2AA0)
File test_163.bin: opened:  2285 us, closed:     2 us, I/O:   2051 us, total:   9678 us, speed:  4875 KB/s, CRC: OK, Pattern: OK, Size: OK (0xC61C2AA0)
File test_164.bin: opened:  2292 us, closed:     2 us, I/O:   2020 us, total:  15616 us, speed:  4950 KB/s, CRC: OK, Pattern: OK, Size: OK (0xC61C2AA0)
File test_165.bin: opened:  2318 us, closed:     2 us, I/O:   2077 us, total:   9713 us, speed:  4814 KB/s, CRC: OK, Pattern: OK, Size: OK (0xC61C2AA0)
File test_166.bin: opened:  2329 us, closed:     2 us, I/O:   2080 us, total:   9811 us, speed:  4807 KB/s, CRC: OK, Pattern: OK, Size: OK (0xC61C2AA0)
File test_167.bin: opened:  2593 us, closed:     2 us, I/O:  10219 us, total:  18116 us, speed:   978 KB/s, CRC: OK, Pattern: OK, Size: OK (0xC61C2AA0)
File test_168.bin: opened:  2348 us, closed:     2 us, I/O:   2090 us, total:   9780 us, speed:  4784 KB/s, CRC: OK, Pattern: OK, Size: OK (0xC61C2AA0)
File test_169.bin: opened:  2567 us, closed:     2 us, I/O:  10312 us, total:  18211 us, speed:   969 KB/s, CRC: OK, Pattern: OK, Size: OK (0xC61C2AA0)
File test_170.bin: opened:  2376 us, closed:     2 us, I/O:   2035 us, total:   9761 us, speed:  4914 KB/s, CRC: OK, Pattern: OK, Size: OK (0xC61C2AA0)
File test_171.bin: opened:  2390 us, closed:     2 us, I/O:   2063 us, total:  15769 us, speed:  4847 KB/s, CRC: OK, Pattern: OK, Size: OK (0xC61C2AA0)
File test_172.bin: opened:  2413 us, closed:     2 us, I/O:   2082 us, total:   9834 us, speed:  4803 KB/s, CRC: OK, Pattern: OK, Size: OK (0xC61C2AA0)
File test_173.bin: opened:  2425 us, closed:     2 us, I/O:   2087 us, total:   9868 us, speed:  4791 KB/s, CRC: OK, Pattern: OK, Size: OK (0xC61C2AA0)
File test_174.bin: opened:  2441 us, closed:     2 us, I/O:   2035 us, total:   9772 us, speed:  4914 KB/s, CRC: OK, Pattern: OK, Size: OK (0xC61C2AA0)
File test_175.bin: opened:  2431 us, closed:     2 us, I/O:   2018 us, total:   9864 us, speed:  4955 KB/s, CRC: OK, Pattern: OK, Size: OK (0xC61C2AA0)
File test_176.bin: opened:  2461 us, closed:     2 us, I/O:   2069 us, total:   9929 us, speed:  4833 KB/s, CRC: OK, Pattern: OK, Size: OK (0xC61C2AA0)
File test_177.bin: opened:  2677 us, closed:     2 us, I/O:  10154 us, total:  18171 us, speed:   984 KB/s, CRC: OK, Pattern: OK, Size: OK (0xC61C2AA0)
File test_178.bin: opened:  2492 us, closed:     2 us, I/O:   2046 us, total:   9880 us, speed:  4887 KB/s, CRC: OK, Pattern: OK, Size: OK (0xC61C2AA0)
File test_179.bin: opened:  2503 us, closed:     2 us, I/O:   2036 us, total:  15825 us, speed:  4911 KB/s, CRC: OK, Pattern: OK, Size: OK (0xC61C2AA0)
File test_180.bin: opened:  2735 us, closed:     2 us, I/O:  10106 us, total:  18181 us, speed:   989 KB/s, CRC: OK, Pattern: OK, Size: OK (0xC61C2AA0)
File test_181.bin: opened:  2537 us, closed:     2 us, I/O:   2017 us, total:   9871 us, speed:  4957 KB/s, CRC: OK, Pattern: OK, Size: OK (0xC61C2AA0)
File test_182.bin: opened:  2548 us, closed:     2 us, I/O:   2091 us, total:   9988 us, speed:  4782 KB/s, CRC: OK, Pattern: OK, Size: OK (0xC61C2AA0)
File test_183.bin: opened:  2577 us, closed:     2 us, I/O:   2050 us, total:   9942 us, speed:  4878 KB/s, CRC: OK, Pattern: OK, Size: OK (0xC61C2AA0)
File test_184.bin: opened:  2579 us, closed:     2 us, I/O:   2049 us, total:   9987 us, speed:  4880 KB/s, CRC: OK, Pattern: OK, Size: OK (0xC61C2AA0)
File test_185.bin: opened:  2787 us, closed:     2 us, I/O:  10111 us, total:  18260 us, speed:   989 KB/s, CRC: OK, Pattern: OK, Size: OK (0xC61C2AA0)
File test_186.bin: opened:  2599 us, closed:     2 us, I/O:   2071 us, total:  15945 us, speed:  4828 KB/s, CRC: OK, Pattern: OK, Size: OK (0xC61C2AA0)
File test_187.bin: opened:  2601 us, closed:     2 us, I/O:   2032 us, total:   9986 us, speed:  4921 KB/s, CRC: OK, Pattern: OK, Size: OK (0xC61C2AA0)
File test_188.bin: opened:  2612 us, closed:     2 us, I/O:   2017 us, total:   9965 us, speed:  4957 KB/s, CRC: OK, Pattern: OK, Size: OK (0xC61C2AA0)
File test_189.bin: opened:  2626 us, closed:     2 us, I/O:   2042 us, total:  10058 us, speed:  4897 KB/s, CRC: OK, Pattern: OK, Size: OK (0xC61C2AA0)
File test_190.bin: opened:  2634 us, closed:     2 us, I/O:   2095 us, total:  10048 us, speed:  4773 KB/s, CRC: OK, Pattern: OK, Size: OK (0xC61C2AA0)
File test_191.bin: opened:  2651 us, closed:     2 us, I/O:   2017 us, total:  10031 us, speed:  4957 KB/s, CRC: OK, Pattern: OK, Size: OK (0xC61C2AA0)
File test_192.bin: opened:  2899 us, closed:     2 us, I/O:  10001 us, total:  18265 us, speed:   999 KB/s, CRC: OK, Pattern: OK, Size: OK (0xC61C2AA0)
File test_193.bin: opened:  2892 us, closed:     2 us, I/O:  10033 us, total:  24234 us, speed:   996 KB/s, CRC: OK, Pattern: OK, Size: OK (0xC61C2AA0)
File test_194.bin: opened:  2696 us, closed:     2 us, I/O:   2058 us, total:  10088 us, speed:  4859 KB/s, CRC: OK, Pattern: OK, Size: OK (0xC61C2AA0)
File test_195.bin: opened:  2709 us, closed:     2 us, I/O:   2045 us, total:  10135 us, speed:  4889 KB/s, CRC: OK, Pattern: OK, Size: OK (0xC61C2AA0)
File test_196.bin: opened:  2730 us, closed:     2 us, I/O:   2023 us, total:  10133 us, speed:  4943 KB/s, CRC: OK, Pattern: OK, Size: OK (0xC61C2AA0)
File test_197.bin: opened:  2734 us, closed:     2 us, I/O:   2092 us, total:  10204 us, speed:  4780 KB/s, CRC: OK, Pattern: OK, Size: OK (0xC61C2AA0)
File test_198.bin: opened:  2752 us, closed:     2 us, I/O:   2016 us, total:  10160 us, speed:  4960 KB/s, CRC: OK, Pattern: OK, Size: OK (0xC61C2AA0)
File test_199.bin: opened:  2769 us, closed:     2 us, I/O:   2048 us, total:  10186 us, speed:  4882 KB/s, CRC: OK, Pattern: OK, Size: OK (0xC61C2AA0)
File test_200.bin: opened:  2731 us, closed:     2 us, I/O:   2015 us, total:  10159 us, speed:  4962 KB/s, CRC: OK, Pattern: OK, Size: OK (0xC61C2AA0)
File test_201.bin: opened:  2939 us, closed:     2 us, I/O:  15891 us, total:  24156 us, speed:   629 KB/s, CRC: OK, Pattern: OK, Size: OK (0xC61C2AA0)
File test_202.bin: opened:  2772 us, closed:     2 us, I/O:   2090 us, total:  10210 us, speed:  4784 KB/s, CRC: OK, Pattern: OK, Size: OK (0xC61C2AA0)
File test_203.bin: opened:  2785 us, closed:     2 us, I/O:   2031 us, total:  10108 us, speed:  4923 KB/s, CRC: OK, Pattern: OK, Size: OK (0xC61C2AA0)
File test_204.bin: opened:  2800 us, closed:     2 us, I/O:   2040 us, total:  10141 us, speed:  4901 KB/s, CRC: OK, Pattern: OK, Size: OK (0xC61C2AA0)
File test_205.bin: opened:  3064 us, closed:     2 us, I/O:   9846 us, total:  18285 us, speed:  1015 KB/s, CRC: OK, Pattern: OK, Size: OK (0xC61C2AA0)
File test_206.bin: opened:  2848 us, closed:     2 us, I/O:   2078 us, total:  10300 us, speed:  4812 KB/s, CRC: OK, Pattern: OK, Size: OK (0xC61C2AA0)
File test_207.bin: opened:  2836 us, closed:     2 us, I/O:   2032 us, total:  10232 us, speed:  4921 KB/s, CRC: OK, Pattern: OK, Size: OK (0xC61C2AA0)
File test_208.bin: opened:  2846 us, closed:     2 us, I/O:   2033 us, total:  10237 us, speed:  4918 KB/s, CRC: OK, Pattern: OK, Size: OK (0xC61C2AA0)
File test_209.bin: opened:  9024 us, closed:     2 us, I/O:   9891 us, total:  24253 us, speed:  1011 KB/s, CRC: OK, Pattern: OK, Size: OK (0xC61C2AA0)
File test_210.bin: opened:  2896 us, closed:     2 us, I/O:   2066 us, total:  10302 us, speed:  4840 KB/s, CRC: OK, Pattern: OK, Size: OK (0xC61C2AA0)
File test_211.bin: opened:  2912 us, closed:     2 us, I/O:   2025 us, total:  10287 us, speed:  4938 KB/s, CRC: OK, Pattern: OK, Size: OK (0xC61C2AA0)
File test_212.bin: opened:  2922 us, closed:     2 us, I/O:   2099 us, total:  10357 us, speed:  4764 KB/s, CRC: OK, Pattern: OK, Size: OK (0xC61C2AA0)
File test_213.bin: opened:  2937 us, closed:     2 us, I/O:   2084 us, total:  10407 us, speed:  4798 KB/s, CRC: OK, Pattern: OK, Size: OK (0xC61C2AA0)
File test_214.bin: opened:  2946 us, closed:     2 us, I/O:   2087 us, total:  10405 us, speed:  4791 KB/s, CRC: OK, Pattern: OK, Size: OK (0xC61C2AA0)
File test_215.bin: opened:  2965 us, closed:     2 us, I/O:   2037 us, total:  10358 us, speed:  4909 KB/s, CRC: OK, Pattern: OK, Size: OK (0xC61C2AA0)
File test_216.bin: opened:  2962 us, closed:     2 us, I/O:   2089 us, total:  16372 us, speed:  4786 KB/s, CRC: OK, Pattern: OK, Size: OK (0xC61C2AA0)
File test_217.bin: opened:  3208 us, closed:     2 us, I/O:   9798 us, total:  18359 us, speed:  1020 KB/s, CRC: OK, Pattern: OK, Size: OK (0xC61C2AA0)
File test_218.bin: opened:  3226 us, closed:     2 us, I/O:   9685 us, total:  18213 us, speed:  1032 KB/s, CRC: OK, Pattern: OK, Size: OK (0xC61C2AA0)
File test_219.bin: opened:  3018 us, closed:     2 us, I/O:   2090 us, total:  10431 us, speed:  4784 KB/s, CRC: OK, Pattern: OK, Size: OK (0xC61C2AA0)
File test_220.bin: opened:  3017 us, closed:     2 us, I/O:   2039 us, total:  10428 us, speed:  4904 KB/s, CRC: OK, Pattern: OK, Size: OK (0xC61C2AA0)
File test_221.bin: opened:  3027 us, closed:     2 us, I/O:   2018 us, total:  10463 us, speed:  4955 KB/s, CRC: OK, Pattern: OK, Size: OK (0xC61C2AA0)
File test_222.bin: opened:  3044 us, closed:     2 us, I/O:   2023 us, total:  10434 us, speed:  4943 KB/s, CRC: OK, Pattern: OK, Size: OK (0xC61C2AA0)
File test_223.bin: opened:  3057 us, closed:     6 us, I/O:   8049 us, total:  16495 us, speed:  1242 KB/s, CRC: OK, Pattern: OK, Size: OK (0xC61C2AA0)
File test_224.bin: opened:  3069 us, closed:     2 us, I/O:   2067 us, total:  10480 us, speed:  4837 KB/s, CRC: OK, Pattern: OK, Size: OK (0xC61C2AA0)
File test_225.bin: opened:  3309 us, closed:     2 us, I/O:   9753 us, total:  18362 us, speed:  1025 KB/s, CRC: OK, Pattern: OK, Size: OK (0xC61C2AA0)
File test_226.bin: opened:  3125 us, closed:     2 us, I/O:   2044 us, total:  10539 us, speed:  4892 KB/s, CRC: OK, Pattern: OK, Size: OK (0xC61C2AA0)
File test_227.bin: opened:  3119 us, closed:     2 us, I/O:   2060 us, total:  10523 us, speed:  4854 KB/s, CRC: OK, Pattern: OK, Size: OK (0xC61C2AA0)
File test_228.bin: opened:  3151 us, closed:     2 us, I/O:   2018 us, total:  10520 us, speed:  4955 KB/s, CRC: OK, Pattern: OK, Size: OK (0xC61C2AA0)
File test_229.bin: opened:  3136 us, closed:     2 us, I/O:   2017 us, total:  10474 us, speed:  4957 KB/s, CRC: OK, Pattern: OK, Size: OK (0xC61C2AA0)
File test_230.bin: opened:  3148 us, closed:     2 us, I/O:   2073 us, total:  16524 us, speed:  4823 KB/s, CRC: OK, Pattern: OK, Size: OK (0xC61C2AA0)
File test_231.bin: opened:  3422 us, closed:     2 us, I/O:   9555 us, total:  18336 us, speed:  1046 KB/s, CRC: OK, Pattern: OK, Size: OK (0xC61C2AA0)
File test_232.bin: opened:  3199 us, closed:     2 us, I/O:   2039 us, total:  10577 us, speed:  4904 KB/s, CRC: OK, Pattern: OK, Size: OK (0xC61C2AA0)
File test_233.bin: opened:  3399 us, closed:     2 us, I/O:   9696 us, total:  18452 us, speed:  1031 KB/s, CRC: OK, Pattern: OK, Size: OK (0xC61C2AA0)
File test_234.bin: opened:  3226 us, closed:     2 us, I/O:   2080 us, total:  10674 us, speed:  4807 KB/s, CRC: OK, Pattern: OK, Size: OK (0xC61C2AA0)
File test_235.bin: opened:  3239 us, closed:     2 us, I/O:   2017 us, total:  10607 us, speed:  4957 KB/s, CRC: OK, Pattern: OK, Size: OK (0xC61C2AA0)
File test_236.bin: opened:  3254 us, closed:     2 us, I/O:   2016 us, total:  10643 us, speed:  4960 KB/s, CRC: OK, Pattern: OK, Size: OK (0xC61C2AA0)
File test_237.bin: opened:  3246 us, closed:     2 us, I/O:   2060 us, total:  16615 us, speed:  4854 KB/s, CRC: OK, Pattern: OK, Size: OK (0xC61C2AA0)
File test_238.bin: opened:  3267 us, closed:     2 us, I/O:   2077 us, total:  10691 us, speed:  4814 KB/s, CRC: OK, Pattern: OK, Size: OK (0xC61C2AA0)
File test_239.bin: opened:  3278 us, closed:     2 us, I/O:   2043 us, total:  10685 us, speed:  4894 KB/s, CRC: OK, Pattern: OK, Size: OK (0xC61C2AA0)
File test_240.bin: opened:  3292 us, closed:     2 us, I/O:   2040 us, total:  10689 us, speed:  4901 KB/s, CRC: OK, Pattern: OK, Size: OK (0xC61C2AA0)
File test_241.bin: opened:  3520 us, closed:     2 us, I/O:   9548 us, total:  18448 us, speed:  1047 KB/s, CRC: OK, Pattern: OK, Size: OK (0xC61C2AA0)
File test_242.bin: opened:  3342 us, closed:     2 us, I/O:   2042 us, total:  10731 us, speed:  4897 KB/s, CRC: OK, Pattern: OK, Size: OK (0xC61C2AA0)
File test_243.bin: opened:  3326 us, closed:     2 us, I/O:   2018 us, total:  10675 us, speed:  4955 KB/s, CRC: OK, Pattern: OK, Size: OK (0xC61C2AA0)
File test_244.bin: opened:  3567 us, closed:     2 us, I/O:  15487 us, total:  24369 us, speed:   645 KB/s, CRC: OK, Pattern: OK, Size: OK (0xC61C2AA0)
File test_245.bin: opened:  3377 us, closed:     2 us, I/O:   2070 us, total:  10766 us, speed:  4830 KB/s, CRC: OK, Pattern: OK, Size: OK (0xC61C2AA0)
File test_246.bin: opened:  3389 us, closed:     2 us, I/O:   2071 us, total:  10797 us, speed:  4828 KB/s, CRC: OK, Pattern: OK, Size: OK (0xC61C2AA0)
File test_247.bin: opened:  3426 us, closed:     2 us, I/O:   2031 us, total:  10775 us, speed:  4923 KB/s, CRC: OK, Pattern: OK, Size: OK (0xC61C2AA0)
File test_248.bin: opened:  3433 us, closed:     2 us, I/O:   2016 us, total:  10773 us, speed:  4960 KB/s, CRC: OK, Pattern: OK, Size: OK (0xC61C2AA0)
File test_249.bin: opened:  3635 us, closed:     2 us, I/O:   9464 us, total:  18396 us, speed:  1056 KB/s, CRC: OK, Pattern: OK, Size: OK (0xC61C2AA0)
File test_250.bin: opened:  3438 us, closed:     6 us, I/O:   2022 us, total:  10782 us, speed:  4945 KB/s, CRC: OK, Pattern: OK, Size: OK (0xC61C2AA0)
File test_251.bin: opened:  3476 us, closed:     2 us, I/O:   2089 us, total:  16856 us, speed:  4786 KB/s, CRC: OK, Pattern: OK, Size: OK (0xC61C2AA0)
File test_252.bin: opened:  3454 us, closed:     2 us, I/O:   2071 us, total:  10875 us, speed:  4828 KB/s, CRC: OK, Pattern: OK, Size: OK (0xC61C2AA0)
File test_253.bin: opened:  3468 us, closed:     2 us, I/O:   2063 us, total:  10895 us, speed:  4847 KB/s, CRC: OK, Pattern: OK, Size: OK (0xC61C2AA0)
File test_254.bin: opened:  3481 us, closed:     2 us, I/O:   2072 us, total:  10905 us, speed:  4826 KB/s, CRC: OK, Pattern: OK, Size: OK (0xC61C2AA0)
File test_255.bin: opened:  3511 us, closed:     2 us, I/O:   2030 us, total:  10885 us, speed:  4926 KB/s, CRC: OK, Pattern: OK, Size: OK (0xC61C2AA0)
File test_256.bin: opened:  3812 us, closed:     2 us, I/O:   9409 us, total:  18564 us, speed:  1062 KB/s, CRC: OK, Pattern: OK, Size: OK (0xC61C2AA0)
File test_257.bin: opened:  3706 us, closed:     2 us, I/O:   9419 us, total:  18490 us, speed:  1061 KB/s, CRC: OK, Pattern: OK, Size: OK (0xC61C2AA0)
File test_258.bin: opened:  9519 us, closed:     2 us, I/O:   2018 us, total:  16856 us, speed:  4955 KB/s, CRC: OK, Pattern: OK, Size: OK (0xC61C2AA0)
File test_259.bin: opened:  3593 us, closed:     2 us, I/O:   2018 us, total:  10955 us, speed:  4955 KB/s, CRC: OK, Pattern: OK, Size: OK (0xC61C2AA0)
File test_260.bin: opened:  3587 us, closed:     2 us, I/O:   2018 us, total:  10986 us, speed:  4955 KB/s, CRC: OK, Pattern: OK, Size: OK (0xC61C2AA0)
File test_261.bin: opened:  3578 us, closed:     2 us, I/O:   2018 us, total:  10962 us, speed:  4955 KB/s, CRC: OK, Pattern: OK, Size: OK (0xC61C2AA0)
File test_262.bin: opened:  3607 us, closed:     2 us, I/O:   2019 us, total:  10981 us, speed:  4952 KB/s, CRC: OK, Pattern: OK, Size: OK (0xC61C2AA0)
File test_263.bin: opened:  3614 us, closed:     2 us, I/O:   2021 us, total:  11008 us, speed:  4948 KB/s, CRC: OK, Pattern: OK, Size: OK (0xC61C2AA0)
File test_264.bin: opened:  3616 us, closed:     2 us, I/O:   2022 us, total:  11012 us, speed:  4945 KB/s, CRC: OK, Pattern: OK, Size: OK (0xC61C2AA0)
File test_265.bin: opened:  3847 us, closed:     2 us, I/O:  15346 us, total:  24510 us, speed:   651 KB/s, CRC: OK, Pattern: OK, Size: OK (0xC61C2AA0)
File test_266.bin: opened:  3685 us, closed:     2 us, I/O:   2042 us, total:  11013 us, speed:  4897 KB/s, CRC: OK, Pattern: OK, Size: OK (0xC61C2AA0)
File test_267.bin: opened:  3697 us, closed:     4 us, I/O:   2053 us, total:  11059 us, speed:  4870 KB/s, CRC: OK, Pattern: OK, Size: OK (0xC61C2AA0)
File test_268.bin: opened:  3713 us, closed:     2 us, I/O:   2064 us, total:  11088 us, speed:  4844 KB/s, CRC: OK, Pattern: OK, Size: OK (0xC61C2AA0)
File test_269.bin: opened:  3965 us, closed:     2 us, I/O:   9280 us, total:  18570 us, speed:  1077 KB/s, CRC: OK, Pattern: OK, Size: OK (0xC61C2AA0)
File test_270.bin: opened:  3729 us, closed:     2 us, I/O:   2017 us, total:  11075 us, speed:  4957 KB/s, CRC: OK, Pattern: OK, Size: OK (0xC61C2AA0)
File test_271.bin: opened:  3743 us, closed:     2 us, I/O:   2017 us, total:  11069 us, speed:  4957 KB/s, CRC: OK, Pattern: OK, Size: OK (0xC61C2AA0)
File test_272.bin: opened:  3730 us, closed:     2 us, I/O:   2021 us, total:  17059 us, speed:  4948 KB/s, CRC: OK, Pattern: OK, Size: OK (0xC61C2AA0)
File test_273.bin: opened:  3980 us, closed:     2 us, I/O:   9307 us, total:  18679 us, speed:  1074 KB/s, CRC: OK, Pattern: OK, Size: OK (0xC61C2AA0)
File test_274.bin: opened:  3765 us, closed:     2 us, I/O:   2036 us, total:  11191 us, speed:  4911 KB/s, CRC: OK, Pattern: OK, Size: OK (0xC61C2AA0)
File test_275.bin: opened:  3776 us, closed:     2 us, I/O:   2046 us, total:  11162 us, speed:  4887 KB/s, CRC: OK, Pattern: OK, Size: OK (0xC61C2AA0)
File test_276.bin: opened:  3812 us, closed:     2 us, I/O:   2082 us, total:  11236 us, speed:  4803 KB/s, CRC: OK, Pattern: OK, Size: OK (0xC61C2AA0)
File test_277.bin: opened:  3836 us, closed:     2 us, I/O:   2077 us, total:  11214 us, speed:  4814 KB/s, CRC: OK, Pattern: OK, Size: OK (0xC61C2AA0)
File test_278.bin: opened:  3849 us, closed:     2 us, I/O:   2084 us, total:  11278 us, speed:  4798 KB/s, CRC: OK, Pattern: OK, Size: OK (0xC61C2AA0)
File test_279.bin: opened:  3846 us, closed:     2 us, I/O:   2022 us, total:  17161 us, speed:  4945 KB/s, CRC: OK, Pattern: OK, Size: OK (0xC61C2AA0)
File test_280.bin: opened:  3865 us, closed:     2 us, I/O:   2074 us, total:  11254 us, speed:  4821 KB/s, CRC: OK, Pattern: OK, Size: OK (0xC61C2AA0)
File test_281.bin: opened:  4097 us, closed:     2 us, I/O:   9188 us, total:  18642 us, speed:  1088 KB/s, CRC: OK, Pattern: OK, Size: OK (0xC61C2AA0)
File test_282.bin: opened:  4135 us, closed:     2 us, I/O:   9204 us, total:  18748 us, speed:  1086 KB/s, CRC: OK, Pattern: OK, Size: OK (0xC61C2AA0)
File test_283.bin: opened:  3913 us, closed:     2 us, I/O:   2016 us, total:  11300 us, speed:  4960 KB/s, CRC: OK, Pattern: OK, Size: OK (0xC61C2AA0)
File test_284.bin: opened:  3894 us, closed:     2 us, I/O:   2016 us, total:  11234 us, speed:  4960 KB/s, CRC: OK, Pattern: OK, Size: OK (0xC61C2AA0)
File test_285.bin: opened:  3930 us, closed:     2 us, I/O:   2060 us, total:  11295 us, speed:  4854 KB/s, CRC: OK, Pattern: OK, Size: OK (0xC61C2AA0)
File test_286.bin: opened:  9908 us, closed:     2 us, I/O:   2057 us, total:  17328 us, speed:  4861 KB/s, CRC: OK, Pattern: OK, Size: OK (0xC61C2AA0)
File test_287.bin: opened:  3943 us, closed:     2 us, I/O:   2081 us, total:  11324 us, speed:  4805 KB/s, CRC: OK, Pattern: OK, Size: OK (0xC61C2AA0)
File test_288.bin: opened:  3961 us, closed:     2 us, I/O:   2089 us, total:  11401 us, speed:  4786 KB/s, CRC: OK, Pattern: OK, Size: OK (0xC61C2AA0)
File test_289.bin: opened:  4192 us, closed:     2 us, I/O:   9165 us, total:  18746 us, speed:  1091 KB/s, CRC: OK, Pattern: OK, Size: OK (0xC61C2AA0)
File test_290.bin: opened:  3989 us, closed:     2 us, I/O:   2020 us, total:  11382 us, speed:  4950 KB/s, CRC: OK, Pattern: OK, Size: OK (0xC61C2AA0)
File test_291.bin: opened:  4011 us, closed:     2 us, I/O:   2017 us, total:  11355 us, speed:  4957 KB/s, CRC: OK, Pattern: OK, Size: OK (0xC61C2AA0)
File test_292.bin: opened:  4022 us, closed:     6 us, I/O:   2087 us, total:  11450 us, speed:  4791 KB/s, CRC: OK, Pattern: OK, Size: OK (0xC61C2AA0)
File test_293.bin: opened:  9999 us, closed:     2 us, I/O:   2031 us, total:  17405 us, speed:  4923 KB/s, CRC: OK, Pattern: OK, Size: OK (0xC61C2AA0)
File test_294.bin: opened:  4036 us, closed:     2 us, I/O:   2018 us, total:  11418 us, speed:  4955 KB/s, CRC: OK, Pattern: OK, Size: OK (0xC61C2AA0)
File test_295.bin: opened:  4339 us, closed:     2 us, I/O:   9094 us, total:  18776 us, speed:  1099 KB/s, CRC: OK, Pattern: OK, Size: OK (0xC61C2AA0)
File test_296.bin: opened:  4082 us, closed:     2 us, I/O:   2095 us, total:  11499 us, speed:  4773 KB/s, CRC: OK, Pattern: OK, Size: OK (0xC61C2AA0)
File test_297.bin: opened:  4300 us, closed:     2 us, I/O:   9060 us, total:  18665 us, speed:  1103 KB/s, CRC: OK, Pattern: OK, Size: OK (0xC61C2AA0)
File test_298.bin: opened:  4095 us, closed:     2 us, I/O:   2038 us, total:  11510 us, speed:  4906 KB/s, CRC: OK, Pattern: OK, Size: OK (0xC61C2AA0)
File test_299.bin: opened:  4108 us, closed:     2 us, I/O:   7999 us, total:  17478 us, speed:  1250 KB/s, CRC: OK, Pattern: OK, Size: OK (0xC61C2AA0)
File test_300.bin: opened:  4099 us, closed:     2 us, I/O:   2056 us, total:  11505 us, speed:  4863 KB/s, CRC: OK, Pattern: OK, Size: OK (0xC61C2AA0)
File test_301.bin: opened:  4111 us, closed:     2 us, I/O:   2018 us, total:  11467 us, speed:  4955 KB/s, CRC: OK, Pattern: OK, Size: OK (0xC61C2AA0)
File test_302.bin: opened:  4114 us, closed:     2 us, I/O:   2075 us, total:  11526 us, speed:  4819 KB/s, CRC: OK, Pattern: OK, Size: OK (0xC61C2AA0)
File test_303.bin: opened:  4154 us, closed:     2 us, I/O:   2072 us, total:  11584 us, speed:  4826 KB/s, CRC: OK, Pattern: OK, Size: OK (0xC61C2AA0)
File test_304.bin: opened:  4160 us, closed:     2 us, I/O:   2062 us, total:  11560 us, speed:  4849 KB/s, CRC: OK, Pattern: OK, Size: OK (0xC61C2AA0)
File test_305.bin: opened:  4359 us, closed:     2 us, I/O:   9009 us, total:  18700 us, speed:  1110 KB/s, CRC: OK, Pattern: OK, Size: OK (0xC61C2AA0)
File test_306.bin: opened: 10150 us, closed:     2 us, I/O:   2052 us, total:  17558 us, speed:  4873 KB/s, CRC: OK, Pattern: OK, Size: OK (0xC61C2AA0)
File test_307.bin: opened:  4197 us, closed:     2 us, I/O:   2043 us, total:  11580 us, speed:  4894 KB/s, CRC: OK, Pattern: OK, Size: OK (0xC61C2AA0)
File test_308.bin: opened:  4453 us, closed:     2 us, I/O:   8937 us, total:  18716 us, speed:  1118 KB/s, CRC: OK, Pattern: OK, Size: OK (0xC61C2AA0)
File test_309.bin: opened:  4228 us, closed:     2 us, I/O:   2056 us, total:  11649 us, speed:  4863 KB/s, CRC: OK, Pattern: OK, Size: OK (0xC61C2AA0)
File test_310.bin: opened:  4223 us, closed:     2 us, I/O:   2092 us, total:  11685 us, speed:  4780 KB/s, CRC: OK, Pattern: OK, Size: OK (0xC61C2AA0)
File test_311.bin: opened:  4250 us, closed:     2 us, I/O:   2017 us, total:  11570 us, speed:  4957 KB/s, CRC: OK, Pattern: OK, Size: OK (0xC61C2AA0)
File test_312.bin: opened:  4264 us, closed:     2 us, I/O:   2079 us, total:  11665 us, speed:  4810 KB/s, CRC: OK, Pattern: OK, Size: OK (0xC61C2AA0)
File test_313.bin: opened: 10403 us, closed:     2 us, I/O:   8951 us, total:  24694 us, speed:  1117 KB/s, CRC: OK, Pattern: OK, Size: OK (0xC61C2AA0)
File test_314.bin: opened:  4298 us, closed:     2 us, I/O:   2034 us, total:  11695 us, speed:  4916 KB/s, CRC: OK, Pattern: OK, Size: OK (0xC61C2AA0)
File test_315.bin: opened:  4310 us, closed:     2 us, I/O:   2090 us, total:  11762 us, speed:  4784 KB/s, CRC: OK, Pattern: OK, Size: OK (0xC61C2AA0)
File test_316.bin: opened:  4338 us, closed:     2 us, I/O:   2069 us, total:  11762 us, speed:  4833 KB/s, CRC: OK, Pattern: OK, Size: OK (0xC61C2AA0)
File test_317.bin: opened:  4346 us, closed:     2 us, I/O:   2014 us, total:  11678 us, speed:  4965 KB/s, CRC: OK, Pattern: OK, Size: OK (0xC61C2AA0)
File test_318.bin: opened:  4354 us, closed:     2 us, I/O:   2045 us, total:  11764 us, speed:  4889 KB/s, CRC: OK, Pattern: OK, Size: OK (0xC61C2AA0)
File test_319.bin: opened:  4348 us, closed:     2 us, I/O:   2041 us, total:  11758 us, speed:  4899 KB/s, CRC: OK, Pattern: OK, Size: OK (0xC61C2AA0)
File test_320.bin: opened:  4633 us, closed:     2 us, I/O:   8841 us, total:  18786 us, speed:  1131 KB/s, CRC: OK, Pattern: OK, Size: OK (0xC61C2AA0)
File test_321.bin: opened:  4627 us, closed:     2 us, I/O:   8862 us, total:  18862 us, speed:  1128 KB/s, CRC: OK, Pattern: OK, Size: OK (0xC61C2AA0)
File test_322.bin: opened:  4404 us, closed:     2 us, I/O:   2060 us, total:  11784 us, speed:  4854 KB/s, CRC: OK, Pattern: OK, Size: OK (0xC61C2AA0)
File test_323.bin: opened:  4436 us, closed:     2 us, I/O:   2017 us, total:  11769 us, speed:  4957 KB/s, CRC: OK, Pattern: OK, Size: OK (0xC61C2AA0)
File test_324.bin: opened:  4434 us, closed:     2 us, I/O:   2076 us, total:  11854 us, speed:  4816 KB/s, CRC: OK, Pattern: OK, Size: OK (0xC61C2AA0)
File test_325.bin: opened:  4443 us, closed:     2 us, I/O:   2084 us, total:  11894 us, speed:  4798 KB/s, CRC: OK, Pattern: OK, Size: OK (0xC61C2AA0)
File test_326.bin: opened: 10425 us, closed:     2 us, I/O:   2018 us, total:  17785 us, speed:  4955 KB/s, CRC: OK, Pattern: OK, Size: OK (0xC61C2AA0)
File test_327.bin: opened:  4481 us, closed:     2 us, I/O:   2016 us, total:  11857 us, speed:  4960 KB/s, CRC: OK, Pattern: OK, Size: OK (0xC61C2AA0)
File test_328.bin: opened:  4473 us, closed:     2 us, I/O:   2071 us, total:  11909 us, speed:  4828 KB/s, CRC: OK, Pattern: OK, Size: OK (0xC61C2AA0)
File test_329.bin: opened:  4697 us, closed:     2 us, I/O:   8825 us, total:  18864 us, speed:  1133 KB/s, CRC: OK, Pattern: OK, Size: OK (0xC61C2AA0)
File test_330.bin: opened:  4509 us, closed:     2 us, I/O:   2075 us, total:  11934 us, speed:  4819 KB/s, CRC: OK, Pattern: OK, Size: OK (0xC61C2AA0)
File test_331.bin: opened:  4504 us, closed:     2 us, I/O:   2039 us, total:  11873 us, speed:  4904 KB/s, CRC: OK, Pattern: OK, Size: OK (0xC61C2AA0)
File test_332.bin: opened:  4518 us, closed:     2 us, I/O:   2051 us, total:  17861 us, speed:  4875 KB/s, CRC: OK, Pattern: OK, Size: OK (0xC61C2AA0)
File test_333.bin: opened:  4795 us, closed:     2 us, I/O:   8710 us, total:  18832 us, speed:  1148 KB/s, CRC: OK, Pattern: OK, Size: OK (0xC61C2AA0)
File test_334.bin: opened:  4575 us, closed:     2 us, I/O:   2031 us, total:  11923 us, speed:  4923 KB/s, CRC: OK, Pattern: OK, Size: OK (0xC61C2AA0)
File test_335.bin: opened:  4563 us, closed:     2 us, I/O:   2068 us, total:  11991 us, speed:  4835 KB/s, CRC: OK, Pattern: OK, Size: OK (0xC61C2AA0)
File test_336.bin: opened:  4585 us, closed:     2 us, I/O:   2016 us, total:  11953 us, speed:  4960 KB/s, CRC: OK, Pattern: OK, Size: OK (0xC61C2AA0)
File test_337.bin: opened:  4816 us, closed:     2 us, I/O:   8697 us, total:  18880 us, speed:  1149 KB/s, CRC: OK, Pattern: OK, Size: OK (0xC61C2AA0)
File test_338.bin: opened:  4604 us, closed:     2 us, I/O:   2052 us, total:  12014 us, speed:  4873 KB/s, CRC: OK, Pattern: OK, Size: OK (0xC61C2AA0)
File test_339.bin: opened: 10606 us, closed:     2 us, I/O:   2018 us, total:  17988 us, speed:  4955 KB/s, CRC: OK, Pattern: OK, Size: OK (0xC61C2AA0)
File test_340.bin: opened:  4635 us, closed:     2 us, I/O:   2062 us, total:  12028 us, speed:  4849 KB/s, CRC: OK, Pattern: OK, Size: OK (0xC61C2AA0)
File test_341.bin: opened:  4662 us, closed:     2 us, I/O:   2055 us, total:  12023 us, speed:  4866 KB/s, CRC: OK, Pattern: OK, Size: OK (0xC61C2AA0)
File test_342.bin: opened:  4666 us, closed:     2 us, I/O:   2092 us, total:  12085 us, speed:  4780 KB/s, CRC: OK, Pattern: OK, Size: OK (0xC61C2AA0)
File test_343.bin: opened:  4717 us, closed:     2 us, I/O:   2068 us, total:  12122 us, speed:  4835 KB/s, CRC: OK, Pattern: OK, Size: OK (0xC61C2AA0)
File test_344.bin: opened:  4717 us, closed:     2 us, I/O:   2090 us, total:  12178 us, speed:  4784 KB/s, CRC: OK, Pattern: OK, Size: OK (0xC61C2AA0)
File test_345.bin: opened:  4901 us, closed:     2 us, I/O:   8598 us, total:  24827 us, speed:  1163 KB/s, CRC: OK, Pattern: OK, Size: OK (0xC61C2AA0)
File test_346.bin: opened:  4977 us, closed:     2 us, I/O:   8582 us, total:  18893 us, speed:  1165 KB/s, CRC: OK, Pattern: OK, Size: OK (0xC61C2AA0)
File test_347.bin: opened:  4742 us, closed:     2 us, I/O:   2072 us, total:  12164 us, speed:  4826 KB/s, CRC: OK, Pattern: OK, Size: OK (0xC61C2AA0)
File test_348.bin: opened: 15131 us, closed:     2 us, I/O:   8609 us, total:  29081 us, speed:  1161 KB/s, CRC: OK, Pattern: OK, Size: OK (0xC61C2AA0)
File test_349.bin: opened:  4780 us, closed:     2 us, I/O:   2042 us, total:  12122 us, speed:  4897 KB/s, CRC: OK, Pattern: OK, Size: OK (0xC61C2AA0)
File test_350.bin: opened:  4787 us, closed:     2 us, I/O:   2071 us, total:  12187 us, speed:  4828 KB/s, CRC: OK, Pattern: OK, Size: OK (0xC61C2AA0)
File test_351.bin: opened: 10766 us, closed:     2 us, I/O:   2049 us, total:  18160 us, speed:  4880 KB/s, CRC: OK, Pattern: OK, Size: OK (0xC61C2AA0)
File test_352.bin: opened: 15146 us, closed:     2 us, I/O:   8558 us, total:  29032 us, speed:  1168 KB/s, CRC: OK, Pattern: OK, Size: OK (0xC61C2AA0)
File test_353.bin: opened:  5040 us, closed:     2 us, I/O:   8550 us, total:  18954 us, speed:  1169 KB/s, CRC: OK, Pattern: OK, Size: OK (0xC61C2AA0)
File test_354.bin: opened:  4843 us, closed:     2 us, I/O:   2069 us, total:  12240 us, speed:  4833 KB/s, CRC: OK, Pattern: OK, Size: OK (0xC61C2AA0)
File test_355.bin: opened:  4862 us, closed:     2 us, I/O:   2025 us, total:  12252 us, speed:  4938 KB/s, CRC: OK, Pattern: OK, Size: OK (0xC61C2AA0)
File test_356.bin: opened: 21181 us, closed:     2 us, I/O:   2058 us, total:  28571 us, speed:  4859 KB/s, CRC: OK, Pattern: OK, Size: OK (0xC61C2AA0)
File test_357.bin: opened:  4888 us, closed:     2 us, I/O:   2024 us, total:  12259 us, speed:  4940 KB/s, CRC: OK, Pattern: OK, Size: OK (0xC61C2AA0)
File test_358.bin: opened:  4908 us, closed:     2 us, I/O:   2018 us, total:  12276 us, speed:  4955 KB/s, CRC: OK, Pattern: OK, Size: OK (0xC61C2AA0)
File test_359.bin: opened:  5194 us, closed:     2 us, I/O:   8511 us, total:  19069 us, speed:  1174 KB/s, CRC: OK, Pattern: OK, Size: OK (0xC61C2AA0)
File test_360.bin: opened: 15044 us, closed:     2 us, I/O:   2067 us, total:  22454 us, speed:  4837 KB/s, CRC: OK, Pattern: OK, Size: OK (0xC61C2AA0)
File test_361.bin: opened: 11080 us, closed:     2 us, I/O:   8517 us, total:  25006 us, speed:  1174 KB/s, CRC: OK, Pattern: OK, Size: OK (0xC61C2AA0)
File test_362.bin: opened:  4942 us, closed:     2 us, I/O:   2018 us, total:  12316 us, speed:  4955 KB/s, CRC: OK, Pattern: OK, Size: OK (0xC61C2AA0)
File test_363.bin: opened:  4975 us, closed:     2 us, I/O:   2050 us, total:  12360 us, speed:  4878 KB/s, CRC: OK, Pattern: OK, Size: OK (0xC61C2AA0)
File test_364.bin: opened:  4998 us, closed:     2 us, I/O:   2055 us, total:  12438 us, speed:  4866 KB/s, CRC: OK, Pattern: OK, Size: OK (0xC61C2AA0)
File test_365.bin: opened:  5008 us, closed:     2 us, I/O:   2019 us, total:  12401 us, speed:  4952 KB/s, CRC: OK, Pattern: OK, Size: OK (0xC61C2AA0)
File test_366.bin: opened:  5013 us, closed:     2 us, I/O:   2098 us, total:  12449 us, speed:  4766 KB/s, CRC: OK, Pattern: OK, Size: OK (0xC61C2AA0)
File test_367.bin: opened:  5019 us, closed:     2 us, I/O:   2017 us, total:  18355 us, speed:  4957 KB/s, CRC: OK, Pattern: OK, Size: OK (0xC61C2AA0)
File test_368.bin: opened:  5043 us, closed:     2 us, I/O:   2082 us, total:  12491 us, speed:  4803 KB/s, CRC: OK, Pattern: OK, Size: OK (0xC61C2AA0)
File test_369.bin: opened:  5259 us, closed:     2 us, I/O:   8379 us, total:  18985 us, speed:  1193 KB/s, CRC: OK, Pattern: OK, Size: OK (0xC61C2AA0)
File test_370.bin: opened:  5055 us, closed:     2 us, I/O:   2075 us, total:  12541 us, speed:  4819 KB/s, CRC: OK, Pattern: OK, Size: OK (0xC61C2AA0)
File test_371.bin: opened:  5068 us, closed:     2 us, I/O:   2078 us, total:  12526 us, speed:  4812 KB/s, CRC: OK, Pattern: OK, Size: OK (0xC61C2AA0)
File test_372.bin: opened:  5330 us, closed:     2 us, I/O:   8335 us, total:  19020 us, speed:  1199 KB/s, CRC: OK, Pattern: OK, Size: OK (0xC61C2AA0)
File test_373.bin: opened:  5102 us, closed:     2 us, I/O:   2073 us, total:  18507 us, speed:  4823 KB/s, CRC: OK, Pattern: OK, Size: OK (0xC61C2AA0)
File test_374.bin: opened:  5112 us, closed:     2 us, I/O:   2077 us, total:  12563 us, speed:  4814 KB/s, CRC: OK, Pattern: OK, Size: OK (0xC61C2AA0)
File test_375.bin: opened:  5124 us, closed:     2 us, I/O:   2043 us, total:  12522 us, speed:  4894 KB/s, CRC: OK, Pattern: OK, Size: OK (0xC61C2AA0)
File test_376.bin: opened:  5176 us, closed:     2 us, I/O:   2018 us, total:  12506 us, speed:  4955 KB/s, CRC: OK, Pattern: OK, Size: OK (0xC61C2AA0)
File test_377.bin: opened:  5408 us, closed:     2 us, I/O:   8313 us, total:  19086 us, speed:  1202 KB/s, CRC: OK, Pattern: OK, Size: OK (0xC61C2AA0)
File test_378.bin: opened:  5200 us, closed:     2 us, I/O:   2068 us, total:  12578 us, speed:  4835 KB/s, CRC: OK, Pattern: OK, Size: OK (0xC61C2AA0)
File test_379.bin: opened:  5193 us, closed:     2 us, I/O:   2061 us, total:  12614 us, speed:  4852 KB/s, CRC: OK, Pattern: OK, Size: OK (0xC61C2AA0)
File test_380.bin: opened: 11171 us, closed:     2 us, I/O:   2021 us, total:  18498 us, speed:  4948 KB/s, CRC: OK, Pattern: OK, Size: OK (0xC61C2AA0)
File test_381.bin: opened:  5246 us, closed:     2 us, I/O:   2066 us, total:  12654 us, speed:  4840 KB/s, CRC: OK, Pattern: OK, Size: OK (0xC61C2AA0)
File test_382.bin: opened:  5220 us, closed:     2 us, I/O:   2013 us, total:  12591 us, speed:  4967 KB/s, CRC: OK, Pattern: OK, Size: OK (0xC61C2AA0)
File test_383.bin: opened:  5229 us, closed:     2 us, I/O:   2094 us, total:  12692 us, speed:  4775 KB/s, CRC: OK, Pattern: OK, Size: OK (0xC61C2AA0)
File test_384.bin: opened:  5528 us, closed:     2 us, I/O:   8188 us, total:  19098 us, speed:  1221 KB/s, CRC: OK, Pattern: OK, Size: OK (0xC61C2AA0)
File test_385.bin: opened:  5473 us, closed:     2 us, I/O:   8226 us, total:  19081 us, speed:  1215 KB/s, CRC: OK, Pattern: OK, Size: OK (0xC61C2AA0)
File test_386.bin: opened: 11253 us, closed:     2 us, I/O:   2078 us, total:  18678 us, speed:  4812 KB/s, CRC: OK, Pattern: OK, Size: OK (0xC61C2AA0)
File test_387.bin: opened:  5291 us, closed:     2 us, I/O:   2048 us, total:  12693 us, speed:  4882 KB/s, CRC: OK, Pattern: OK, Size: OK (0xC61C2AA0)
File test_388.bin: opened:  5314 us, closed:     2 us, I/O:   2119 us, total:  12781 us, speed:  4719 KB/s, CRC: OK, Pattern: OK, Size: OK (0xC61C2AA0)
File test_389.bin: opened:  5352 us, closed:     2 us, I/O:   2056 us, total:  12739 us, speed:  4863 KB/s, CRC: OK, Pattern: OK, Size: OK (0xC61C2AA0)
File test_390.bin: opened:  5359 us, closed:     2 us, I/O:   2034 us, total:  12720 us, speed:  4916 KB/s, CRC: OK, Pattern: OK, Size: OK (0xC61C2AA0)
File test_391.bin: opened:  5336 us, closed:     2 us, I/O:   2086 us, total:  12770 us, speed:  4793 KB/s, CRC: OK, Pattern: OK, Size: OK (0xC61C2AA0)
File test_392.bin: opened:  5352 us, closed:     2 us, I/O:   2088 us, total:  12754 us, speed:  4789 KB/s, CRC: OK, Pattern: OK, Size: OK (0xC61C2AA0)
File test_393.bin: opened: 11549 us, closed:     2 us, I/O:   8165 us, total:  25056 us, speed:  1224 KB/s, CRC: OK, Pattern: OK, Size: OK (0xC61C2AA0)
File test_394.bin: opened:  5427 us, closed:     2 us, I/O:   2050 us, total:  12818 us, speed:  4878 KB/s, CRC: OK, Pattern: OK, Size: OK (0xC61C2AA0)
File test_395.bin: opened:  5400 us, closed:     2 us, I/O:   2075 us, total:  12877 us, speed:  4819 KB/s, CRC: OK, Pattern: OK, Size: OK (0xC61C2AA0)
File test_396.bin: opened:  5414 us, closed:     6 us, I/O:   2060 us, total:  12789 us, speed:  4854 KB/s, CRC: OK, Pattern: OK, Size: OK (0xC61C2AA0)
File test_397.bin: opened:  5717 us, closed:     2 us, I/O:   8106 us, total:  19208 us, speed:  1233 KB/s, CRC: OK, Pattern: OK, Size: OK (0xC61C2AA0)
File test_398.bin: opened:  5455 us, closed:     2 us, I/O:   2088 us, total:  18882 us, speed:  4789 KB/s, CRC: OK, Pattern: OK, Size: OK (0xC61C2AA0)
File test_399.bin: opened:  5459 us, closed:     2 us, I/O:   2074 us, total:  12853 us, speed:  4821 KB/s, CRC: OK, Pattern: OK, Size: OK (0xC61C2AA0)
File test_400.bin: opened:  5455 us, closed:     2 us, I/O:   2076 us, total:  12832 us, speed:  4816 KB/s, CRC: OK, Pattern: OK, Size: OK (0xC61C2AA0)
File test_401.bin: opened: 15967 us, closed:     2 us, I/O:   8073 us, total:  29389 us, speed:  1238 KB/s, CRC: OK, Pattern: OK, Size: OK (0xC61C2AA0)
File test_402.bin: opened:  5510 us, closed:     2 us, I/O:   2064 us, total:  12875 us, speed:  4844 KB/s, CRC: OK, Pattern: OK, Size: OK (0xC61C2AA0)
File test_403.bin: opened:  5505 us, closed:     2 us, I/O:   2049 us, total:  12899 us, speed:  4880 KB/s, CRC: OK, Pattern: OK, Size: OK (0xC61C2AA0)
File test_404.bin: opened:  5487 us, closed:     2 us, I/O:   8019 us, total:  18857 us, speed:  1247 KB/s, CRC: OK, Pattern: OK, Size: OK (0xC61C2AA0)
File test_405.bin: opened: 15865 us, closed:     2 us, I/O:   8132 us, total:  29331 us, speed:  1229 KB/s, CRC: OK, Pattern: OK, Size: OK (0xC61C2AA0)
File test_406.bin: opened:  5553 us, closed:     2 us, I/O:   2067 us, total:  12941 us, speed:  4837 KB/s, CRC: OK, Pattern: OK, Size: OK (0xC61C2AA0)
File test_407.bin: opened:  5553 us, closed:     2 us, I/O:   2055 us, total:  12962 us, speed:  4866 KB/s, CRC: OK, Pattern: OK, Size: OK (0xC61C2AA0)
File test_408.bin: opened:  5539 us, closed:     2 us, I/O:   2087 us, total:  12958 us, speed:  4791 KB/s, CRC: OK, Pattern: OK, Size: OK (0xC61C2AA0)
File test_409.bin: opened: 26403 us, closed:     2 us, I/O:   2115 us, total:  33886 us, speed:  4728 KB/s, CRC: OK, Pattern: OK, Size: OK (0xC61C2AA0)
File test_410.bin: opened: 16142 us, closed:     2 us, I/O:   8008 us, total:  29552 us, speed:  1248 KB/s, CRC: OK, Pattern: OK, Size: OK (0xC61C2AA0)
File test_411.bin: opened: 16227 us, closed:     2 us, I/O:   7992 us, total:  29560 us, speed:  1251 KB/s, CRC: OK, Pattern: OK, Size: OK (0xC61C2AA0)
File test_412.bin: opened: 16185 us, closed:     2 us, I/O:  13905 us, total:  35426 us, speed:   719 KB/s, CRC: OK, Pattern: OK, Size: OK (0xC61C2AA0)
File test_413.bin: opened: 16177 us, closed:     2 us, I/O:   7967 us, total:  29448 us, speed:  1255 KB/s, CRC: OK, Pattern: OK, Size: OK (0xC61C2AA0)
File test_414.bin: opened: 16559 us, closed:     2 us, I/O:   7972 us, total:  29885 us, speed:  1254 KB/s, CRC: OK, Pattern: OK, Size: OK (0xC61C2AA0)
File test_415.bin: opened: 16190 us, closed:     2 us, I/O:  13994 us, total:  35529 us, speed:   714 KB/s, CRC: OK, Pattern: OK, Size: OK (0xC61C2AA0)
File test_416.bin: opened: 16215 us, closed:     2 us, I/O:   8028 us, total:  29570 us, speed:  1245 KB/s, CRC: OK, Pattern: OK, Size: OK (0xC61C2AA0)
File test_417.bin: opened: 16340 us, closed:     2 us, I/O:   8014 us, total:  29705 us, speed:  1247 KB/s, CRC: OK, Pattern: OK, Size: OK (0xC61C2AA0)
File test_418.bin: opened: 16548 us, closed:     2 us, I/O:  13955 us, total:  35834 us, speed:   716 KB/s, CRC: OK, Pattern: OK, Size: OK (0xC61C2AA0)
File test_419.bin: opened: 16214 us, closed:     2 us, I/O:   8010 us, total:  29556 us, speed:  1248 KB/s, CRC: OK, Pattern: OK, Size: OK (0xC61C2AA0)
File test_420.bin: opened: 16237 us, closed:     2 us, I/O:   7982 us, total:  29585 us, speed:  1252 KB/s, CRC: OK, Pattern: OK, Size: OK (0xC61C2AA0)
File test_421.bin: opened: 16210 us, closed:     2 us, I/O:   2081 us, total:  23686 us, speed:  4805 KB/s, CRC: OK, Pattern: OK, Size: OK (0xC61C2AA0)
File test_422.bin: opened: 16580 us, closed:     2 us, I/O:   2082 us, total:  24058 us, speed:  4803 KB/s, CRC: OK, Pattern: OK, Size: OK (0xC61C2AA0)
File test_423.bin: opened: 16459 us, closed:     2 us, I/O:   7859 us, total:  29635 us, speed:  1272 KB/s, CRC: OK, Pattern: OK, Size: OK (0xC61C2AA0)
File test_424.bin: opened: 16881 us, closed:     2 us, I/O:   7851 us, total:  30026 us, speed:  1273 KB/s, CRC: OK, Pattern: OK, Size: OK (0xC61C2AA0)
File test_425.bin: opened: 22436 us, closed:     2 us, I/O:   7908 us, total:  35657 us, speed:  1264 KB/s, CRC: OK, Pattern: OK, Size: OK (0xC61C2AA0)
File test_426.bin: opened: 16797 us, closed:     2 us, I/O:   7886 us, total:  30014 us, speed:  1268 KB/s, CRC: OK, Pattern: OK, Size: OK (0xC61C2AA0)
File test_427.bin: opened: 16359 us, closed:     2 us, I/O:   7824 us, total:  29532 us, speed:  1278 KB/s, CRC: OK, Pattern: OK, Size: OK (0xC61C2AA0)
File test_428.bin: opened: 22322 us, closed:     2 us, I/O:   7886 us, total:  35546 us, speed:  1268 KB/s, CRC: OK, Pattern: OK, Size: OK (0xC61C2AA0)
File test_429.bin: opened: 16363 us, closed:     2 us, I/O:   7887 us, total:  29602 us, speed:  1267 KB/s, CRC: OK, Pattern: OK, Size: OK (0xC61C2AA0)
File test_430.bin: opened: 16849 us, closed:     2 us, I/O:   7841 us, total:  30021 us, speed:  1275 KB/s, CRC: OK, Pattern: OK, Size: OK (0xC61C2AA0)
File test_431.bin: opened: 22317 us, closed:     2 us, I/O:   7832 us, total:  35466 us, speed:  1276 KB/s, CRC: OK, Pattern: OK, Size: OK (0xC61C2AA0)
File test_432.bin: opened: 16387 us, closed:     2 us, I/O:   7829 us, total:  29534 us, speed:  1277 KB/s, CRC: OK, Pattern: OK, Size: OK (0xC61C2AA0)
File test_433.bin: opened: 21177 us, closed:     2 us, I/O:   7899 us, total:  34355 us, speed:  1265 KB/s, CRC: OK, Pattern: OK, Size: OK (0xC61C2AA0)
File test_434.bin: opened: 22858 us, closed:     2 us, I/O:   2074 us, total:  30255 us, speed:  4821 KB/s, CRC: OK, Pattern: OK, Size: OK (0xC61C2AA0)
File test_435.bin: opened: 16394 us, closed:     2 us, I/O:   2049 us, total:  23748 us, speed:  4880 KB/s, CRC: OK, Pattern: OK, Size: OK (0xC61C2AA0)
File test_436.bin: opened: 16634 us, closed:     2 us, I/O:   7792 us, total:  29714 us, speed:  1283 KB/s, CRC: OK, Pattern: OK, Size: OK (0xC61C2AA0)
File test_437.bin: opened: 16988 us, closed:     2 us, I/O:  13711 us, total:  36061 us, speed:   729 KB/s, CRC: OK, Pattern: OK, Size: OK (0xC61C2AA0)
File test_438.bin: opened: 16829 us, closed:     2 us, I/O:   7768 us, total:  29921 us, speed:  1287 KB/s, CRC: OK, Pattern: OK, Size: OK (0xC61C2AA0)
File test_439.bin: opened: 16463 us, closed:     2 us, I/O:   7795 us, total:  29574 us, speed:  1282 KB/s, CRC: OK, Pattern: OK, Size: OK (0xC61C2AA0)
File test_440.bin: opened: 16471 us, closed:     2 us, I/O:  13666 us, total:  35480 us, speed:   731 KB/s, CRC: OK, Pattern: OK, Size: OK (0xC61C2AA0)
File test_441.bin: opened: 16637 us, closed:     2 us, I/O:   7755 us, total:  29720 us, speed:  1289 KB/s, CRC: OK, Pattern: OK, Size: OK (0xC61C2AA0)
File test_442.bin: opened: 16882 us, closed:     2 us, I/O:   7792 us, total:  30002 us, speed:  1283 KB/s, CRC: OK, Pattern: OK, Size: OK (0xC61C2AA0)
File test_443.bin: opened: 17001 us, closed:     2 us, I/O:  13624 us, total:  35970 us, speed:   733 KB/s, CRC: OK, Pattern: OK, Size: OK (0xC61C2AA0)
File test_444.bin: opened: 16500 us, closed:     2 us, I/O:   7735 us, total:  29580 us, speed:  1292 KB/s, CRC: OK, Pattern: OK, Size: OK (0xC61C2AA0)
File test_445.bin: opened: 16503 us, closed:     2 us, I/O:   7729 us, total:  29588 us, speed:  1293 KB/s, CRC: OK, Pattern: OK, Size: OK (0xC61C2AA0)
File test_446.bin: opened: 16896 us, closed:     2 us, I/O:   7795 us, total:  35990 us, speed:  1282 KB/s, CRC: OK, Pattern: OK, Size: OK (0xC61C2AA0)
File test_447.bin: opened: 17063 us, closed:     2 us, I/O:   2046 us, total:  24436 us, speed:  4887 KB/s, CRC: OK, Pattern: OK, Size: OK (0xC61C2AA0)
File test_448.bin: opened: 16784 us, closed:     2 us, I/O:   7606 us, total:  29773 us, speed:  1314 KB/s, CRC: OK, Pattern: OK, Size: OK (0xC61C2AA0)
File test_449.bin: opened: 17262 us, closed:     2 us, I/O:   7627 us, total:  30229 us, speed:  1311 KB/s, CRC: OK, Pattern: OK, Size: OK (0xC61C2AA0)
File test_450.bin: opened: 22630 us, closed:     2 us, I/O:   7662 us, total:  35660 us, speed:  1305 KB/s, CRC: OK, Pattern: OK, Size: OK (0xC61C2AA0)
File test_451.bin: opened: 17241 us, closed:     2 us, I/O:   7637 us, total:  30249 us, speed:  1309 KB/s, CRC: OK, Pattern: OK, Size: OK (0xC61C2AA0)
File test_452.bin: opened: 16656 us, closed:     2 us, I/O:   7640 us, total:  29691 us, speed:  1308 KB/s, CRC: OK, Pattern: OK, Size: OK (0xC61C2AA0)
File test_453.bin: opened: 22647 us, closed:     2 us, I/O:   7617 us, total:  35584 us, speed:  1312 KB/s, CRC: OK, Pattern: OK, Size: OK (0xC61C2AA0)
File test_454.bin: opened: 16706 us, closed:     2 us, I/O:   7636 us, total:  29692 us, speed:  1309 KB/s, CRC: OK, Pattern: OK, Size: OK (0xC61C2AA0)
File test_455.bin: opened: 17180 us, closed:     2 us, I/O:   7599 us, total:  30140 us, speed:  1315 KB/s, CRC: OK, Pattern: OK, Size: OK (0xC61C2AA0)
File test_456.bin: opened: 22638 us, closed:     2 us, I/O:   7579 us, total:  35605 us, speed:  1319 KB/s, CRC: OK, Pattern: OK, Size: OK (0xC61C2AA0)
File test_457.bin: opened: 21723 us, closed:     2 us, I/O:   7588 us, total:  34643 us, speed:  1317 KB/s, CRC: OK, Pattern: OK, Size: OK (0xC61C2AA0)
File test_458.bin: opened: 16717 us, closed:     2 us, I/O:   7611 us, total:  29680 us, speed:  1313 KB/s, CRC: OK, Pattern: OK, Size: OK (0xC61C2AA0)
File test_459.bin: opened: 23185 us, closed:     2 us, I/O:   7611 us, total:  36154 us, speed:  1313 KB/s, CRC: OK, Pattern: OK, Size: OK (0xC61C2AA0)
File test_460.bin: opened: 16774 us, closed:     2 us, I/O:   2095 us, total:  24236 us, speed:  4773 KB/s, CRC: OK, Pattern: OK, Size: OK (0xC61C2AA0)
File test_461.bin: opened: 16948 us, closed:     2 us, I/O:   7528 us, total:  29804 us, speed:  1328 KB/s, CRC: OK, Pattern: OK, Size: OK (0xC61C2AA0)
File test_462.bin: opened: 23332 us, closed:     2 us, I/O:   7461 us, total:  36161 us, speed:  1340 KB/s, CRC: OK, Pattern: OK, Size: OK (0xC61C2AA0)
File test_463.bin: opened: 17255 us, closed:     2 us, I/O:   7482 us, total:  30067 us, speed:  1336 KB/s, CRC: OK, Pattern: OK, Size: OK (0xC61C2AA0)
File test_464.bin: opened: 16891 us, closed:     2 us, I/O:   7553 us, total:  29751 us, speed:  1323 KB/s, CRC: OK, Pattern: OK, Size: OK (0xC61C2AA0)
File test_465.bin: opened: 22969 us, closed:     2 us, I/O:   7445 us, total:  35807 us, speed:  1343 KB/s, CRC: OK, Pattern: OK, Size: OK (0xC61C2AA0)
File test_466.bin: opened: 17371 us, closed:     2 us, I/O:   7514 us, total:  30240 us, speed:  1330 KB/s, CRC: OK, Pattern: OK, Size: OK (0xC61C2AA0)
File test_467.bin: opened: 17265 us, closed:     2 us, I/O:   7547 us, total:  30157 us, speed:  1325 KB/s, CRC: OK, Pattern: OK, Size: OK (0xC61C2AA0)
File test_468.bin: opened: 22880 us, closed:     2 us, I/O:   7512 us, total:  35753 us, speed:  1331 KB/s, CRC: OK, Pattern: OK, Size: OK (0xC61C2AA0)
File test_469.bin: opened: 16870 us, closed:     2 us, I/O:   7446 us, total:  29644 us, speed:  1343 KB/s, CRC: OK, Pattern: OK, Size: OK (0xC61C2AA0)
File test_470.bin: opened: 17391 us, closed:     2 us, I/O:   7518 us, total:  30241 us, speed:  1330 KB/s, CRC: OK, Pattern: OK, Size: OK (0xC61C2AA0)
File test_471.bin: opened: 23228 us, closed:     2 us, I/O:   7502 us, total:  36069 us, speed:  1332 KB/s, CRC: OK, Pattern: OK, Size: OK (0xC61C2AA0)
File test_472.bin: opened: 16931 us, closed:     2 us, I/O:   7524 us, total:  29805 us, speed:  1329 KB/s, CRC: OK, Pattern: OK, Size: OK (0xC61C2AA0)
File test_473.bin: opened: 22113 us, closed:     2 us, I/O:   2073 us, total:  29538 us, speed:  4823 KB/s, CRC: OK, Pattern: OK, Size: OK (0xC61C2AA0)
File test_474.bin: opened: 23579 us, closed:     2 us, I/O:   7397 us, total:  36341 us, speed:  1351 KB/s, CRC: OK, Pattern: OK, Size: OK (0xC61C2AA0)
File test_475.bin: opened: 17889 us, closed:     2 us, I/O:   7382 us, total:  30621 us, speed:  1354 KB/s, CRC: OK, Pattern: OK, Size: OK (0xC61C2AA0)
File test_476.bin: opened: 17536 us, closed:     2 us, I/O:   7359 us, total:  30249 us, speed:  1358 KB/s, CRC: OK, Pattern: OK, Size: OK (0xC61C2AA0)
File test_477.bin: opened: 23016 us, closed:     2 us, I/O:   7391 us, total:  35772 us, speed:  1352 KB/s, CRC: OK, Pattern: OK, Size: OK (0xC61C2AA0)
File test_478.bin: opened: 17532 us, closed:     2 us, I/O:   7373 us, total:  30235 us, speed:  1356 KB/s, CRC: OK, Pattern: OK, Size: OK (0xC61C2AA0)
File test_479.bin: opened: 17555 us, closed:     2 us, I/O:   7359 us, total:  30284 us, speed:  1358 KB/s, CRC: OK, Pattern: OK, Size: OK (0xC61C2AA0)
File test_480.bin: opened: 23493 us, closed:     2 us, I/O:   7358 us, total:  36180 us, speed:  1359 KB/s, CRC: OK, Pattern: OK, Size: OK (0xC61C2AA0)
File test_481.bin: opened: 17231 us, closed:     2 us, I/O:   7369 us, total:  29926 us, speed:  1357 KB/s, CRC: OK, Pattern: OK, Size: OK (0xC61C2AA0)
File test_482.bin: opened: 17573 us, closed:     2 us, I/O:   7303 us, total:  30224 us, speed:  1369 KB/s, CRC: OK, Pattern: OK, Size: OK (0xC61C2AA0)
File test_483.bin: opened: 23513 us, closed:     2 us, I/O:   7377 us, total:  36275 us, speed:  1355 KB/s, CRC: OK, Pattern: OK, Size: OK (0xC61C2AA0)
File test_484.bin: opened: 17578 us, closed:     2 us, I/O:   7325 us, total:  30259 us, speed:  1365 KB/s, CRC: OK, Pattern: OK, Size: OK (0xC61C2AA0)
File test_485.bin: opened: 17117 us, closed:     2 us, I/O:   7369 us, total:  29888 us, speed:  1357 KB/s, CRC: OK, Pattern: OK, Size: OK (0xC61C2AA0)
File test_486.bin: opened: 23504 us, closed:     2 us, I/O:   2094 us, total:  30931 us, speed:  4775 KB/s, CRC: OK, Pattern: OK, Size: OK (0xC61C2AA0)
File test_487.bin: opened: 17782 us, closed:     2 us, I/O:   7228 us, total:  30354 us, speed:  1383 KB/s, CRC: OK, Pattern: OK, Size: OK (0xC61C2AA0)
File test_488.bin: opened: 18204 us, closed:     2 us, I/O:   7306 us, total:  30850 us, speed:  1368 KB/s, CRC: OK, Pattern: OK, Size: OK (0xC61C2AA0)
File test_489.bin: opened: 23304 us, closed:     2 us, I/O:   7281 us, total:  35955 us, speed:  1373 KB/s, CRC: OK, Pattern: OK, Size: OK (0xC61C2AA0)
File test_490.bin: opened: 17711 us, closed:     2 us, I/O:   7274 us, total:  30426 us, speed:  1374 KB/s, CRC: OK, Pattern: OK, Size: OK (0xC61C2AA0)
File test_491.bin: opened: 17606 us, closed:     2 us, I/O:   7224 us, total:  30172 us, speed:  1384 KB/s, CRC: OK, Pattern: OK, Size: OK (0xC61C2AA0)
File test_492.bin: opened: 23660 us, closed:     2 us, I/O:   7206 us, total:  36213 us, speed:  1387 KB/s, CRC: OK, Pattern: OK, Size: OK (0xC61C2AA0)
File test_493.bin: opened: 17254 us, closed:     2 us, I/O:   7249 us, total:  29930 us, speed:  1379 KB/s, CRC: OK, Pattern: OK, Size: OK (0xC61C2AA0)
File test_494.bin: opened: 17756 us, closed:     2 us, I/O:   7256 us, total:  30362 us, speed:  1378 KB/s, CRC: OK, Pattern: OK, Size: OK (0xC61C2AA0)
File test_495.bin: opened: 23528 us, closed:     2 us, I/O:   7188 us, total:  36103 us, speed:  1391 KB/s, CRC: OK, Pattern: OK, Size: OK (0xC61C2AA0)
File test_496.bin: opened: 17740 us, closed:     2 us, I/O:   7209 us, total:  30316 us, speed:  1387 KB/s, CRC: OK, Pattern: OK, Size: OK (0xC61C2AA0)
File test_497.bin: opened: 22676 us, closed:     2 us, I/O:   7277 us, total:  35305 us, speed:  1374 KB/s, CRC: OK, Pattern: OK, Size: OK (0xC61C2AA0)
File test_498.bin: opened: 23720 us, closed:     2 us, I/O:   7280 us, total:  36296 us, speed:  1373 KB/s, CRC: OK, Pattern: OK, Size: OK (0xC61C2AA0)
File test_499.bin: opened: 17654 us, closed:     2 us, I/O:   2092 us, total:  25104 us, speed:  4780 KB/s, CRC: OK, Pattern: OK, Size: OK (0xC61C2AA0)
File test_500.bin: opened: 17968 us, closed:     2 us, I/O:   7169 us, total:  30518 us, speed:  1394 KB/s, CRC: OK, Pattern: OK, Size: OK (0xC61C2AA0)
File test_501.bin: opened: 23796 us, closed:     2 us, I/O:   7177 us, total:  36305 us, speed:  1393 KB/s, CRC: OK, Pattern: OK, Size: OK (0xC61C2AA0)
File test_502.bin: opened: 17848 us, closed:     2 us, I/O:   7108 us, total:  30287 us, speed:  1406 KB/s, CRC: OK, Pattern: OK, Size: OK (0xC61C2AA0)
File test_503.bin: opened: 17423 us, closed:     2 us, I/O:   7157 us, total:  29972 us, speed:  1397 KB/s, CRC: OK, Pattern: OK, Size: OK (0xC61C2AA0)
File test_504.bin: opened: 17848 us, closed:     2 us, I/O:   7163 us, total:  36342 us, speed:  1396 KB/s, CRC: OK, Pattern: OK, Size: OK (0xC61C2AA0)
File test_505.bin: opened: 17530 us, closed:     2 us, I/O:   7117 us, total:  29984 us, speed:  1405 KB/s, CRC: OK, Pattern: OK, Size: OK (0xC61C2AA0)
File test_506.bin: opened: 17923 us, closed:     2 us, I/O:   7151 us, total:  30397 us, speed:  1398 KB/s, CRC: OK, Pattern: OK, Size: OK (0xC61C2AA0)
File test_507.bin: opened: 17418 us, closed:     2 us, I/O:  13113 us, total:  35861 us, speed:   762 KB/s, CRC: OK, Pattern: OK, Size: OK (0xC61C2AA0)
File test_508.bin: opened: 17876 us, closed:     2 us, I/O:   7179 us, total:  30372 us, speed:  1392 KB/s, CRC: OK, Pattern: OK, Size: OK (0xC61C2AA0)
File test_509.bin: opened: 17931 us, closed:     2 us, I/O:   7165 us, total:  30422 us, speed:  1395 KB/s, CRC: OK, Pattern: OK, Size: OK (0xC61C2AA0)
File test_510.bin: opened: 17895 us, closed:     2 us, I/O:  13132 us, total:  36375 us, speed:   761 KB/s, CRC: OK, Pattern: OK, Size: OK (0xC61C2AA0)
File test_511.bin: opened: 17404 us, closed:     2 us, I/O:   7194 us, total:  29907 us, speed:  1390 KB/s, CRC: OK, Pattern: OK, Size: OK (0xC61C2AA0)
File test_512.bin: opened: 18185 us, closed:     2 us, I/O:   7017 us, total:  30537 us, speed:  1425 KB/s, CRC: OK, Pattern: OK, Size: OK (0xC61C2AA0)
File test_513.bin: opened: 24572 us, closed:     2 us, I/O:   6958 us, total:  36890 us, speed:  1437 KB/s, CRC: OK, Pattern: OK, Size: OK (0xC61C2AA0)
File test_514.bin: opened: 18521 us, closed:     2 us, I/O:   6988 us, total:  30859 us, speed:  1431 KB/s, CRC: OK, Pattern: OK, Size: OK (0xC61C2AA0)
File test_515.bin: opened: 18680 us, closed:     2 us, I/O:   7009 us, total:  31019 us, speed:  1426 KB/s, CRC: OK, Pattern: OK, Size: OK (0xC61C2AA0)
File test_516.bin: opened: 24509 us, closed:     2 us, I/O:   7051 us, total:  36939 us, speed:  1418 KB/s, CRC: OK, Pattern: OK, Size: OK (0xC61C2AA0)
File test_517.bin: opened: 18629 us, closed:     2 us, I/O:   6977 us, total:  30976 us, speed:  1433 KB/s, CRC: OK, Pattern: OK, Size: OK (0xC61C2AA0)
File test_518.bin: opened: 18563 us, closed:     2 us, I/O:   7000 us, total:  30925 us, speed:  1428 KB/s, CRC: OK, Pattern: OK, Size: OK (0xC61C2AA0)
File test_519.bin: opened: 24636 us, closed:     2 us, I/O:   7064 us, total:  37032 us, speed:  1415 KB/s, CRC: OK, Pattern: OK, Size: OK (0xC61C2AA0)
File test_520.bin: opened: 18580 us, closed:     2 us, I/O:   6980 us, total:  30918 us, speed:  1432 KB/s, CRC: OK, Pattern: OK, Size: OK (0xC61C2AA0)
File test_521.bin: opened: 18792 us, closed:     2 us, I/O:   7006 us, total:  31159 us, speed:  1427 KB/s, CRC: OK, Pattern: OK, Size: OK (0xC61C2AA0)
File test_522.bin: opened: 25139 us, closed:     2 us, I/O:   7063 us, total:  37573 us, speed:  1415 KB/s, CRC: OK, Pattern: OK, Size: OK (0xC61C2AA0)
File test_523.bin: opened: 19329 us, closed:     2 us, I/O:   7080 us, total:  31771 us, speed:  1412 KB/s, CRC: OK, Pattern: OK, Size: OK (0xC61C2AA0)
File test_524.bin: opened: 19216 us, closed:     2 us, I/O:   7082 us, total:  31675 us, speed:  1412 KB/s, CRC: OK, Pattern: OK, Size: OK (0xC61C2AA0)
File test_525.bin: opened: 25525 us, closed:     2 us, I/O:   6854 us, total:  37711 us, speed:  1459 KB/s, CRC: OK, Pattern: OK, Size: OK (0xC61C2AA0)
File test_526.bin: opened: 19745 us, closed:     2 us, I/O:   6862 us, total:  31980 us, speed:  1457 KB/s, CRC: OK, Pattern: OK, Size: OK (0xC61C2AA0)
File test_527.bin: opened: 19454 us, closed:     2 us, I/O:   6862 us, total:  31620 us, speed:  1457 KB/s, CRC: OK, Pattern: OK, Size: OK (0xC61C2AA0)
File test_528.bin: opened: 25391 us, closed:     2 us, I/O:   6890 us, total:  37662 us, speed:  1451 KB/s, CRC: OK, Pattern: OK, Size: OK (0xC61C2AA0)
File test_529.bin: opened: 19563 us, closed:     2 us, I/O:   6896 us, total:  31850 us, speed:  1450 KB/s, CRC: OK, Pattern: OK, Size: OK (0xC61C2AA0)
File test_530.bin: opened: 19772 us, closed:     2 us, I/O:   6939 us, total:  38023 us, speed:  1441 KB/s, CRC: OK, Pattern: OK, Size: OK (0xC61C2AA0)
File test_531.bin: opened: 20052 us, closed:     2 us, I/O:   6853 us, total:  32271 us, speed:  1459 KB/s, CRC: OK, Pattern: OK, Size: OK (0xC61C2AA0)
File test_532.bin: opened: 20041 us, closed:     2 us, I/O:   6964 us, total:  32415 us, speed:  1435 KB/s, CRC: OK, Pattern: OK, Size: OK (0xC61C2AA0)
File test_533.bin: opened: 20048 us, closed:     2 us, I/O:  12792 us, total:  38176 us, speed:   781 KB/s, CRC: OK, Pattern: OK, Size: OK (0xC61C2AA0)
File test_534.bin: opened: 19811 us, closed:     2 us, I/O:   6882 us, total:  32041 us, speed:  1453 KB/s, CRC: OK, Pattern: OK, Size: OK (0xC61C2AA0)
File test_535.bin: opened: 20094 us, closed:     2 us, I/O:   6880 us, total:  32360 us, speed:  1453 KB/s, CRC: OK, Pattern: OK, Size: OK (0xC61C2AA0)
File test_536.bin: opened: 26014 us, closed:     2 us, I/O:   6872 us, total:  38202 us, speed:  1455 KB/s, CRC: OK, Pattern: OK, Size: OK (0xC61C2AA0)
File test_537.bin: opened: 25808 us, closed:     2 us, I/O:   6925 us, total:  38110 us, speed:  1444 KB/s, CRC: OK, Pattern: OK, Size: OK (0xC61C2AA0)
File test_538.bin: opened: 25845 us, closed:     2 us, I/O:   6785 us, total:  37970 us, speed:  1473 KB/s, CRC: OK, Pattern: OK, Size: OK (0xC61C2AA0)
File test_539.bin: opened: 27261 us, closed:     2 us, I/O:   6776 us, total:  39358 us, speed:  1475 KB/s, CRC: OK, Pattern: OK, Size: OK (0xC61C2AA0)
File test_540.bin: opened: 20705 us, closed:     2 us, I/O:   6819 us, total:  32828 us, speed:  1466 KB/s, CRC: OK, Pattern: OK, Size: OK (0xC61C2AA0)
File test_541.bin: opened: 20825 us, closed:     2 us, I/O:   6795 us, total:  38942 us, speed:  1471 KB/s, CRC: OK, Pattern: OK, Size: OK (0xC61C2AA0)
File test_542.bin: opened: 20190 us, closed:     2 us, I/O:   6752 us, total:  32271 us, speed:  1481 KB/s, CRC: OK, Pattern: OK, Size: OK (0xC61C2AA0)
File test_543.bin: opened: 20892 us, closed:     2 us, I/O:   6820 us, total:  33078 us, speed:  1466 KB/s, CRC: OK, Pattern: OK, Size: OK (0xC61C2AA0)
File test_544.bin: opened: 20725 us, closed:     2 us, I/O:   6741 us, total:  38746 us, speed:  1483 KB/s, CRC: OK, Pattern: OK, Size: OK (0xC61C2AA0)
File test_545.bin: opened: 21013 us, closed:     2 us, I/O:   6780 us, total:  33184 us, speed:  1474 KB/s, CRC: OK, Pattern: OK, Size: OK (0xC61C2AA0)
File test_546.bin: opened: 20856 us, closed:     2 us, I/O:   6750 us, total:  32913 us, speed:  1481 KB/s, CRC: OK, Pattern: OK, Size: OK (0xC61C2AA0)
File test_547.bin: opened: 27342 us, closed:     2 us, I/O:   6803 us, total:  39446 us, speed:  1469 KB/s, CRC: OK, Pattern: OK, Size: OK (0xC61C2AA0)
File test_548.bin: opened: 21345 us, closed:     2 us, I/O:   6758 us, total:  33462 us, speed:  1479 KB/s, CRC: OK, Pattern: OK, Size: OK (0xC61C2AA0)
File test_549.bin: opened: 21505 us, closed:     2 us, I/O:   6773 us, total:  33660 us, speed:  1476 KB/s, CRC: OK, Pattern: OK, Size: OK (0xC61C2AA0)
File test_550.bin: opened: 26798 us, closed:     2 us, I/O:   6851 us, total:  39003 us, speed:  1459 KB/s, CRC: OK, Pattern: OK, Size: OK (0xC61C2AA0)
File test_551.bin: opened: 21676 us, closed:     2 us, I/O:   6624 us, total:  33672 us, speed:  1509 KB/s, CRC: OK, Pattern: OK, Size: OK (0xC61C2AA0)
File test_552.bin: opened: 21477 us, closed:     2 us, I/O:  12634 us, total:  39412 us, speed:   791 KB/s, CRC: OK, Pattern: OK, Size: OK (0xC61C2AA0)
File test_553.bin: opened: 21742 us, closed:     6 us, I/O:   6714 us, total:  33796 us, speed:  1489 KB/s, CRC: OK, Pattern: OK, Size: OK (0xC61C2AA0)
File test_554.bin: opened: 21519 us, closed:     2 us, I/O:   6689 us, total:  33539 us, speed:  1494 KB/s, CRC: OK, Pattern: OK, Size: OK (0xC61C2AA0)
File test_555.bin: opened: 28086 us, closed:     2 us, I/O:   6650 us, total:  40056 us, speed:  1503 KB/s, CRC: OK, Pattern: OK, Size: OK (0xC61C2AA0)
File test_556.bin: opened: 21712 us, closed:     2 us, I/O:   6673 us, total:  33732 us, speed:  1498 KB/s, CRC: OK, Pattern: OK, Size: OK (0xC61C2AA0)
File test_557.bin: opened: 22217 us, closed:     2 us, I/O:   6647 us, total:  34221 us, speed:  1504 KB/s, CRC: OK, Pattern: OK, Size: OK (0xC61C2AA0)
File test_558.bin: opened: 27447 us, closed:     2 us, I/O:   6658 us, total:  39465 us, speed:  1501 KB/s, CRC: OK, Pattern: OK, Size: OK (0xC61C2AA0)
File test_559.bin: opened: 22117 us, closed:     2 us, I/O:   6660 us, total:  34141 us, speed:  1501 KB/s, CRC: OK, Pattern: OK, Size: OK (0xC61C2AA0)
File test_560.bin: opened: 21758 us, closed:     2 us, I/O:   6698 us, total:  39754 us, speed:  1492 KB/s, CRC: OK, Pattern: OK, Size: OK (0xC61C2AA0)
File test_561.bin: opened: 28222 us, closed:     2 us, I/O:   6600 us, total:  40192 us, speed:  1515 KB/s, CRC: OK, Pattern: OK, Size: OK (0xC61C2AA0)
File test_562.bin: opened: 28017 us, closed:     2 us, I/O:   6693 us, total:  40068 us, speed:  1494 KB/s, CRC: OK, Pattern: OK, Size: OK (0xC61C2AA0)
File test_563.bin: opened: 34451 us, closed:     2 us, I/O:   6635 us, total:  46446 us, speed:  1507 KB/s, CRC: OK, Pattern: OK, Size: OK (0xC61C2AA0)
File test_564.bin: opened: 28448 us, closed:     2 us, I/O:   6594 us, total:  40394 us, speed:  1516 KB/s, CRC: OK, Pattern: OK, Size: OK (0xC61C2AA0)
File test_565.bin: opened: 29252 us, closed:     2 us, I/O:   6614 us, total:  41193 us, speed:  1511 KB/s, CRC: OK, Pattern: OK, Size: OK (0xC61C2AA0)
File test_566.bin: opened: 22255 us, closed:     2 us, I/O:   6622 us, total:  34253 us, speed:  1510 KB/s, CRC: OK, Pattern: OK, Size: OK (0xC61C2AA0)
File test_567.bin: opened: 22745 us, closed:     2 us, I/O:   6556 us, total:  34643 us, speed:  1525 KB/s, CRC: OK, Pattern: OK, Size: OK (0xC61C2AA0)
File test_568.bin: opened: 28910 us, closed:     2 us, I/O:   6630 us, total:  40960 us, speed:  1508 KB/s, CRC: OK, Pattern: OK, Size: OK (0xC61C2AA0)
File test_569.bin: opened: 22981 us, closed:     2 us, I/O:   6590 us, total:  34958 us, speed:  1517 KB/s, CRC: OK, Pattern: OK, Size: OK (0xC61C2AA0)
File test_570.bin: opened: 22888 us, closed:     2 us, I/O:  12459 us, total:  40769 us, speed:   802 KB/s, CRC: OK, Pattern: OK, Size: OK (0xC61C2AA0)
File test_571.bin: opened: 22906 us, closed:     2 us, I/O:   6572 us, total:  34778 us, speed:  1521 KB/s, CRC: OK, Pattern: OK, Size: OK (0xC61C2AA0)
File test_572.bin: opened: 23633 us, closed:     2 us, I/O:   6568 us, total:  35514 us, speed:  1522 KB/s, CRC: OK, Pattern: OK, Size: OK (0xC61C2AA0)
File test_573.bin: opened: 29356 us, closed:     2 us, I/O:   2043 us, total:  36763 us, speed:  4894 KB/s, CRC: OK, Pattern: OK, Size: OK (0xC61C2AA0)
File test_574.bin: opened: 22926 us, closed:     2 us, I/O:   2056 us, total:  30342 us, speed:  4863 KB/s, CRC: OK, Pattern: OK, Size: OK (0xC61C2AA0)
File test_575.bin: opened: 22905 us, closed:     2 us, I/O:   2064 us, total:  30312 us, speed:  4844 KB/s, CRC: OK, Pattern: OK, Size: OK (0xC61C2AA0)
File test_576.bin: opened: 29844 us, closed:     2 us, I/O:   6492 us, total:  41684 us, speed:  1540 KB/s, CRC: OK, Pattern: OK, Size: OK (0xC61C2AA0)
File test_577.bin: opened: 24275 us, closed:     2 us, I/O:   6463 us, total:  36099 us, speed:  1547 KB/s, CRC: OK, Pattern: OK, Size: OK (0xC61C2AA0)
File test_578.bin: opened: 23732 us, closed:     2 us, I/O:   6435 us, total:  41470 us, speed:  1554 KB/s, CRC: OK, Pattern: OK, Size: OK (0xC61C2AA0)
File test_579.bin: opened: 23723 us, closed:     2 us, I/O:   6447 us, total:  35570 us, speed:  1551 KB/s, CRC: OK, Pattern: OK, Size: OK (0xC61C2AA0)
File test_580.bin: opened: 24373 us, closed:     2 us, I/O:   6526 us, total:  36234 us, speed:  1532 KB/s, CRC: OK, Pattern: OK, Size: OK (0xC61C2AA0)
File test_581.bin: opened: 30383 us, closed:     2 us, I/O:   6496 us, total:  42246 us, speed:  1539 KB/s, CRC: OK, Pattern: OK, Size: OK (0xC61C2AA0)
File test_582.bin: opened: 23772 us, closed:     2 us, I/O:   6418 us, total:  35502 us, speed:  1558 KB/s, CRC: OK, Pattern: OK, Size: OK (0xC61C2AA0)
File test_583.bin: opened: 23675 us, closed:     2 us, I/O:   6497 us, total:  35481 us, speed:  1539 KB/s, CRC: OK, Pattern: OK, Size: OK (0xC61C2AA0)
File test_584.bin: opened: 30304 us, closed:     2 us, I/O:   6419 us, total:  42084 us, speed:  1557 KB/s, CRC: OK, Pattern: OK, Size: OK (0xC61C2AA0)
File test_585.bin: opened: 30720 us, closed:     2 us, I/O:   6488 us, total:  42557 us, speed:  1541 KB/s, CRC: OK, Pattern: OK, Size: OK (0xC61C2AA0)
File test_586.bin: opened: 36241 us, closed:     2 us, I/O:   2037 us, total:  43653 us, speed:  4909 KB/s, CRC: OK, Pattern: OK, Size: OK (0xC61C2AA0)
File test_587.bin: opened: 30411 us, closed:     2 us, I/O:   2039 us, total:  37781 us, speed:  4904 KB/s, CRC: OK, Pattern: OK, Size: OK (0xC61C2AA0)
File test_588.bin: opened: 36993 us, closed:     2 us, I/O:   2048 us, total:  44402 us, speed:  4882 KB/s, CRC: OK, Pattern: OK, Size: OK (0xC61C2AA0)
File test_589.bin: opened: 31386 us, closed:     2 us, I/O:   6337 us, total:  43089 us, speed:  1578 KB/s, CRC: OK, Pattern: OK, Size: OK (0xC61C2AA0)
File test_590.bin: opened: 24996 us, closed:     2 us, I/O:   6304 us, total:  36656 us, speed:  1586 KB/s, CRC: OK, Pattern: OK, Size: OK (0xC61C2AA0)
File test_591.bin: opened: 30374 us, closed:     2 us, I/O:   6358 us, total:  42081 us, speed:  1572 KB/s, CRC: OK, Pattern: OK, Size: OK (0xC61C2AA0)
File test_592.bin: opened: 25132 us, closed:     2 us, I/O:   6318 us, total:  36813 us, speed:  1582 KB/s, CRC: OK, Pattern: OK, Size: OK (0xC61C2AA0)
File test_593.bin: opened: 31060 us, closed:     2 us, I/O:   6352 us, total:  42730 us, speed:  1574 KB/s, CRC: OK, Pattern: OK, Size: OK (0xC61C2AA0)
File test_594.bin: opened: 25093 us, closed:     2 us, I/O:   6358 us, total:  36883 us, speed:  1572 KB/s, CRC: OK, Pattern: OK, Size: OK (0xC61C2AA0)
File test_595.bin: opened: 25072 us, closed:     2 us, I/O:   6300 us, total:  36698 us, speed:  1587 KB/s, CRC: OK, Pattern: OK, Size: OK (0xC61C2AA0)
File test_596.bin: opened: 31519 us, closed:     2 us, I/O:   6381 us, total:  43259 us, speed:  1567 KB/s, CRC: OK, Pattern: OK, Size: OK (0xC61C2AA0)
File test_597.bin: opened: 25727 us, closed:     2 us, I/O:   6398 us, total:  37476 us, speed:  1562 KB/s, CRC: OK, Pattern: OK, Size: OK (0xC61C2AA0)
File test_598.bin: opened: 31060 us, closed:     2 us, I/O:   6382 us, total:  42781 us, speed:  1566 KB/s, CRC: OK, Pattern: OK, Size: OK (0xC61C2AA0)
File test_599.bin: opened: 25095 us, closed:     2 us, I/O:   2098 us, total:  32544 us, speed:  4766 KB/s, CRC: OK, Pattern: OK, Size: OK (0xC61C2AA0)
File test_600.bin: opened: 25533 us, closed:     2 us, I/O:   2081 us, total:  32939 us, speed:  4805 KB/s, CRC: OK, Pattern: OK, Size: OK (0xC61C2AA0)
File test_601.bin: opened: 37960 us, closed:     2 us, I/O:   2098 us, total:  45393 us, speed:  4766 KB/s, CRC: OK, Pattern: OK, Size: OK (0xC61C2AA0)
File test_602.bin: opened: 32229 us, closed:     2 us, I/O:   6261 us, total:  43838 us, speed:  1597 KB/s, CRC: OK, Pattern: OK, Size: OK (0xC61C2AA0)
File test_603.bin: opened: 32263 us, closed:     2 us, I/O:   6203 us, total:  43814 us, speed:  1612 KB/s, CRC: OK, Pattern: OK, Size: OK (0xC61C2AA0)
File test_604.bin: opened: 25833 us, closed:     2 us, I/O:   6193 us, total:  37387 us, speed:  1614 KB/s, CRC: OK, Pattern: OK, Size: OK (0xC61C2AA0)
File test_605.bin: opened: 26048 us, closed:     2 us, I/O:   6211 us, total:  43566 us, speed:  1610 KB/s, CRC: OK, Pattern: OK, Size: OK (0xC61C2AA0)
File test_606.bin: opened: 25838 us, closed:     2 us, I/O:   6194 us, total:  37321 us, speed:  1614 KB/s, CRC: OK, Pattern: OK, Size: OK (0xC61C2AA0)
File test_607.bin: opened: 25859 us, closed:     2 us, I/O:   6204 us, total:  37425 us, speed:  1611 KB/s, CRC: OK, Pattern: OK, Size: OK (0xC61C2AA0)
File test_608.bin: opened: 31764 us, closed:     2 us, I/O:   6238 us, total:  43337 us, speed:  1603 KB/s, CRC: OK, Pattern: OK, Size: OK (0xC61C2AA0)
File test_609.bin: opened: 32455 us, closed:     2 us, I/O:   6241 us, total:  44059 us, speed:  1602 KB/s, CRC: OK, Pattern: OK, Size: OK (0xC61C2AA0)
File test_610.bin: opened: 38673 us, closed:     2 us, I/O:   6211 us, total:  50212 us, speed:  1610 KB/s, CRC: OK, Pattern: OK, Size: OK (0xC61C2AA0)
File test_611.bin: opened: 32731 us, closed:     2 us, I/O:   6231 us, total:  44356 us, speed:  1604 KB/s, CRC: OK, Pattern: OK, Size: OK (0xC61C2AA0)
File test_612.bin: opened: 38595 us, closed:     2 us, I/O:   2047 us, total:  46044 us, speed:  4885 KB/s, CRC: OK, Pattern: OK, Size: OK (0xC61C2AA0)
File test_613.bin: opened: 32821 us, closed:     2 us, I/O:   2107 us, total:  40309 us, speed:  4746 KB/s, CRC: OK, Pattern: OK, Size: OK (0xC61C2AA0)
File test_614.bin: opened: 32752 us, closed:     2 us, I/O:   2095 us, total:  46154 us, speed:  4773 KB/s, CRC: OK, Pattern: OK, Size: OK (0xC61C2AA0)
File test_615.bin: opened: 33004 us, closed:     2 us, I/O:   6141 us, total:  44497 us, speed:  1628 KB/s, CRC: OK, Pattern: OK, Size: OK (0xC61C2AA0)
File test_616.bin: opened: 26595 us, closed:     2 us, I/O:   6038 us, total:  38005 us, speed:  1656 KB/s, CRC: OK, Pattern: OK, Size: OK (0xC61C2AA0)
File test_617.bin: opened: 32741 us, closed:     2 us, I/O:   6045 us, total:  44121 us, speed:  1654 KB/s, CRC: OK, Pattern: OK, Size: OK (0xC61C2AA0)
File test_618.bin: opened: 26679 us, closed:     2 us, I/O:   6124 us, total:  38145 us, speed:  1632 KB/s, CRC: OK, Pattern: OK, Size: OK (0xC61C2AA0)
File test_619.bin: opened: 32612 us, closed:     2 us, I/O:   6157 us, total:  44160 us, speed:  1624 KB/s, CRC: OK, Pattern: OK, Size: OK (0xC61C2AA0)
File test_620.bin: opened: 26710 us, closed:     2 us, I/O:   6082 us, total:  38119 us, speed:  1644 KB/s, CRC: OK, Pattern: OK, Size: OK (0xC61C2AA0)
File test_621.bin: opened: 27289 us, closed:     2 us, I/O:   6060 us, total:  44631 us, speed:  1650 KB/s, CRC: OK, Pattern: OK, Size: OK (0xC61C2AA0)
File test_622.bin: opened: 26703 us, closed:     2 us, I/O:   6140 us, total:  38174 us, speed:  1628 KB/s, CRC: OK, Pattern: OK, Size: OK (0xC61C2AA0)
File test_623.bin: opened: 26764 us, closed:     2 us, I/O:   6091 us, total:  38218 us, speed:  1641 KB/s, CRC: OK, Pattern: OK, Size: OK (0xC61C2AA0)
File test_624.bin: opened: 32718 us, closed:     2 us, I/O:   6142 us, total:  44216 us, speed:  1628 KB/s, CRC: OK, Pattern: OK, Size: OK (0xC61C2AA0)
File test_625.bin: opened: 33850 us, closed:     2 us, I/O:   2078 us, total:  41289 us, speed:  4812 KB/s, CRC: OK, Pattern: OK, Size: OK (0xC61C2AA0)
File test_626.bin: opened: 39703 us, closed:     2 us, I/O:   2047 us, total:  47128 us, speed:  4885 KB/s, CRC: OK, Pattern: OK, Size: OK (0xC61C2AA0)
File test_627.bin: opened: 33805 us, closed:     2 us, I/O:   2089 us, total:  41235 us, speed:  4786 KB/s, CRC: OK, Pattern: OK, Size: OK (0xC61C2AA0)
File test_628.bin: opened: 34072 us, closed:     2 us, I/O:  11924 us, total:  51339 us, speed:   838 KB/s, CRC: OK, Pattern: OK, Size: OK (0xC61C2AA0)
File test_629.bin: opened: 27947 us, closed:     2 us, I/O:   6023 us, total:  39296 us, speed:  1660 KB/s, CRC: OK, Pattern: OK, Size: OK (0xC61C2AA0)
File test_630.bin: opened: 27531 us, closed:     2 us, I/O:   5992 us, total:  38847 us, speed:  1668 KB/s, CRC: OK, Pattern: OK, Size: OK (0xC61C2AA0)
File test_631.bin: opened: 33426 us, closed:     2 us, I/O:   5975 us, total:  44781 us, speed:  1673 KB/s, CRC: OK, Pattern: OK, Size: OK (0xC61C2AA0)
File test_632.bin: opened: 27511 us, closed:     2 us, I/O:   5982 us, total:  38847 us, speed:  1671 KB/s, CRC: OK, Pattern: OK, Size: OK (0xC61C2AA0)
File test_633.bin: opened: 34028 us, closed:     2 us, I/O:   5979 us, total:  45382 us, speed:  1672 KB/s, CRC: OK, Pattern: OK, Size: OK (0xC61C2AA0)
File test_634.bin: opened: 28096 us, closed:     2 us, I/O:   5961 us, total:  39375 us, speed:  1677 KB/s, CRC: OK, Pattern: OK, Size: OK (0xC61C2AA0)
File test_635.bin: opened: 28163 us, closed:     2 us, I/O:  11919 us, total:  45469 us, speed:   838 KB/s, CRC: OK, Pattern: OK, Size: OK (0xC61C2AA0)
File test_636.bin: opened: 28128 us, closed:     2 us, I/O:   5971 us, total:  39422 us, speed:  1674 KB/s, CRC: OK, Pattern: OK, Size: OK (0xC61C2AA0)
File test_637.bin: opened: 28138 us, closed:     2 us, I/O:   5999 us, total:  39486 us, speed:  1666 KB/s, CRC: OK, Pattern: OK, Size: OK (0xC61C2AA0)
File test_638.bin: opened: 34079 us, closed:     2 us, I/O:   2079 us, total:  41534 us, speed:  4810 KB/s, CRC: OK, Pattern: OK, Size: OK (0xC61C2AA0)
File test_639.bin: opened: 28114 us, closed:     2 us, I/O:   2079 us, total:  35526 us, speed:  4810 KB/s, CRC: OK, Pattern: OK, Size: OK (0xC61C2AA0)
File test_640.bin: opened: 34351 us, closed:     2 us, I/O:   5882 us, total:  45551 us, speed:  1700 KB/s, CRC: OK, Pattern: OK, Size: OK (0xC61C2AA0)
File test_641.bin: opened: 28419 us, closed:     2 us, I/O:   5844 us, total:  39615 us, speed:  1711 KB/s, CRC: OK, Pattern: OK, Size: OK (0xC61C2AA0)
File test_642.bin: opened: 28395 us, closed:     2 us, I/O:   5843 us, total:  45556 us, speed:  1711 KB/s, CRC: OK, Pattern: OK, Size: OK (0xC61C2AA0)
File test_643.bin: opened: 28333 us, closed:     2 us, I/O:   5813 us, total:  39486 us, speed:  1720 KB/s, CRC: OK, Pattern: OK, Size: OK (0xC61C2AA0)
File test_644.bin: opened: 28370 us, closed:     2 us, I/O:   5886 us, total:  39659 us, speed:  1698 KB/s, CRC: OK, Pattern: OK, Size: OK (0xC61C2AA0)
File test_645.bin: opened: 34412 us, closed:     2 us, I/O:   5887 us, total:  45692 us, speed:  1698 KB/s, CRC: OK, Pattern: OK, Size: OK (0xC61C2AA0)
File test_646.bin: opened: 28371 us, closed:     2 us, I/O:   5905 us, total:  39641 us, speed:  1693 KB/s, CRC: OK, Pattern: OK, Size: OK (0xC61C2AA0)
File test_647.bin: opened: 34309 us, closed:     2 us, I/O:   5815 us, total:  45452 us, speed:  1719 KB/s, CRC: OK, Pattern: OK, Size: OK (0xC61C2AA0)
File test_648.bin: opened: 28405 us, closed:     2 us, I/O:   5831 us, total:  39588 us, speed:  1714 KB/s, CRC: OK, Pattern: OK, Size: OK (0xC61C2AA0)
File test_649.bin: opened: 41163 us, closed:     2 us, I/O:   5872 us, total:  52406 us, speed:  1702 KB/s, CRC: OK, Pattern: OK, Size: OK (0xC61C2AA0)
File test_650.bin: opened: 35255 us, closed:     2 us, I/O:   5865 us, total:  46465 us, speed:  1705 KB/s, CRC: OK, Pattern: OK, Size: OK (0xC61C2AA0)
File test_651.bin: opened: 41174 us, closed:     2 us, I/O:   2107 us, total:  48589 us, speed:  4746 KB/s, CRC: OK, Pattern: OK, Size: OK (0xC61C2AA0)
File test_652.bin: opened: 35144 us, closed:     2 us, I/O:   2068 us, total:  42596 us, speed:  4835 KB/s, CRC: OK, Pattern: OK, Size: OK (0xC61C2AA0)
File test_653.bin: opened: 35464 us, closed:     2 us, I/O:  11725 us, total:  52515 us, speed:   852 KB/s, CRC: OK, Pattern: OK, Size: OK (0xC61C2AA0)
File test_654.bin: opened: 28652 us, closed:     2 us, I/O:   5701 us, total:  39682 us, speed:  1754 KB/s, CRC: OK, Pattern: OK, Size: OK (0xC61C2AA0)
File test_655.bin: opened: 28711 us, closed:     2 us, I/O:   5685 us, total:  39787 us, speed:  1759 KB/s, CRC: OK, Pattern: OK, Size: OK (0xC61C2AA0)
File test_656.bin: opened: 34632 us, closed:     2 us, I/O:   5764 us, total:  45731 us, speed:  1734 KB/s, CRC: OK, Pattern: OK, Size: OK (0xC61C2AA0)
File test_657.bin: opened: 28861 us, closed:     2 us, I/O:   5754 us, total:  39983 us, speed:  1737 KB/s, CRC: OK, Pattern: OK, Size: OK (0xC61C2AA0)
File test_658.bin: opened: 34757 us, closed:     2 us, I/O:   5724 us, total:  45842 us, speed:  1747 KB/s, CRC: OK, Pattern: OK, Size: OK (0xC61C2AA0)
File test_659.bin: opened: 28794 us, closed:     2 us, I/O:   5783 us, total:  39969 us, speed:  1729 KB/s, CRC: OK, Pattern: OK, Size: OK (0xC61C2AA0)
File test_660.bin: opened: 34770 us, closed:     2 us, I/O:   5701 us, total:  45821 us, speed:  1754 KB/s, CRC: OK, Pattern: OK, Size: OK (0xC61C2AA0)
File test_661.bin: opened: 28814 us, closed:     2 us, I/O:   5710 us, total:  39827 us, speed:  1751 KB/s, CRC: OK, Pattern: OK, Size: OK (0xC61C2AA0)
File test_662.bin: opened: 28747 us, closed:     2 us, I/O:   5717 us, total:  39830 us, speed:  1749 KB/s, CRC: OK, Pattern: OK, Size: OK (0xC61C2AA0)
File test_663.bin: opened: 28803 us, closed:     6 us, I/O:   5817 us, total:  39970 us, speed:  1719 KB/s, CRC: OK, Pattern: OK, Size: OK (0xC61C2AA0)
File test_664.bin: opened: 28845 us, closed:     2 us, I/O:   2052 us, total:  36280 us, speed:  4873 KB/s, CRC: OK, Pattern: OK, Size: OK (0xC61C2AA0)
File test_665.bin: opened: 41697 us, closed:     2 us, I/O:   2059 us, total:  49093 us, speed:  4856 KB/s, CRC: OK, Pattern: OK, Size: OK (0xC61C2AA0)
File test_666.bin: opened: 36031 us, closed:     2 us, I/O:   5607 us, total:  46978 us, speed:  1783 KB/s, CRC: OK, Pattern: OK, Size: OK (0xC61C2AA0)
File test_667.bin: opened: 35032 us, closed:     2 us, I/O:   5618 us, total:  46020 us, speed:  1779 KB/s, CRC: OK, Pattern: OK, Size: OK (0xC61C2AA0)
File test_668.bin: opened: 29143 us, closed:     2 us, I/O:   5637 us, total:  40112 us, speed:  1773 KB/s, CRC: OK, Pattern: OK, Size: OK (0xC61C2AA0)
File test_669.bin: opened: 35068 us, closed:     2 us, I/O:   5565 us, total:  45955 us, speed:  1796 KB/s, CRC: OK, Pattern: OK, Size: OK (0xC61C2AA0)
File test_670.bin: opened: 29087 us, closed:     2 us, I/O:   5601 us, total:  40004 us, speed:  1785 KB/s, CRC: OK, Pattern: OK, Size: OK (0xC61C2AA0)
File test_671.bin: opened: 29146 us, closed:     2 us, I/O:   5653 us, total:  40166 us, speed:  1768 KB/s, CRC: OK, Pattern: OK, Size: OK (0xC61C2AA0)
File test_672.bin: opened: 29128 us, closed:     2 us, I/O:   5630 us, total:  40107 us, speed:  1776 KB/s, CRC: OK, Pattern: OK, Size: OK (0xC61C2AA0)
File test_673.bin: opened: 29217 us, closed:     2 us, I/O:   5613 us, total:  40174 us, speed:  1781 KB/s, CRC: OK, Pattern: OK, Size: OK (0xC61C2AA0)
File test_674.bin: opened: 35188 us, closed:     2 us, I/O:   5633 us, total:  46163 us, speed:  1775 KB/s, CRC: OK, Pattern: OK, Size: OK (0xC61C2AA0)
File test_675.bin: opened: 29260 us, closed:     2 us, I/O:   5584 us, total:  40212 us, speed:  1790 KB/s, CRC: OK, Pattern: OK, Size: OK (0xC61C2AA0)
File test_676.bin: opened: 35242 us, closed:     2 us, I/O:   5607 us, total:  46195 us, speed:  1783 KB/s, CRC: OK, Pattern: OK, Size: OK (0xC61C2AA0)
File test_677.bin: opened: 29211 us, closed:     2 us, I/O:   2039 us, total:  36628 us, speed:  4904 KB/s, CRC: OK, Pattern: OK, Size: OK (0xC61C2AA0)
File test_678.bin: opened: 29224 us, closed:     2 us, I/O:   2101 us, total:  36652 us, speed:  4759 KB/s, CRC: OK, Pattern: OK, Size: OK (0xC61C2AA0)
File test_679.bin: opened: 29510 us, closed:     2 us, I/O:   5486 us, total:  40340 us, speed:  1822 KB/s, CRC: OK, Pattern: OK, Size: OK (0xC61C2AA0)
File test_680.bin: opened: 29449 us, closed:     2 us, I/O:   5482 us, total:  40275 us, speed:  1824 KB/s, CRC: OK, Pattern: OK, Size: OK (0xC61C2AA0)
File test_681.bin: opened: 35443 us, closed:     2 us, I/O:   5475 us, total:  46264 us, speed:  1826 KB/s, CRC: OK, Pattern: OK, Size: OK (0xC61C2AA0)
File test_682.bin: opened: 29516 us, closed:     2 us, I/O:   5499 us, total:  40382 us, speed:  1818 KB/s, CRC: OK, Pattern: OK, Size: OK (0xC61C2AA0)
File test_683.bin: opened: 35514 us, closed:     2 us, I/O:   5543 us, total:  46382 us, speed:  1804 KB/s, CRC: OK, Pattern: OK, Size: OK (0xC61C2AA0)
File test_684.bin: opened: 29574 us, closed:     2 us, I/O:   5512 us, total:  40408 us, speed:  1814 KB/s, CRC: OK, Pattern: OK, Size: OK (0xC61C2AA0)
File test_685.bin: opened: 29618 us, closed:     2 us, I/O:  11478 us, total:  46436 us, speed:   871 KB/s, CRC: OK, Pattern: OK, Size: OK (0xC61C2AA0)
File test_686.bin: opened: 29552 us, closed:     2 us, I/O:   5497 us, total:  40445 us, speed:  1819 KB/s, CRC: OK, Pattern: OK, Size: OK (0xC61C2AA0)
File test_687.bin: opened: 29578 us, closed:     2 us, I/O:   5525 us, total:  40467 us, speed:  1809 KB/s, CRC: OK, Pattern: OK, Size: OK (0xC61C2AA0)
File test_688.bin: opened: 35532 us, closed:     2 us, I/O:   5501 us, total:  46449 us, speed:  1817 KB/s, CRC: OK, Pattern: OK, Size: OK (0xC61C2AA0)
File test_689.bin: opened: 36820 us, closed:     2 us, I/O:   5506 us, total:  47649 us, speed:  1816 KB/s, CRC: OK, Pattern: OK, Size: OK (0xC61C2AA0)
File test_690.bin: opened: 42638 us, closed:     2 us, I/O:   2086 us, total:  50058 us, speed:  4793 KB/s, CRC: OK, Pattern: OK, Size: OK (0xC61C2AA0)
File test_691.bin: opened: 36777 us, closed:     2 us, I/O:   2109 us, total:  44230 us, speed:  4741 KB/s, CRC: OK, Pattern: OK, Size: OK (0xC61C2AA0)
File test_692.bin: opened: 42889 us, closed:     2 us, I/O:   5416 us, total:  53614 us, speed:  1846 KB/s, CRC: OK, Pattern: OK, Size: OK (0xC61C2AA0)
File test_693.bin: opened: 29920 us, closed:     2 us, I/O:   5436 us, total:  40672 us, speed:  1839 KB/s, CRC: OK, Pattern: OK, Size: OK (0xC61C2AA0)
File test_694.bin: opened: 35802 us, closed:     2 us, I/O:   5355 us, total:  46478 us, speed:  1867 KB/s, CRC: OK, Pattern: OK, Size: OK (0xC61C2AA0)
File test_695.bin: opened: 29833 us, closed:     2 us, I/O:   5398 us, total:  40581 us, speed:  1852 KB/s, CRC: OK, Pattern: OK, Size: OK (0xC61C2AA0)
File test_696.bin: opened: 35744 us, closed:     2 us, I/O:   5378 us, total:  46467 us, speed:  1859 KB/s, CRC: OK, Pattern: OK, Size: OK (0xC61C2AA0)
File test_697.bin: opened: 29916 us, closed:     2 us, I/O:   5352 us, total:  40612 us, speed:  1868 KB/s, CRC: OK, Pattern: OK, Size: OK (0xC61C2AA0)
File test_698.bin: opened: 29994 us, closed:     2 us, I/O:  11347 us, total:  46687 us, speed:   881 KB/s, CRC: OK, Pattern: OK, Size: OK (0xC61C2AA0)
File test_699.bin: opened: 29990 us, closed:     2 us, I/O:   5321 us, total:  40660 us, speed:  1879 KB/s, CRC: OK, Pattern: OK, Size: OK (0xC61C2AA0)
File test_700.bin: opened: 29957 us, closed:     2 us, I/O:   5392 us, total:  40756 us, speed:  1854 KB/s, CRC: OK, Pattern: OK, Size: OK (0xC61C2AA0)
File test_701.bin: opened: 35948 us, closed:     2 us, I/O:   5410 us, total:  46730 us, speed:  1848 KB/s, CRC: OK, Pattern: OK, Size: OK (0xC61C2AA0)
File test_702.bin: opened: 30030 us, closed:     2 us, I/O:   5372 us, total:  40793 us, speed:  1861 KB/s, CRC: OK, Pattern: OK, Size: OK (0xC61C2AA0)
File test_703.bin: opened: 35915 us, closed:     2 us, I/O:   2048 us, total:  43329 us, speed:  4882 KB/s, CRC: OK, Pattern: OK, Size: OK (0xC61C2AA0)
File test_704.bin: opened: 30238 us, closed:     2 us, I/O:   5239 us, total:  40791 us, speed:  1908 KB/s, CRC: OK, Pattern: OK, Size: OK (0xC61C2AA0)
File test_705.bin: opened: 36178 us, closed:     2 us, I/O:   5247 us, total:  46784 us, speed:  1905 KB/s, CRC: OK, Pattern: OK, Size: OK (0xC61C2AA0)
File test_706.bin: opened: 30223 us, closed:     2 us, I/O:   5245 us, total:  40863 us, speed:  1906 KB/s, CRC: OK, Pattern: OK, Size: OK (0xC61C2AA0)
File test_707.bin: opened: 30253 us, closed:     2 us, I/O:   5300 us, total:  46851 us, speed:  1886 KB/s, CRC: OK, Pattern: OK, Size: OK (0xC61C2AA0)
File test_708.bin: opened: 30178 us, closed:     2 us, I/O:   5252 us, total:  40789 us, speed:  1904 KB/s, CRC: OK, Pattern: OK, Size: OK (0xC61C2AA0)
File test_709.bin: opened: 30272 us, closed:     2 us, I/O:   5275 us, total:  40922 us, speed:  1895 KB/s, CRC: OK, Pattern: OK, Size: OK (0xC61C2AA0)
File test_710.bin: opened: 36172 us, closed:     2 us, I/O:   5277 us, total:  46861 us, speed:  1895 KB/s, CRC: OK, Pattern: OK, Size: OK (0xC61C2AA0)
File test_711.bin: opened: 30333 us, closed:     2 us, I/O:   5310 us, total:  40947 us, speed:  1883 KB/s, CRC: OK, Pattern: OK, Size: OK (0xC61C2AA0)
File test_712.bin: opened: 36088 us, closed:     2 us, I/O:   5248 us, total:  46687 us, speed:  1905 KB/s, CRC: OK, Pattern: OK, Size: OK (0xC61C2AA0)
File test_713.bin: opened: 37647 us, closed:     2 us, I/O:   5237 us, total:  48238 us, speed:  1909 KB/s, CRC: OK, Pattern: OK, Size: OK (0xC61C2AA0)
File test_714.bin: opened: 43560 us, closed:     2 us, I/O:   5301 us, total:  54220 us, speed:  1886 KB/s, CRC: OK, Pattern: OK, Size: OK (0xC61C2AA0)
File test_715.bin: opened: 37706 us, closed:     2 us, I/O:   5286 us, total:  48352 us, speed:  1891 KB/s, CRC: OK, Pattern: OK, Size: OK (0xC61C2AA0)
File test_716.bin: opened: 43581 us, closed:     2 us, I/O:   2051 us, total:  51000 us, speed:  4875 KB/s, CRC: OK, Pattern: OK, Size: OK (0xC61C2AA0)
File test_717.bin: opened: 37906 us, closed:     2 us, I/O:   5140 us, total:  48391 us, speed:  1945 KB/s, CRC: OK, Pattern: OK, Size: OK (0xC61C2AA0)
File test_718.bin: opened: 36427 us, closed:     2 us, I/O:   5097 us, total:  46890 us, speed:  1961 KB/s, CRC: OK, Pattern: OK, Size: OK (0xC61C2AA0)
File test_719.bin: opened: 30500 us, closed:     2 us, I/O:   5144 us, total:  41038 us, speed:  1944 KB/s, CRC: OK, Pattern: OK, Size: OK (0xC61C2AA0)
File test_720.bin: opened: 36466 us, closed:     2 us, I/O:   5106 us, total:  46924 us, speed:  1958 KB/s, CRC: OK, Pattern: OK, Size: OK (0xC61C2AA0)
File test_721.bin: opened: 30648 us, closed:     2 us, I/O:   5101 us, total:  41112 us, speed:  1960 KB/s, CRC: OK, Pattern: OK, Size: OK (0xC61C2AA0)
File test_722.bin: opened: 30619 us, closed:     2 us, I/O:  11088 us, total:  47022 us, speed:   901 KB/s, CRC: OK, Pattern: OK, Size: OK (0xC61C2AA0)
File test_723.bin: opened: 30673 us, closed:     2 us, I/O:   5141 us, total:  41166 us, speed:  1945 KB/s, CRC: OK, Pattern: OK, Size: OK (0xC61C2AA0)
File test_724.bin: opened: 30694 us, closed:     2 us, I/O:   5180 us, total:  41262 us, speed:  1930 KB/s, CRC: OK, Pattern: OK, Size: OK (0xC61C2AA0)
File test_725.bin: opened: 36572 us, closed:     6 us, I/O:   5175 us, total:  47065 us, speed:  1932 KB/s, CRC: OK, Pattern: OK, Size: OK (0xC61C2AA0)
File test_726.bin: opened: 30622 us, closed:     2 us, I/O:   5128 us, total:  41066 us, speed:  1950 KB/s, CRC: OK, Pattern: OK, Size: OK (0xC61C2AA0)
File test_727.bin: opened: 36592 us, closed:     2 us, I/O:   5195 us, total:  47158 us, speed:  1924 KB/s, CRC: OK, Pattern: OK, Size: OK (0xC61C2AA0)
File test_728.bin: opened: 30691 us, closed:     2 us, I/O:   5182 us, total:  41181 us, speed:  1929 KB/s, CRC: OK, Pattern: OK, Size: OK (0xC61C2AA0)
File test_729.bin: opened: 44120 us, closed:     2 us, I/O:   2087 us, total:  51568 us, speed:  4791 KB/s, CRC: OK, Pattern: OK, Size: OK (0xC61C2AA0)
File test_730.bin: opened: 38448 us, closed:     2 us, I/O:   5065 us, total:  48864 us, speed:  1974 KB/s, CRC: OK, Pattern: OK, Size: OK (0xC61C2AA0)
File test_731.bin: opened: 36827 us, closed:     2 us, I/O:   4981 us, total:  47237 us, speed:  2007 KB/s, CRC: OK, Pattern: OK, Size: OK (0xC61C2AA0)
File test_732.bin: opened: 30965 us, closed:     2 us, I/O:   5059 us, total:  41365 us, speed:  1976 KB/s, CRC: OK, Pattern: OK, Size: OK (0xC61C2AA0)
File test_733.bin: opened: 36880 us, closed:     2 us, I/O:   5008 us, total:  47249 us, speed:  1996 KB/s, CRC: OK, Pattern: OK, Size: OK (0xC61C2AA0)
File test_734.bin: opened: 30936 us, closed:     2 us, I/O:   4983 us, total:  41220 us, speed:  2006 KB/s, CRC: OK, Pattern: OK, Size: OK (0xC61C2AA0)
File test_735.bin: opened: 30960 us, closed:     2 us, I/O:   4980 us, total:  47266 us, speed:  2008 KB/s, CRC: OK, Pattern: OK, Size: OK (0xC61C2AA0)
File test_736.bin: opened: 30977 us, closed:     2 us, I/O:   5069 us, total:  41390 us, speed:  1972 KB/s, CRC: OK, Pattern: OK, Size: OK (0xC61C2AA0)
File test_737.bin: opened: 31132 us, closed:     2 us, I/O:   4991 us, total:  41482 us, speed:  2003 KB/s, CRC: OK, Pattern: OK, Size: OK (0xC61C2AA0)
File test_738.bin: opened: 37040 us, closed:     2 us, I/O:   4970 us, total:  47357 us, speed:  2012 KB/s, CRC: OK, Pattern: OK, Size: OK (0xC61C2AA0)
File test_739.bin: opened: 31153 us, closed:     2 us, I/O:   5004 us, total:  41474 us, speed:  1998 KB/s, CRC: OK, Pattern: OK, Size: OK (0xC61C2AA0)
File test_740.bin: opened: 37087 us, closed:     2 us, I/O:   5078 us, total:  47481 us, speed:  1969 KB/s, CRC: OK, Pattern: OK, Size: OK (0xC61C2AA0)
File test_741.bin: opened: 31119 us, closed:     2 us, I/O:   5069 us, total:  41553 us, speed:  1972 KB/s, CRC: OK, Pattern: OK, Size: OK (0xC61C2AA0)
File test_742.bin: opened: 36979 us, closed:     2 us, I/O:   2073 us, total:  44484 us, speed:  4823 KB/s, CRC: OK, Pattern: OK, Size: OK (0xC61C2AA0)
File test_743.bin: opened: 31324 us, closed:     2 us, I/O:   4864 us, total:  41518 us, speed:  2055 KB/s, CRC: OK, Pattern: OK, Size: OK (0xC61C2AA0)
File test_744.bin: opened: 31179 us, closed:     2 us, I/O:  10871 us, total:  47372 us, speed:   919 KB/s, CRC: OK, Pattern: OK, Size: OK (0xC61C2AA0)
File test_745.bin: opened: 31354 us, closed:     2 us, I/O:   4920 us, total:  41627 us, speed:  2032 KB/s, CRC: OK, Pattern: OK, Size: OK (0xC61C2AA0)
File test_746.bin: opened: 31366 us, closed:     2 us, I/O:   4838 us, total:  41530 us, speed:  2066 KB/s, CRC: OK, Pattern: OK, Size: OK (0xC61C2AA0)
File test_747.bin: opened: 31394 us, closed:     2 us, I/O:   4869 us, total:  41596 us, speed:  2053 KB/s, CRC: OK, Pattern: OK, Size: OK (0xC61C2AA0)
File test_748.bin: opened: 31347 us, closed:     2 us, I/O:   4961 us, total:  41588 us, speed:  2015 KB/s, CRC: OK, Pattern: OK, Size: OK (0xC61C2AA0)
File test_749.bin: opened: 37356 us, closed:     2 us, I/O:   4914 us, total:  47612 us, speed:  2035 KB/s, CRC: OK, Pattern: OK, Size: OK (0xC61C2AA0)
File test_750.bin: opened: 31389 us, closed:     2 us, I/O:   4948 us, total:  41694 us, speed:  2021 KB/s, CRC: OK, Pattern: OK, Size: OK (0xC61C2AA0)
File test_751.bin: opened: 37318 us, closed:     2 us, I/O:   4849 us, total:  47541 us, speed:  2062 KB/s, CRC: OK, Pattern: OK, Size: OK (0xC61C2AA0)
File test_752.bin: opened: 31359 us, closed:     2 us, I/O:   4873 us, total:  41583 us, speed:  2052 KB/s, CRC: OK, Pattern: OK, Size: OK (0xC61C2AA0)
File test_753.bin: opened: 45153 us, closed:     2 us, I/O:   4911 us, total:  55407 us, speed:  2036 KB/s, CRC: OK, Pattern: OK, Size: OK (0xC61C2AA0)
File test_754.bin: opened: 39137 us, closed:     2 us, I/O:   4909 us, total:  49408 us, speed:  2037 KB/s, CRC: OK, Pattern: OK, Size: OK (0xC61C2AA0)
File test_755.bin: opened: 45114 us, closed:     2 us, I/O:   2088 us, total:  52570 us, speed:  4789 KB/s, CRC: OK, Pattern: OK, Size: OK (0xC61C2AA0)
File test_756.bin: opened: 39395 us, closed:     2 us, I/O:   4732 us, total:  49480 us, speed:  2113 KB/s, CRC: OK, Pattern: OK, Size: OK (0xC61C2AA0)
File test_757.bin: opened: 37618 us, closed:     2 us, I/O:   4764 us, total:  47719 us, speed:  2099 KB/s, CRC: OK, Pattern: OK, Size: OK (0xC61C2AA0)
File test_758.bin: opened: 31654 us, closed:     2 us, I/O:   4797 us, total:  41767 us, speed:  2084 KB/s, CRC: OK, Pattern: OK, Size: OK (0xC61C2AA0)
File test_759.bin: opened: 37647 us, closed:     2 us, I/O:   4743 us, total:  47727 us, speed:  2108 KB/s, CRC: OK, Pattern: OK, Size: OK (0xC61C2AA0)
File test_760.bin: opened: 31656 us, closed:     2 us, I/O:   4783 us, total:  41790 us, speed:  2090 KB/s, CRC: OK, Pattern: OK, Size: OK (0xC61C2AA0)
File test_761.bin: opened: 37787 us, closed:     2 us, I/O:   4773 us, total:  47970 us, speed:  2095 KB/s, CRC: OK, Pattern: OK, Size: OK (0xC61C2AA0)
File test_762.bin: opened: 31788 us, closed:     2 us, I/O:   4778 us, total:  41900 us, speed:  2092 KB/s, CRC: OK, Pattern: OK, Size: OK (0xC61C2AA0)
File test_763.bin: opened: 31839 us, closed:     2 us, I/O:   4792 us, total:  47922 us, speed:  2086 KB/s, CRC: OK, Pattern: OK, Size: OK (0xC61C2AA0)
File test_764.bin: opened: 31755 us, closed:     2 us, I/O:   4731 us, total:  41846 us, speed:  2113 KB/s, CRC: OK, Pattern: OK, Size: OK (0xC61C2AA0)
File test_765.bin: opened: 31804 us, closed:     2 us, I/O:   4810 us, total:  41974 us, speed:  2079 KB/s, CRC: OK, Pattern: OK, Size: OK (0xC61C2AA0)
File test_766.bin: opened: 37784 us, closed:     2 us, I/O:   4751 us, total:  47880 us, speed:  2104 KB/s, CRC: OK, Pattern: OK, Size: OK (0xC61C2AA0)
File test_767.bin: opened: 31861 us, closed:     2 us, I/O:   4829 us, total:  42034 us, speed:  2070 KB/s, CRC: OK, Pattern: OK, Size: OK (0xC61C2AA0)
File test_768.bin: opened: 37998 us, closed:     2 us, I/O:   4651 us, total:  47957 us, speed:  2150 KB/s, CRC: OK, Pattern: OK, Size: OK (0xC61C2AA0)
File test_769.bin: opened: 32028 us, closed:     2 us, I/O:   4669 us, total:  42067 us, speed:  2141 KB/s, CRC: OK, Pattern: OK, Size: OK (0xC61C2AA0)
File test_770.bin: opened: 38018 us, closed:     2 us, I/O:   4619 us, total:  47946 us, speed:  2164 KB/s, CRC: OK, Pattern: OK, Size: OK (0xC61C2AA0)
File test_771.bin: opened: 32093 us, closed:     2 us, I/O:   4691 us, total:  42148 us, speed:  2131 KB/s, CRC: OK, Pattern: OK, Size: OK (0xC61C2AA0)
File test_772.bin: opened: 38033 us, closed:     2 us, I/O:   4664 us, total:  48082 us, speed:  2144 KB/s, CRC: OK, Pattern: OK, Size: OK (0xC61C2AA0)
File test_773.bin: opened: 31997 us, closed:     2 us, I/O:   4681 us, total:  42020 us, speed:  2136 KB/s, CRC: OK, Pattern: OK, Size: OK (0xC61C2AA0)
File test_774.bin: opened: 32063 us, closed:     2 us, I/O:  10609 us, total:  48004 us, speed:   942 KB/s, CRC: OK, Pattern: OK, Size: OK (0xC61C2AA0)
File test_775.bin: opened: 32130 us, closed:     2 us, I/O:   4669 us, total:  42107 us, speed:  2141 KB/s, CRC: OK, Pattern: OK, Size: OK (0xC61C2AA0)
File test_776.bin: opened: 32128 us, closed:     2 us, I/O:   4705 us, total:  42185 us, speed:  2125 KB/s, CRC: OK, Pattern: OK, Size: OK (0xC61C2AA0)
File test_777.bin: opened: 32173 us, closed:     2 us, I/O:   4642 us, total:  48144 us, speed:  2154 KB/s, CRC: OK, Pattern: OK, Size: OK (0xC61C2AA0)
File test_778.bin: opened: 32207 us, closed:     2 us, I/O:   4703 us, total:  42261 us, speed:  2126 KB/s, CRC: OK, Pattern: OK, Size: OK (0xC61C2AA0)
File test_779.bin: opened: 38237 us, closed:     2 us, I/O:   4654 us, total:  48248 us, speed:  2148 KB/s, CRC: OK, Pattern: OK, Size: OK (0xC61C2AA0)
File test_780.bin: opened: 32228 us, closed:     2 us, I/O:   4663 us, total:  42256 us, speed:  2144 KB/s, CRC: OK, Pattern: OK, Size: OK (0xC61C2AA0)
File test_781.bin: opened: 38331 us, closed:     6 us, I/O:   4557 us, total:  48194 us, speed:  2194 KB/s, CRC: OK, Pattern: OK, Size: OK (0xC61C2AA0)
File test_782.bin: opened: 32304 us, closed:     2 us, I/O:   4556 us, total:  42219 us, speed:  2194 KB/s, CRC: OK, Pattern: OK, Size: OK (0xC61C2AA0)
File test_783.bin: opened: 38352 us, closed:     2 us, I/O:   4562 us, total:  48271 us, speed:  2192 KB/s, CRC: OK, Pattern: OK, Size: OK (0xC61C2AA0)
File test_784.bin: opened: 32326 us, closed:     2 us, I/O:   4568 us, total:  42252 us, speed:  2189 KB/s, CRC: OK, Pattern: OK, Size: OK (0xC61C2AA0)
File test_785.bin: opened: 38509 us, closed:     2 us, I/O:   4484 us, total:  48348 us, speed:  2230 KB/s, CRC: OK, Pattern: OK, Size: OK (0xC61C2AA0)
File test_786.bin: opened: 32499 us, closed:     2 us, I/O:   4489 us, total:  42339 us, speed:  2227 KB/s, CRC: OK, Pattern: OK, Size: OK (0xC61C2AA0)
File test_787.bin: opened: 32544 us, closed:     2 us, I/O:  10534 us, total:  48419 us, speed:   949 KB/s, CRC: OK, Pattern: OK, Size: OK (0xC61C2AA0)
File test_788.bin: opened: 32533 us, closed:     2 us, I/O:   4516 us, total:  42438 us, speed:  2214 KB/s, CRC: OK, Pattern: OK, Size: OK (0xC61C2AA0)
File test_789.bin: opened: 32560 us, closed:     2 us, I/O:   4560 us, total:  42468 us, speed:  2192 KB/s, CRC: OK, Pattern: OK, Size: OK (0xC61C2AA0)
File test_790.bin: opened: 38491 us, closed:     2 us, I/O:   4562 us, total:  48413 us, speed:  2192 KB/s, CRC: OK, Pattern: OK, Size: OK (0xC61C2AA0)
File test_791.bin: opened: 32598 us, closed:     2 us, I/O:   4603 us, total:  42524 us, speed:  2172 KB/s, CRC: OK, Pattern: OK, Size: OK (0xC61C2AA0)
File test_792.bin: opened: 38455 us, closed:     2 us, I/O:   4559 us, total:  48428 us, speed:  2193 KB/s, CRC: OK, Pattern: OK, Size: OK (0xC61C2AA0)
File test_793.bin: opened: 40719 us, closed:     2 us, I/O:   4531 us, total:  50568 us, speed:  2207 KB/s, CRC: OK, Pattern: OK, Size: OK (0xC61C2AA0)
File test_794.bin: opened: 46790 us, closed:     2 us, I/O:   4384 us, total:  56525 us, speed:  2281 KB/s, CRC: OK, Pattern: OK, Size: OK (0xC61C2AA0)
File test_795.bin: opened: 32839 us, closed:     2 us, I/O:   4373 us, total:  42602 us, speed:  2286 KB/s, CRC: OK, Pattern: OK, Size: OK (0xC61C2AA0)
File test_796.bin: opened: 38699 us, closed:     2 us, I/O:   4471 us, total:  48491 us, speed:  2236 KB/s, CRC: OK, Pattern: OK, Size: OK (0xC61C2AA0)
File test_797.bin: opened: 32869 us, closed:     2 us, I/O:   4390 us, total:  42571 us, speed:  2277 KB/s, CRC: OK, Pattern: OK, Size: OK (0xC61C2AA0)
File test_798.bin: opened: 38821 us, closed:     2 us, I/O:   4382 us, total:  48569 us, speed:  2282 KB/s, CRC: OK, Pattern: OK, Size: OK (0xC61C2AA0)
File test_799.bin: opened: 32862 us, closed:     2 us, I/O:   4405 us, total:  42623 us, speed:  2270 KB/s, CRC: OK, Pattern: OK, Size: OK (0xC61C2AA0)
File test_800.bin: opened: 38722 us, closed:     2 us, I/O:   4451 us, total:  48524 us, speed:  2246 KB/s, CRC: OK, Pattern: OK, Size: OK (0xC61C2AA0)
File test_801.bin: opened: 33002 us, closed:     2 us, I/O:   4397 us, total:  42752 us, speed:  2274 KB/s, CRC: OK, Pattern: OK, Size: OK (0xC61C2AA0)
File test_802.bin: opened: 38964 us, closed:     2 us, I/O:   4414 us, total:  48727 us, speed:  2265 KB/s, CRC: OK, Pattern: OK, Size: OK (0xC61C2AA0)
File test_803.bin: opened: 32895 us, closed:     2 us, I/O:   4370 us, total:  42583 us, speed:  2288 KB/s, CRC: OK, Pattern: OK, Size: OK (0xC61C2AA0)
File test_804.bin: opened: 38878 us, closed:     2 us, I/O:   4400 us, total:  48616 us, speed:  2272 KB/s, CRC: OK, Pattern: OK, Size: OK (0xC61C2AA0)
File test_805.bin: opened: 32979 us, closed:     2 us, I/O:   4447 us, total:  42772 us, speed:  2248 KB/s, CRC: OK, Pattern: OK, Size: OK (0xC61C2AA0)
File test_806.bin: opened: 33015 us, closed:     2 us, I/O:   4473 us, total:  48802 us, speed:  2235 KB/s, CRC: OK, Pattern: OK, Size: OK (0xC61C2AA0)
File test_807.bin: opened: 33124 us, closed:     2 us, I/O:   4254 us, total:  42798 us, speed:  2350 KB/s, CRC: OK, Pattern: OK, Size: OK (0xC61C2AA0)
File test_808.bin: opened: 33083 us, closed:     2 us, I/O:   4254 us, total:  42649 us, speed:  2350 KB/s, CRC: OK, Pattern: OK, Size: OK (0xC61C2AA0)
File test_809.bin: opened: 39160 us, closed:     2 us, I/O:   4265 us, total:  48768 us, speed:  2344 KB/s, CRC: OK, Pattern: OK, Size: OK (0xC61C2AA0)
File test_810.bin: opened: 33209 us, closed:     2 us, I/O:   4316 us, total:  42851 us, speed:  2316 KB/s, CRC: OK, Pattern: OK, Size: OK (0xC61C2AA0)
File test_811.bin: opened: 39217 us, closed:     2 us, I/O:   4296 us, total:  48921 us, speed:  2327 KB/s, CRC: OK, Pattern: OK, Size: OK (0xC61C2AA0)
File test_812.bin: opened: 33153 us, closed:     2 us, I/O:   4318 us, total:  42821 us, speed:  2315 KB/s, CRC: OK, Pattern: OK, Size: OK (0xC61C2AA0)
File test_813.bin: opened: 39078 us, closed:     2 us, I/O:   4350 us, total:  48740 us, speed:  2298 KB/s, CRC: OK, Pattern: OK, Size: OK (0xC61C2AA0)
File test_814.bin: opened: 33247 us, closed:     2 us, I/O:   4350 us, total:  42972 us, speed:  2298 KB/s, CRC: OK, Pattern: OK, Size: OK (0xC61C2AA0)
File test_815.bin: opened: 39177 us, closed:     2 us, I/O:   4303 us, total:  48869 us, speed:  2323 KB/s, CRC: OK, Pattern: OK, Size: OK (0xC61C2AA0)
File test_816.bin: opened: 33224 us, closed:     2 us, I/O:   4279 us, total:  42871 us, speed:  2336 KB/s, CRC: OK, Pattern: OK, Size: OK (0xC61C2AA0)
File test_817.bin: opened: 47500 us, closed:     2 us, I/O:   4314 us, total:  57141 us, speed:  2318 KB/s, CRC: OK, Pattern: OK, Size: OK (0xC61C2AA0)
File test_818.bin: opened: 41568 us, closed:     2 us, I/O:   4270 us, total:  51197 us, speed:  2341 KB/s, CRC: OK, Pattern: OK, Size: OK (0xC61C2AA0)
File test_819.bin: opened: 47480 us, closed:     2 us, I/O:   4347 us, total:  57201 us, speed:  2300 KB/s, CRC: OK, Pattern: OK, Size: OK (0xC61C2AA0)
File test_820.bin: opened: 41776 us, closed:     2 us, I/O:   4225 us, total:  51369 us, speed:  2366 KB/s, CRC: OK, Pattern: OK, Size: OK (0xC61C2AA0)
File test_821.bin: opened: 39324 us, closed:     2 us, I/O:   4266 us, total:  48929 us, speed:  2344 KB/s, CRC: OK, Pattern: OK, Size: OK (0xC61C2AA0)
File test_822.bin: opened: 33635 us, closed:     2 us, I/O:   4233 us, total:  43235 us, speed:  2362 KB/s, CRC: OK, Pattern: OK, Size: OK (0xC61C2AA0)
File test_823.bin: opened: 39394 us, closed:     2 us, I/O:   4267 us, total:  49011 us, speed:  2343 KB/s, CRC: OK, Pattern: OK, Size: OK (0xC61C2AA0)
File test_824.bin: opened: 33522 us, closed:     2 us, I/O:   4245 us, total:  43116 us, speed:  2355 KB/s, CRC: OK, Pattern: OK, Size: OK (0xC61C2AA0)
File test_825.bin: opened: 47785 us, closed:     2 us, I/O:   4225 us, total:  57363 us, speed:  2366 KB/s, CRC: OK, Pattern: OK, Size: OK (0xC61C2AA0)
File test_826.bin: opened: 41977 us, closed:     2 us, I/O:   4239 us, total:  51549 us, speed:  2359 KB/s, CRC: OK, Pattern: OK, Size: OK (0xC61C2AA0)
File test_827.bin: opened: 47856 us, closed:     2 us, I/O:   4264 us, total:  57407 us, speed:  2345 KB/s, CRC: OK, Pattern: OK, Size: OK (0xC61C2AA0)
File test_828.bin: opened: 41916 us, closed:     2 us, I/O:   4244 us, total:  57544 us, speed:  2356 KB/s, CRC: OK, Pattern: OK, Size: OK (0xC61C2AA0)
File test_829.bin: opened: 41883 us, closed:     2 us, I/O:   2046 us, total:  49258 us, speed:  4887 KB/s, CRC: OK, Pattern: OK, Size: OK (0xC61C2AA0)
File test_830.bin: opened: 48006 us, closed:     2 us, I/O:   2042 us, total:  55412 us, speed:  4897 KB/s, CRC: OK, Pattern: OK, Size: OK (0xC61C2AA0)
File test_831.bin: opened: 41888 us, closed:     2 us, I/O:   2070 us, total:  49283 us, speed:  4830 KB/s, CRC: OK, Pattern: OK, Size: OK (0xC61C2AA0)
File test_832.bin: opened: 48125 us, closed:     2 us, I/O:   4144 us, total:  57621 us, speed:  2413 KB/s, CRC: OK, Pattern: OK, Size: OK (0xC61C2AA0)
File test_833.bin: opened: 33866 us, closed:     2 us, I/O:   4069 us, total:  43280 us, speed:  2457 KB/s, CRC: OK, Pattern: OK, Size: OK (0xC61C2AA0)
File test_834.bin: opened: 39782 us, closed:     2 us, I/O:   4059 us, total:  49143 us, speed:  2463 KB/s, CRC: OK, Pattern: OK, Size: OK (0xC61C2AA0)
File test_835.bin: opened: 33836 us, closed:     2 us, I/O:   4085 us, total:  43263 us, speed:  2447 KB/s, CRC: OK, Pattern: OK, Size: OK (0xC61C2AA0)
File test_836.bin: opened: 39914 us, closed:     2 us, I/O:   4076 us, total:  49356 us, speed:  2453 KB/s, CRC: OK, Pattern: OK, Size: OK (0xC61C2AA0)
File test_837.bin: opened: 33938 us, closed:     2 us, I/O:   4120 us, total:  43397 us, speed:  2427 KB/s, CRC: OK, Pattern: OK, Size: OK (0xC61C2AA0)
File test_838.bin: opened: 33917 us, closed:     2 us, I/O:   4102 us, total:  49291 us, speed:  2437 KB/s, CRC: OK, Pattern: OK, Size: OK (0xC61C2AA0)
File test_839.bin: opened: 33897 us, closed:     2 us, I/O:   4137 us, total:  43378 us, speed:  2417 KB/s, CRC: OK, Pattern: OK, Size: OK (0xC61C2AA0)
File test_840.bin: opened: 33975 us, closed:     2 us, I/O:   4139 us, total:  43428 us, speed:  2416 KB/s, CRC: OK, Pattern: OK, Size: OK (0xC61C2AA0)
File test_841.bin: opened: 42455 us, closed:     2 us, I/O:   4094 us, total:  51873 us, speed:  2442 KB/s, CRC: OK, Pattern: OK, Size: OK (0xC61C2AA0)
File test_842.bin: opened: 48425 us, closed:     2 us, I/O:   2086 us, total:  55841 us, speed:  4793 KB/s, CRC: OK, Pattern: OK, Size: OK (0xC61C2AA0)
File test_843.bin: opened: 42426 us, closed:     2 us, I/O:   2053 us, total:  49820 us, speed:  4870 KB/s, CRC: OK, Pattern: OK, Size: OK (0xC61C2AA0)
File test_844.bin: opened: 48424 us, closed:     2 us, I/O:   2100 us, total:  55845 us, speed:  4761 KB/s, CRC: OK, Pattern: OK, Size: OK (0xC61C2AA0)
File test_845.bin: opened: 42791 us, closed:     2 us, I/O:   4041 us, total:  52270 us, speed:  2474 KB/s, CRC: OK, Pattern: OK, Size: OK (0xC61C2AA0)
File test_846.bin: opened: 40263 us, closed:     2 us, I/O:   4003 us, total:  49578 us, speed:  2498 KB/s, CRC: OK, Pattern: OK, Size: OK (0xC61C2AA0)
File test_847.bin: opened: 34108 us, closed:     2 us, I/O:   4002 us, total:  43481 us, speed:  2498 KB/s, CRC: OK, Pattern: OK, Size: OK (0xC61C2AA0)
File test_848.bin: opened: 40184 us, closed:     2 us, I/O:   3961 us, total:  49485 us, speed:  2524 KB/s, CRC: OK, Pattern: OK, Size: OK (0xC61C2AA0)
File test_849.bin: opened: 34298 us, closed:     2 us, I/O:   3959 us, total:  43592 us, speed:  2525 KB/s, CRC: OK, Pattern: OK, Size: OK (0xC61C2AA0)
File test_850.bin: opened: 40418 us, closed:     2 us, I/O:   3980 us, total:  49748 us, speed:  2512 KB/s, CRC: OK, Pattern: OK, Size: OK (0xC61C2AA0)
File test_851.bin: opened: 34300 us, closed:     2 us, I/O:   3946 us, total:  43604 us, speed:  2534 KB/s, CRC: OK, Pattern: OK, Size: OK (0xC61C2AA0)
File test_852.bin: opened: 34287 us, closed:     2 us, I/O:   9905 us, total:  49518 us, speed:  1009 KB/s, CRC: OK, Pattern: OK, Size: OK (0xC61C2AA0)
File test_853.bin: opened: 34304 us, closed:     2 us, I/O:   4041 us, total:  43661 us, speed:  2474 KB/s, CRC: OK, Pattern: OK, Size: OK (0xC61C2AA0)
File test_854.bin: opened: 34466 us, closed:     2 us, I/O:   4039 us, total:  49842 us, speed:  2475 KB/s, CRC: OK, Pattern: OK, Size: OK (0xC61C2AA0)
File test_855.bin: opened: 34292 us, closed:     2 us, I/O:   2085 us, total:  41748 us, speed:  4796 KB/s, CRC: OK, Pattern: OK, Size: OK (0xC61C2AA0)
File test_856.bin: opened: 34334 us, closed:     2 us, I/O:   2105 us, total:  41858 us, speed:  4750 KB/s, CRC: OK, Pattern: OK, Size: OK (0xC61C2AA0)
File test_857.bin: opened: 49025 us, closed:     2 us, I/O:   2081 us, total:  56446 us, speed:  4805 KB/s, CRC: OK, Pattern: OK, Size: OK (0xC61C2AA0)
File test_858.bin: opened: 43483 us, closed:     2 us, I/O:   9831 us, total:  58642 us, speed:  1017 KB/s, CRC: OK, Pattern: OK, Size: OK (0xC61C2AA0)
File test_859.bin: opened: 34581 us, closed:     2 us, I/O:   3813 us, total:  43750 us, speed:  2622 KB/s, CRC: OK, Pattern: OK, Size: OK (0xC61C2AA0)
File test_860.bin: opened: 34639 us, closed:     2 us, I/O:   3903 us, total:  49827 us, speed:  2562 KB/s, CRC: OK, Pattern: OK, Size: OK (0xC61C2AA0)
File test_861.bin: opened: 34643 us, closed:     2 us, I/O:   3885 us, total:  43899 us, speed:  2574 KB/s, CRC: OK, Pattern: OK, Size: OK (0xC61C2AA0)
File test_862.bin: opened: 34650 us, closed:     2 us, I/O:   3927 us, total:  43926 us, speed:  2546 KB/s, CRC: OK, Pattern: OK, Size: OK (0xC61C2AA0)
File test_863.bin: opened: 40555 us, closed:     2 us, I/O:   3866 us, total:  49731 us, speed:  2586 KB/s, CRC: OK, Pattern: OK, Size: OK (0xC61C2AA0)
File test_864.bin: opened: 34591 us, closed:     2 us, I/O:   3872 us, total:  43851 us, speed:  2582 KB/s, CRC: OK, Pattern: OK, Size: OK (0xC61C2AA0)
File test_865.bin: opened: 49354 us, closed:     2 us, I/O:   3894 us, total:  58683 us, speed:  2568 KB/s, CRC: OK, Pattern: OK, Size: OK (0xC61C2AA0)
File test_866.bin: opened: 43417 us, closed:     2 us, I/O:   9815 us, total:  58576 us, speed:  1018 KB/s, CRC: OK, Pattern: OK, Size: OK (0xC61C2AA0)
File test_867.bin: opened: 43378 us, closed:     2 us, I/O:   3841 us, total:  52564 us, speed:  2603 KB/s, CRC: OK, Pattern: OK, Size: OK (0xC61C2AA0)
File test_868.bin: opened: 49323 us, closed:     2 us, I/O:   2057 us, total:  56660 us, speed:  4861 KB/s, CRC: OK, Pattern: OK, Size: OK (0xC61C2AA0)
File test_869.bin: opened: 43405 us, closed:     2 us, I/O:   2081 us, total:  50825 us, speed:  4805 KB/s, CRC: OK, Pattern: OK, Size: OK (0xC61C2AA0)
File test_870.bin: opened: 49359 us, closed:     2 us, I/O:   2122 us, total:  56814 us, speed:  4712 KB/s, CRC: OK, Pattern: OK, Size: OK (0xC61C2AA0)
File test_871.bin: opened: 43705 us, closed:     2 us, I/O:   3763 us, total:  52781 us, speed:  2657 KB/s, CRC: OK, Pattern: OK, Size: OK (0xC61C2AA0)
File test_872.bin: opened: 40870 us, closed:     2 us, I/O:   3693 us, total:  49917 us, speed:  2707 KB/s, CRC: OK, Pattern: OK, Size: OK (0xC61C2AA0)
File test_873.bin: opened: 34974 us, closed:     2 us, I/O:   3719 us, total:  44029 us, speed:  2688 KB/s, CRC: OK, Pattern: OK, Size: OK (0xC61C2AA0)
File test_874.bin: opened: 40969 us, closed:     2 us, I/O:   3722 us, total:  50017 us, speed:  2686 KB/s, CRC: OK, Pattern: OK, Size: OK (0xC61C2AA0)
File test_875.bin: opened: 35089 us, closed:     2 us, I/O:   3797 us, total:  44272 us, speed:  2633 KB/s, CRC: OK, Pattern: OK, Size: OK (0xC61C2AA0)
File test_876.bin: opened: 40979 us, closed:     2 us, I/O:   3750 us, total:  50093 us, speed:  2666 KB/s, CRC: OK, Pattern: OK, Size: OK (0xC61C2AA0)
File test_877.bin: opened: 35020 us, closed:     2 us, I/O:   3735 us, total:  44080 us, speed:  2677 KB/s, CRC: OK, Pattern: OK, Size: OK (0xC61C2AA0)
File test_878.bin: opened: 41004 us, closed:     2 us, I/O:   3752 us, total:  50161 us, speed:  2665 KB/s, CRC: OK, Pattern: OK, Size: OK (0xC61C2AA0)
File test_879.bin: opened: 35178 us, closed:     2 us, I/O:   3721 us, total:  44225 us, speed:  2687 KB/s, CRC: OK, Pattern: OK, Size: OK (0xC61C2AA0)
File test_880.bin: opened: 41002 us, closed:     2 us, I/O:   3761 us, total:  50131 us, speed:  2658 KB/s, CRC: OK, Pattern: OK, Size: OK (0xC61C2AA0)
File test_881.bin: opened: 43981 us, closed:     2 us, I/O:   2052 us, total:  51407 us, speed:  4873 KB/s, CRC: OK, Pattern: OK, Size: OK (0xC61C2AA0)
File test_882.bin: opened: 49931 us, closed:     2 us, I/O:   2070 us, total:  57355 us, speed:  4830 KB/s, CRC: OK, Pattern: OK, Size: OK (0xC61C2AA0)
File test_883.bin: opened: 44106 us, closed:     2 us, I/O:   2087 us, total:  51544 us, speed:  4791 KB/s, CRC: OK, Pattern: OK, Size: OK (0xC61C2AA0)
File test_884.bin: opened: 50121 us, closed:     2 us, I/O:   3652 us, total:  59051 us, speed:  2738 KB/s, CRC: OK, Pattern: OK, Size: OK (0xC61C2AA0)
File test_885.bin: opened: 35368 us, closed:     2 us, I/O:   3623 us, total:  44297 us, speed:  2760 KB/s, CRC: OK, Pattern: OK, Size: OK (0xC61C2AA0)
File test_886.bin: opened: 41313 us, closed:     2 us, I/O:   3580 us, total:  50247 us, speed:  2793 KB/s, CRC: OK, Pattern: OK, Size: OK (0xC61C2AA0)
File test_887.bin: opened: 35368 us, closed:     2 us, I/O:   3684 us, total:  44408 us, speed:  2714 KB/s, CRC: OK, Pattern: OK, Size: OK (0xC61C2AA0)
File test_888.bin: opened: 41295 us, closed:     2 us, I/O:   3621 us, total:  50290 us, speed:  2761 KB/s, CRC: OK, Pattern: OK, Size: OK (0xC61C2AA0)
File test_889.bin: opened: 35510 us, closed:     2 us, I/O:   3611 us, total:  44460 us, speed:  2769 KB/s, CRC: OK, Pattern: OK, Size: OK (0xC61C2AA0)
File test_890.bin: opened: 41320 us, closed:     2 us, I/O:   3650 us, total:  50300 us, speed:  2739 KB/s, CRC: OK, Pattern: OK, Size: OK (0xC61C2AA0)
File test_891.bin: opened: 35453 us, closed:     2 us, I/O:   3606 us, total:  44417 us, speed:  2773 KB/s, CRC: OK, Pattern: OK, Size: OK (0xC61C2AA0)
File test_892.bin: opened: 41398 us, closed:     2 us, I/O:   3644 us, total:  50358 us, speed:  2744 KB/s, CRC: OK, Pattern: OK, Size: OK (0xC61C2AA0)
File test_893.bin: opened: 35507 us, closed:     2 us, I/O:   3643 us, total:  44513 us, speed:  2744 KB/s, CRC: OK, Pattern: OK, Size: OK (0xC61C2AA0)
File test_894.bin: opened: 41440 us, closed:     2 us, I/O:   2048 us, total:  48827 us, speed:  4882 KB/s, CRC: OK, Pattern: OK, Size: OK (0xC61C2AA0)
File test_895.bin: opened: 35508 us, closed:     2 us, I/O:   2136 us, total:  42985 us, speed:  4681 KB/s, CRC: OK, Pattern: OK, Size: OK (0xC61C2AA0)
File test_896.bin: opened: 41717 us, closed:     2 us, I/O:   3545 us, total:  50638 us, speed:  2820 KB/s, CRC: OK, Pattern: OK, Size: OK (0xC61C2AA0)
File test_897.bin: opened: 35754 us, closed:     2 us, I/O:   3502 us, total:  44629 us, speed:  2855 KB/s, CRC: OK, Pattern: OK, Size: OK (0xC61C2AA0)
File test_898.bin: opened: 41783 us, closed:     2 us, I/O:   3529 us, total:  50675 us, speed:  2833 KB/s, CRC: OK, Pattern: OK, Size: OK (0xC61C2AA0)
File test_899.bin: opened: 35916 us, closed:     2 us, I/O:   3536 us, total:  44812 us, speed:  2828 KB/s, CRC: OK, Pattern: OK, Size: OK (0xC61C2AA0)
File test_900.bin: opened: 41692 us, closed:     2 us, I/O:   3470 us, total:  50459 us, speed:  2881 KB/s, CRC: OK, Pattern: OK, Size: OK (0xC61C2AA0)
File test_901.bin: opened: 35790 us, closed:     2 us, I/O:   3553 us, total:  44709 us, speed:  2814 KB/s, CRC: OK, Pattern: OK, Size: OK (0xC61C2AA0)
File test_902.bin: opened: 41835 us, closed:     2 us, I/O:   3504 us, total:  50712 us, speed:  2853 KB/s, CRC: OK, Pattern: OK, Size: OK (0xC61C2AA0)
File test_903.bin: opened: 35878 us, closed:     2 us, I/O:   3495 us, total:  44706 us, speed:  2861 KB/s, CRC: OK, Pattern: OK, Size: OK (0xC61C2AA0)
File test_904.bin: opened: 41651 us, closed:     2 us, I/O:   3496 us, total:  50523 us, speed:  2860 KB/s, CRC: OK, Pattern: OK, Size: OK (0xC61C2AA0)
File test_905.bin: opened: 44891 us, closed:     2 us, I/O:   3512 us, total:  53746 us, speed:  2847 KB/s, CRC: OK, Pattern: OK, Size: OK (0xC61C2AA0)
File test_906.bin: opened: 51043 us, closed:     2 us, I/O:   3554 us, total:  59941 us, speed:  2813 KB/s, CRC: OK, Pattern: OK, Size: OK (0xC61C2AA0)
File test_907.bin: opened: 44985 us, closed:     2 us, I/O:   2106 us, total:  52477 us, speed:  4748 KB/s, CRC: OK, Pattern: OK, Size: OK (0xC61C2AA0)
File test_908.bin: opened: 50736 us, closed:     2 us, I/O:   2081 us, total:  58174 us, speed:  4805 KB/s, CRC: OK, Pattern: OK, Size: OK (0xC61C2AA0)
File test_909.bin: opened: 45248 us, closed:     2 us, I/O:   3431 us, total:  53976 us, speed:  2914 KB/s, CRC: OK, Pattern: OK, Size: OK (0xC61C2AA0)
File test_910.bin: opened: 36132 us, closed:     2 us, I/O:   3392 us, total:  44882 us, speed:  2948 KB/s, CRC: OK, Pattern: OK, Size: OK (0xC61C2AA0)
File test_911.bin: opened: 35948 us, closed:     2 us, I/O:   3376 us, total:  44715 us, speed:  2962 KB/s, CRC: OK, Pattern: OK, Size: OK (0xC61C2AA0)
File test_912.bin: opened: 41863 us, closed:     2 us, I/O:   3342 us, total:  50571 us, speed:  2992 KB/s, CRC: OK, Pattern: OK, Size: OK (0xC61C2AA0)
File test_913.bin: opened: 36152 us, closed:     2 us, I/O:   3422 us, total:  44969 us, speed:  2922 KB/s, CRC: OK, Pattern: OK, Size: OK (0xC61C2AA0)
File test_914.bin: opened: 42407 us, closed:     2 us, I/O:   3405 us, total:  51152 us, speed:  2936 KB/s, CRC: OK, Pattern: OK, Size: OK (0xC61C2AA0)
File test_915.bin: opened: 36112 us, closed:     2 us, I/O:   3325 us, total:  44804 us, speed:  3007 KB/s, CRC: OK, Pattern: OK, Size: OK (0xC61C2AA0)
File test_916.bin: opened: 42122 us, closed:     2 us, I/O:   3420 us, total:  50850 us, speed:  2923 KB/s, CRC: OK, Pattern: OK, Size: OK (0xC61C2AA0)
File test_917.bin: opened: 36165 us, closed:     2 us, I/O:   3398 us, total:  44903 us, speed:  2942 KB/s, CRC: OK, Pattern: OK, Size: OK (0xC61C2AA0)
File test_918.bin: opened: 42385 us, closed:     2 us, I/O:   3362 us, total:  51100 us, speed:  2974 KB/s, CRC: OK, Pattern: OK, Size: OK (0xC61C2AA0)
File test_919.bin: opened: 36246 us, closed:     2 us, I/O:   3367 us, total:  44904 us, speed:  2970 KB/s, CRC: OK, Pattern: OK, Size: OK (0xC61C2AA0)
File test_920.bin: opened: 42108 us, closed:     2 us, I/O:   2078 us, total:  49526 us, speed:  4812 KB/s, CRC: OK, Pattern: OK, Size: OK (0xC61C2AA0)
File test_921.bin: opened: 45461 us, closed:     2 us, I/O:   2094 us, total:  52947 us, speed:  4775 KB/s, CRC: OK, Pattern: OK, Size: OK (0xC61C2AA0)
File test_922.bin: opened: 51966 us, closed:     2 us, I/O:   3273 us, total:  60611 us, speed:  3055 KB/s, CRC: OK, Pattern: OK, Size: OK (0xC61C2AA0)
File test_923.bin: opened: 36420 us, closed:     2 us, I/O:   3258 us, total:  51026 us, speed:  3069 KB/s, CRC: OK, Pattern: OK, Size: OK (0xC61C2AA0)
File test_924.bin: opened: 36539 us, closed:     2 us, I/O:   3281 us, total:  45190 us, speed:  3047 KB/s, CRC: OK, Pattern: OK, Size: OK (0xC61C2AA0)
File test_925.bin: opened: 36457 us, closed:     2 us, I/O:   3275 us, total:  45160 us, speed:  3053 KB/s, CRC: OK, Pattern: OK, Size: OK (0xC61C2AA0)
File test_926.bin: opened: 36674 us, closed:     2 us, I/O:   3232 us, total:  45217 us, speed:  3094 KB/s, CRC: OK, Pattern: OK, Size: OK (0xC61C2AA0)
File test_927.bin: opened: 36439 us, closed:     2 us, I/O:   3298 us, total:  45134 us, speed:  3032 KB/s, CRC: OK, Pattern: OK, Size: OK (0xC61C2AA0)
File test_928.bin: opened: 42571 us, closed:     2 us, I/O:   3207 us, total:  51123 us, speed:  3118 KB/s, CRC: OK, Pattern: OK, Size: OK (0xC61C2AA0)
File test_929.bin: opened: 45802 us, closed:     2 us, I/O:   9243 us, total:  60418 us, speed:  1081 KB/s, CRC: OK, Pattern: OK, Size: OK (0xC61C2AA0)
File test_930.bin: opened: 46093 us, closed:     4 us, I/O:   3256 us, total:  54684 us, speed:  3071 KB/s, CRC: OK, Pattern: OK, Size: OK (0xC61C2AA0)
File test_931.bin: opened: 51930 us, closed:     2 us, I/O:   3295 us, total:  60585 us, speed:  3034 KB/s, CRC: OK, Pattern: OK, Size: OK (0xC61C2AA0)
File test_932.bin: opened: 45967 us, closed:     2 us, I/O:   3269 us, total:  54594 us, speed:  3059 KB/s, CRC: OK, Pattern: OK, Size: OK (0xC61C2AA0)
File test_933.bin: opened: 51665 us, closed:     2 us, I/O:   2098 us, total:  59077 us, speed:  4766 KB/s, CRC: OK, Pattern: OK, Size: OK (0xC61C2AA0)
File test_934.bin: opened: 46061 us, closed:     2 us, I/O:   2074 us, total:  53440 us, speed:  4821 KB/s, CRC: OK, Pattern: OK, Size: OK (0xC61C2AA0)
File test_935.bin: opened: 46219 us, closed:     2 us, I/O:   3148 us, total:  60652 us, speed:  3176 KB/s, CRC: OK, Pattern: OK, Size: OK (0xC61C2AA0)
File test_936.bin: opened: 36829 us, closed:     2 us, I/O:   9113 us, total:  51260 us, speed:  1097 KB/s, CRC: OK, Pattern: OK, Size: OK (0xC61C2AA0)
File test_937.bin: opened: 36849 us, closed:     2 us, I/O:   3177 us, total:  45383 us, speed:  3147 KB/s, CRC: OK, Pattern: OK, Size: OK (0xC61C2AA0)
File test_938.bin: opened: 37104 us, closed:     2 us, I/O:   9099 us, total:  51526 us, speed:  1099 KB/s, CRC: OK, Pattern: OK, Size: OK (0xC61C2AA0)
File test_939.bin: opened: 37000 us, closed:     2 us, I/O:   3185 us, total:  45585 us, speed:  3139 KB/s, CRC: OK, Pattern: OK, Size: OK (0xC61C2AA0)
File test_940.bin: opened: 36885 us, closed:     6 us, I/O:   3186 us, total:  51389 us, speed:  3138 KB/s, CRC: OK, Pattern: OK, Size: OK (0xC61C2AA0)
File test_941.bin: opened: 36821 us, closed:     2 us, I/O:   3150 us, total:  45307 us, speed:  3174 KB/s, CRC: OK, Pattern: OK, Size: OK (0xC61C2AA0)
File test_942.bin: opened: 37108 us, closed:     2 us, I/O:   3174 us, total:  51575 us, speed:  3150 KB/s, CRC: OK, Pattern: OK, Size: OK (0xC61C2AA0)
File test_943.bin: opened: 36976 us, closed:     2 us, I/O:   3124 us, total:  45450 us, speed:  3201 KB/s, CRC: OK, Pattern: OK, Size: OK (0xC61C2AA0)
File test_944.bin: opened: 36920 us, closed:     2 us, I/O:   3196 us, total:  51469 us, speed:  3128 KB/s, CRC: OK, Pattern: OK, Size: OK (0xC61C2AA0)
File test_945.bin: opened: 46355 us, closed:     2 us, I/O:   3196 us, total:  54885 us, speed:  3128 KB/s, CRC: OK, Pattern: OK, Size: OK (0xC61C2AA0)
File test_946.bin: opened: 52591 us, closed:     2 us, I/O:   2108 us, total:  60060 us, speed:  4743 KB/s, CRC: OK, Pattern: OK, Size: OK (0xC61C2AA0)
File test_947.bin: opened: 46715 us, closed:     2 us, I/O:   2104 us, total:  54145 us, speed:  4752 KB/s, CRC: OK, Pattern: OK, Size: OK (0xC61C2AA0)
File test_948.bin: opened: 52619 us, closed:     2 us, I/O:   3067 us, total:  60961 us, speed:  3260 KB/s, CRC: OK, Pattern: OK, Size: OK (0xC61C2AA0)
File test_949.bin: opened: 37193 us, closed:     2 us, I/O:   3084 us, total:  45594 us, speed:  3242 KB/s, CRC: OK, Pattern: OK, Size: OK (0xC61C2AA0)
File test_950.bin: opened: 43343 us, closed:     2 us, I/O:   2990 us, total:  51673 us, speed:  3344 KB/s, CRC: OK, Pattern: OK, Size: OK (0xC61C2AA0)
File test_951.bin: opened: 37423 us, closed:     2 us, I/O:   3046 us, total:  45774 us, speed:  3282 KB/s, CRC: OK, Pattern: OK, Size: OK (0xC61C2AA0)
File test_952.bin: opened: 43265 us, closed:     2 us, I/O:   2996 us, total:  51643 us, speed:  3337 KB/s, CRC: OK, Pattern: OK, Size: OK (0xC61C2AA0)
File test_953.bin: opened: 37317 us, closed:     2 us, I/O:   3072 us, total:  45705 us, speed:  3255 KB/s, CRC: OK, Pattern: OK, Size: OK (0xC61C2AA0)
File test_954.bin: opened: 43555 us, closed:     2 us, I/O:   2975 us, total:  51891 us, speed:  3361 KB/s, CRC: OK, Pattern: OK, Size: OK (0xC61C2AA0)
File test_955.bin: opened: 37603 us, closed:     2 us, I/O:   2994 us, total:  45920 us, speed:  3340 KB/s, CRC: OK, Pattern: OK, Size: OK (0xC61C2AA0)
File test_956.bin: opened: 43379 us, closed:     2 us, I/O:   3054 us, total:  51781 us, speed:  3274 KB/s, CRC: OK, Pattern: OK, Size: OK (0xC61C2AA0)
File test_957.bin: opened: 37393 us, closed:     2 us, I/O:   3003 us, total:  45792 us, speed:  3330 KB/s, CRC: OK, Pattern: OK, Size: OK (0xC61C2AA0)
File test_958.bin: opened: 43561 us, closed:     2 us, I/O:   3069 us, total:  51955 us, speed:  3258 KB/s, CRC: OK, Pattern: OK, Size: OK (0xC61C2AA0)
File test_959.bin: opened: 37611 us, closed:     2 us, I/O:   2060 us, total:  44988 us, speed:  4854 KB/s, CRC: OK, Pattern: OK, Size: OK (0xC61C2AA0)
File test_960.bin: opened: 43655 us, closed:     2 us, I/O:   2929 us, total:  51914 us, speed:  3414 KB/s, CRC: OK, Pattern: OK, Size: OK (0xC61C2AA0)
File test_961.bin: opened: 37596 us, closed:     2 us, I/O:   2917 us, total:  45864 us, speed:  3428 KB/s, CRC: OK, Pattern: OK, Size: OK (0xC61C2AA0)
File test_962.bin: opened: 43804 us, closed:     2 us, I/O:   2907 us, total:  52032 us, speed:  3439 KB/s, CRC: OK, Pattern: OK, Size: OK (0xC61C2AA0)
File test_963.bin: opened: 37858 us, closed:     2 us, I/O:   2874 us, total:  46060 us, speed:  3479 KB/s, CRC: OK, Pattern: OK, Size: OK (0xC61C2AA0)
File test_964.bin: opened: 43652 us, closed:     2 us, I/O:   2906 us, total:  51881 us, speed:  3441 KB/s, CRC: OK, Pattern: OK, Size: OK (0xC61C2AA0)
File test_965.bin: opened: 37621 us, closed:     2 us, I/O:   2905 us, total:  45845 us, speed:  3442 KB/s, CRC: OK, Pattern: OK, Size: OK (0xC61C2AA0)
File test_966.bin: opened: 43828 us, closed:     2 us, I/O:   2906 us, total:  52094 us, speed:  3441 KB/s, CRC: OK, Pattern: OK, Size: OK (0xC61C2AA0)
File test_967.bin: opened: 37852 us, closed:     2 us, I/O:   2867 us, total:  46054 us, speed:  3487 KB/s, CRC: OK, Pattern: OK, Size: OK (0xC61C2AA0)
File test_968.bin: opened: 43632 us, closed:     2 us, I/O:   2886 us, total:  51883 us, speed:  3465 KB/s, CRC: OK, Pattern: OK, Size: OK (0xC61C2AA0)
File test_969.bin: opened: 47366 us, closed:     2 us, I/O:   2945 us, total:  55667 us, speed:  3395 KB/s, CRC: OK, Pattern: OK, Size: OK (0xC61C2AA0)
File test_970.bin: opened: 53568 us, closed:     2 us, I/O:   2893 us, total:  61797 us, speed:  3456 KB/s, CRC: OK, Pattern: OK, Size: OK (0xC61C2AA0)
File test_971.bin: opened: 53567 us, closed:     2 us, I/O:   2972 us, total:  61849 us, speed:  3364 KB/s, CRC: OK, Pattern: OK, Size: OK (0xC61C2AA0)
File test_972.bin: opened: 47478 us, closed:     2 us, I/O:   2065 us, total:  54888 us, speed:  4842 KB/s, CRC: OK, Pattern: OK, Size: OK (0xC61C2AA0)
File test_973.bin: opened: 53582 us, closed:     2 us, I/O:   2781 us, total:  61724 us, speed:  3595 KB/s, CRC: OK, Pattern: OK, Size: OK (0xC61C2AA0)
File test_974.bin: opened: 38114 us, closed:     2 us, I/O:   2769 us, total:  46230 us, speed:  3611 KB/s, CRC: OK, Pattern: OK, Size: OK (0xC61C2AA0)
File test_975.bin: opened: 44138 us, closed:     2 us, I/O:   2833 us, total:  52332 us, speed:  3529 KB/s, CRC: OK, Pattern: OK, Size: OK (0xC61C2AA0)
File test_976.bin: opened: 37975 us, closed:     2 us, I/O:   2751 us, total:  46026 us, speed:  3635 KB/s, CRC: OK, Pattern: OK, Size: OK (0xC61C2AA0)
File test_977.bin: opened: 44059 us, closed:     2 us, I/O:   2780 us, total:  52193 us, speed:  3597 KB/s, CRC: OK, Pattern: OK, Size: OK (0xC61C2AA0)
File test_978.bin: opened: 38238 us, closed:     2 us, I/O:   2841 us, total:  46415 us, speed:  3519 KB/s, CRC: OK, Pattern: OK, Size: OK (0xC61C2AA0)
File test_979.bin: opened: 44221 us, closed:     2 us, I/O:   2803 us, total:  52332 us, speed:  3567 KB/s, CRC: OK, Pattern: OK, Size: OK (0xC61C2AA0)
File test_980.bin: opened: 38258 us, closed:     2 us, I/O:   2800 us, total:  46390 us, speed:  3571 KB/s, CRC: OK, Pattern: OK, Size: OK (0xC61C2AA0)
File test_981.bin: opened: 44062 us, closed:     2 us, I/O:   2785 us, total:  52168 us, speed:  3590 KB/s, CRC: OK, Pattern: OK, Size: OK (0xC61C2AA0)
File test_982.bin: opened: 38242 us, closed:     2 us, I/O:   2771 us, total:  46371 us, speed:  3608 KB/s, CRC: OK, Pattern: OK, Size: OK (0xC61C2AA0)
File test_983.bin: opened: 44212 us, closed:     2 us, I/O:   2829 us, total:  52363 us, speed:  3534 KB/s, CRC: OK, Pattern: OK, Size: OK (0xC61C2AA0)
File test_984.bin: opened: 38224 us, closed:     2 us, I/O:   2767 us, total:  46331 us, speed:  3614 KB/s, CRC: OK, Pattern: OK, Size: OK (0xC61C2AA0)
File test_985.bin: opened: 54004 us, closed:     2 us, I/O:   2065 us, total:  61432 us, speed:  4842 KB/s, CRC: OK, Pattern: OK, Size: OK (0xC61C2AA0)
File test_986.bin: opened: 54350 us, closed:     2 us, I/O:   2697 us, total:  62346 us, speed:  3707 KB/s, CRC: OK, Pattern: OK, Size: OK (0xC61C2AA0)
File test_987.bin: opened: 38562 us, closed:     2 us, I/O:   2672 us, total:  46573 us, speed:  3742 KB/s, CRC: OK, Pattern: OK, Size: OK (0xC61C2AA0)
File test_988.bin: opened: 44572 us, closed:     2 us, I/O:   2667 us, total:  52577 us, speed:  3749 KB/s, CRC: OK, Pattern: OK, Size: OK (0xC61C2AA0)
File test_989.bin: opened: 38281 us, closed:     2 us, I/O:   2674 us, total:  46306 us, speed:  3739 KB/s, CRC: OK, Pattern: OK, Size: OK (0xC61C2AA0)
File test_990.bin: opened: 44533 us, closed:     2 us, I/O:   2677 us, total:  52587 us, speed:  3735 KB/s, CRC: OK, Pattern: OK, Size: OK (0xC61C2AA0)
File test_991.bin: opened: 38561 us, closed:     4 us, I/O:   2648 us, total:  46535 us, speed:  3776 KB/s, CRC: OK, Pattern: OK, Size: OK (0xC61C2AA0)
File test_992.bin: opened: 44563 us, closed:     2 us, I/O:   2657 us, total:  52563 us, speed:  3763 KB/s, CRC: OK, Pattern: OK, Size: OK (0xC61C2AA0)
File test_993.bin: opened: 38506 us, closed:     2 us, I/O:   2687 us, total:  46505 us, speed:  3721 KB/s, CRC: OK, Pattern: OK, Size: OK (0xC61C2AA0)
File test_994.bin: opened: 44669 us, closed:     2 us, I/O:   2692 us, total:  52685 us, speed:  3714 KB/s, CRC: OK, Pattern: OK, Size: OK (0xC61C2AA0)
File test_995.bin: opened: 38740 us, closed:     2 us, I/O:   2673 us, total:  46721 us, speed:  3741 KB/s, CRC: OK, Pattern: OK, Size: OK (0xC61C2AA0)
File test_996.bin: opened: 44641 us, closed:     2 us, I/O:   2697 us, total:  52684 us, speed:  3707 KB/s, CRC: OK, Pattern: OK, Size: OK (0xC61C2AA0)
File test_997.bin: opened: 38620 us, closed:     2 us, I/O:   2715 us, total:  46706 us, speed:  3683 KB/s, CRC: OK, Pattern: OK, Size: OK (0xC61C2AA0)
File test_998.bin: opened: 44686 us, closed:     2 us, I/O:   2069 us, total:  52139 us, speed:  4833 KB/s, CRC: OK, Pattern: OK, Size: OK (0xC61C2AA0)
File test_999.bin: opened: 38827 us, closed:     2 us, I/O:   2042 us, total:  46236 us, speed:  4897 KB/s, CRC: OK, Pattern: OK, Size: OK (0xC61C2AA0)
File test_1000.bin: opened: 44681 us, closed:     2 us, I/O:   2054 us, total:  52075 us, speed:  4868 KB/s, CRC: OK, Pattern: OK, Size: OK (0xC61C2AA0)


=== Read Test Statistics ===
Successful operations: 1000
Failed operations:     0
Data processed: 10000 KB (10240000 bytes)

Timing breakdown:
  Open time     - Avg: 20205.9 us, Min:    109 us, Max:  54350 us, Diff: 49762.4%
  Close time    - Avg:    2.0 us, Min:      2 us, Max:      6 us, Diff: 200.0%

Speed statistics:
  Max speed:     4967 KB/s
  Avg speed:     2146 KB/s
  Min speed:      607 KB/s

Data integrity:
  CRC errors    : 0
  Pattern errors: 0
  Size errors   : 0
  Total errors  : 0

Press any key to continue...
