=== Write Test ===
Filesystem integrity check: OK
Writing 1000 files, 10240 bytes each, 65536 byte blocks
Data pattern: Constant (0xAA), Verification: ON
Writing /test_001.bin... opened:  2689 us, closed: 244957 us, I/O:  90733 us, total: 343288 us, speed:   110 KB/s, CRC32: 0xC61C2AA0
Writing /test_002.bin... opened:   561 us, closed:   329 us, I/O:  99972 us, total: 105811 us, speed:   100 KB/s, CRC32: 0xC61C2AA0
Writing /test_003.bin... opened:   635 us, closed:   350 us, I/O:  90663 us, total:  96567 us, speed:   110 KB/s, CRC32: 0xC61C2AA0
Writing /test_004.bin... opened:   721 us, closed:   365 us, I/O:  97990 us, total: 104025 us, speed:   102 KB/s, CRC32: 0xC61C2AA0
Writing /test_005.bin... opened:   794 us, closed:   376 us, I/O:  83663 us, total:  89784 us, speed:   119 KB/s, CRC32: 0xC61C2AA0
Writing /test_006.bin... opened:   873 us, closed:   400 us, I/O: 102055 us, total: 108228 us, speed:    97 KB/s, CRC32: 0xC61C2AA0
Writing /test_007.bin... opened:   952 us, closed:   420 us, I/O:  90348 us, total:  96625 us, speed:   110 KB/s, CRC32: 0xC61C2AA0
Writing /test_008.bin... opened:  1037 us, closed:   434 us, I/O:  86732 us, total:  93111 us, speed:   115 KB/s, CRC32: 0xC61C2AA0
Writing /test_009.bin... opened:  1129 us, closed:   443 us, I/O:  98552 us, total: 105055 us, speed:   101 KB/s, CRC32: 0xC61C2AA0
Writing /test_010.bin... opened:  1324 us, closed:   441 us, I/O: 100264 us, total: 106930 us, speed:    99 KB/s, CRC32: 0xC61C2AA0
Writing /test_011.bin... opened:  1392 us, closed:   442 us, I/O:  87497 us, total:  94265 us, speed:   114 KB/s, CRC32: 0xC61C2AA0
Writing /test_012.bin... opened:  1444 us, closed:   437 us, I/O:  88237 us, total:  95102 us, speed:   113 KB/s, CRC32: 0xC61C2AA0
Writing /test_013.bin... opened:  1518 us, closed:   435 us, I/O: 102782 us, total: 109666 us, speed:    97 KB/s, CRC32: 0xC61C2AA0
Writing /test_014.bin... opened:  1569 us, closed:   439 us, I/O:  80102 us, total:  87032 us, speed:   124 KB/s, CRC32: 0xC61C2AA0
Writing /test_015.bin... opened:  1626 us, closed:  6370 us, I/O:  79084 us, total:  92031 us, speed:   126 KB/s, CRC32: 0xC61C2AA0
Writing /test_016.bin... opened:  1695 us, closed:   442 us, I/O:  95352 us, total: 102402 us, speed:   104 KB/s, CRC32: 0xC61C2AA0
Writing /test_017.bin... opened:  1772 us, closed:   438 us, I/O:  79499 us, total:  86638 us, speed:   125 KB/s, CRC32: 0xC61C2AA0
Writing /test_018.bin... opened:  1986 us, closed:   445 us, I/O:  79842 us, total:  93171 us, speed:   125 KB/s, CRC32: 0xC61C2AA0
Writing /test_019.bin... opened:  2065 us, closed:   443 us, I/O:  96550 us, total: 103988 us, speed:   103 KB/s, CRC32: 0xC61C2AA0
Writing /test_020.bin... opened:  2089 us, closed:   437 us, I/O:  87337 us, total: 100772 us, speed:   114 KB/s, CRC32: 0xC61C2AA0
Writing /test_021.bin... opened:  2151 us, closed:   437 us, I/O:  87372 us, total: 100869 us, speed:   114 KB/s, CRC32: 0xC61C2AA0
Writing /test_022.bin... opened:  8058 us, closed:   441 us, I/O:  79498 us, total:  92919 us, speed:   125 KB/s, CRC32: 0xC61C2AA0
Writing /test_023.bin... opened:  2267 us, closed:   437 us, I/O: 102006 us, total: 115629 us, speed:    98 KB/s, CRC32: 0xC61C2AA0
Writing /test_024.bin... opened:  2328 us, closed:   440 us, I/O:  91267 us, total:  98973 us, speed:   109 KB/s, CRC32: 0xC61C2AA0
Writing /test_025.bin... opened:  2442 us, closed:   432 us, I/O:  98855 us, total: 106665 us, speed:   101 KB/s, CRC32: 0xC61C2AA0
Writing /test_026.bin... opened:  2595 us, closed:   414 us, I/O:  84744 us, total:  92704 us, speed:   118 KB/s, CRC32: 0xC61C2AA0
Writing /test_027.bin... opened:  2626 us, closed:   398 us, I/O: 102942 us, total: 110882 us, speed:    97 KB/s, CRC32: 0xC61C2AA0
Writing /test_028.bin... opened:  2670 us, closed:   375 us, I/O:  87134 us, total:  95122 us, speed:   114 KB/s, CRC32: 0xC61C2AA0
Writing /test_029.bin... opened:  2719 us, closed:   356 us, I/O:  83637 us, total:  91653 us, speed:   119 KB/s, CRC32: 0xC61C2AA0
Writing /test_030.bin... opened:  2745 us, closed:   338 us, I/O:  96001 us, total: 104036 us, speed:   104 KB/s, CRC32: 0xC61C2AA0
Writing /test_031.bin... opened:  2808 us, closed:   317 us, I/O:  94342 us, total: 102389 us, speed:   105 KB/s, CRC32: 0xC61C2AA0
Writing /test_032.bin... opened:  2829 us, closed:   226 us, I/O:  83007 us, total:  91010 us, speed:   120 KB/s, CRC32: 0xC61C2AA0
Writing /test_033.bin... opened: 212588 us, closed: 92528 us, I/O:  90401 us, total: 400488 us, speed:   110 KB/s, CRC32: 0xC61C2AA0
Writing /test_034.bin... opened:  1383 us, closed:   444 us, I/O:  95701 us, total: 102439 us, speed:   104 KB/s, CRC32: 0xC61C2AA0
Writing /test_035.bin... opened:  1571 us, closed:   439 us, I/O:  88595 us, total:  95555 us, speed:   112 KB/s, CRC32: 0xC61C2AA0
Writing /test_036.bin... opened:  1642 us, closed:   439 us, I/O:  82425 us, total:  89437 us, speed:   121 KB/s, CRC32: 0xC61C2AA0
Writing /test_037.bin... opened:  1715 us, closed:   443 us, I/O:  95497 us, total: 102568 us, speed:   104 KB/s, CRC32: 0xC61C2AA0
Writing /test_038.bin... opened:  1764 us, closed:   441 us, I/O: 101023 us, total: 108194 us, speed:    98 KB/s, CRC32: 0xC61C2AA0
Writing /test_039.bin... opened:  1813 us, closed:   442 us, I/O:  90019 us, total:  97210 us, speed:   111 KB/s, CRC32: 0xC61C2AA0
Writing /test_040.bin... opened:  1887 us, closed:   438 us, I/O: 101599 us, total: 108847 us, speed:    98 KB/s, CRC32: 0xC61C2AA0
Writing /test_041.bin... opened:  1959 us, closed:   443 us, I/O:  85313 us, total:  92628 us, speed:   117 KB/s, CRC32: 0xC61C2AA0
Writing /test_042.bin... opened:  2023 us, closed:   437 us, I/O:  93442 us, total: 100794 us, speed:   107 KB/s, CRC32: 0xC61C2AA0
Writing /test_043.bin... opened:  2228 us, closed:   444 us, I/O:  91135 us, total:  98729 us, speed:   109 KB/s, CRC32: 0xC61C2AA0
Writing /test_044.bin... opened:  2294 us, closed:   441 us, I/O:  97161 us, total: 104813 us, speed:   102 KB/s, CRC32: 0xC61C2AA0
Writing /test_045.bin... opened:  2361 us, closed:   443 us, I/O:  86032 us, total:  93762 us, speed:   116 KB/s, CRC32: 0xC61C2AA0
Writing /test_046.bin... opened:  2415 us, closed:   446 us, I/O:  93090 us, total: 100894 us, speed:   107 KB/s, CRC32: 0xC61C2AA0
Writing /test_047.bin... opened:  2469 us, closed:   441 us, I/O:  94010 us, total: 101871 us, speed:   106 KB/s, CRC32: 0xC61C2AA0
Writing /test_048.bin... opened:  2563 us, closed:   441 us, I/O:  85942 us, total:  93883 us, speed:   116 KB/s, CRC32: 0xC61C2AA0
Writing /test_049.bin... opened:  2582 us, closed:   442 us, I/O: 108178 us, total: 116172 us, speed:    92 KB/s, CRC32: 0xC61C2AA0
Writing /test_050.bin... opened:  2680 us, closed:   435 us, I/O:  91252 us, total:  99271 us, speed:   109 KB/s, CRC32: 0xC61C2AA0
Writing /test_051.bin... opened:  2853 us, closed:   410 us, I/O:  92531 us, total: 100708 us, speed:   108 KB/s, CRC32: 0xC61C2AA0
Writing /test_052.bin... opened:  2886 us, closed:   393 us, I/O:  99030 us, total: 107248 us, speed:   100 KB/s, CRC32: 0xC61C2AA0
Writing /test_053.bin... opened:  2942 us, closed:   383 us, I/O: 102009 us, total: 110292 us, speed:    98 KB/s, CRC32: 0xC61C2AA0
Writing /test_054.bin... opened:  2964 us, closed:   356 us, I/O:  90196 us, total:  98464 us, speed:   110 KB/s, CRC32: 0xC61C2AA0
Writing /test_055.bin... opened:  2998 us, closed:   337 us, I/O:  88407 us, total:  96712 us, speed:   113 KB/s, CRC32: 0xC61C2AA0
Writing /test_056.bin... opened:  3043 us, closed:   323 us, I/O: 101323 us, total: 109672 us, speed:    98 KB/s, CRC32: 0xC61C2AA0
Writing /test_057.bin... opened:  3087 us, closed:   226 us, I/O:  86903 us, total:  95156 us, speed:   115 KB/s, CRC32: 0xC61C2AA0
Writing /test_058.bin... opened: 453176 us, closed: 171725 us, I/O:  88259 us, total: 718092 us, speed:   113 KB/s, CRC32: 0xC61C2AA0
Writing /test_059.bin... opened:  2250 us, closed:   441 us, I/O:  95247 us, total: 102871 us, speed:   104 KB/s, CRC32: 0xC61C2AA0
Writing /test_060.bin... opened:  2316 us, closed:   442 us, I/O:  79988 us, total:  87642 us, speed:   125 KB/s, CRC32: 0xC61C2AA0
Writing /test_061.bin... opened:  2372 us, closed:   439 us, I/O: 102048 us, total: 109752 us, speed:    97 KB/s, CRC32: 0xC61C2AA0
Writing /test_062.bin... opened:  2461 us, closed:   439 us, I/O:  79131 us, total:  86959 us, speed:   126 KB/s, CRC32: 0xC61C2AA0
Writing /test_063.bin... opened:  2658 us, closed:   439 us, I/O:  87190 us, total:  95185 us, speed:   114 KB/s, CRC32: 0xC61C2AA0
Writing /test_064.bin... opened:  2706 us, closed:   439 us, I/O:  93201 us, total: 101299 us, speed:   107 KB/s, CRC32: 0xC61C2AA0
Writing /test_065.bin... opened:  2778 us, closed:   441 us, I/O: 101725 us, total: 109895 us, speed:    98 KB/s, CRC32: 0xC61C2AA0
Writing /test_066.bin... opened:  2837 us, closed:   448 us, I/O:  79529 us, total:  87759 us, speed:   125 KB/s, CRC32: 0xC61C2AA0
Writing /test_067.bin... opened:  2901 us, closed:   439 us, I/O:  93323 us, total: 101603 us, speed:   107 KB/s, CRC32: 0xC61C2AA0
Writing /test_068.bin... opened:  2957 us, closed:   438 us, I/O:  96620 us, total: 104926 us, speed:   103 KB/s, CRC32: 0xC61C2AA0
Writing /test_069.bin... opened:  3016 us, closed:   441 us, I/O:  83520 us, total:  91945 us, speed:   119 KB/s, CRC32: 0xC61C2AA0
Writing /test_070.bin... opened:  3115 us, closed:   423 us, I/O: 100178 us, total: 108605 us, speed:    99 KB/s, CRC32: 0xC61C2AA0
Writing /test_071.bin... opened:  3267 us, closed:   393 us, I/O:  85990 us, total:  94593 us, speed:   116 KB/s, CRC32: 0xC61C2AA0
Writing /test_072.bin... opened:  3301 us, closed:   378 us, I/O:  85088 us, total:  93720 us, speed:   117 KB/s, CRC32: 0xC61C2AA0
Writing /test_073.bin... opened:  3344 us, closed:   375 us, I/O:  96470 us, total: 105123 us, speed:   103 KB/s, CRC32: 0xC61C2AA0
Writing /test_074.bin... opened:  3389 us, closed:   346 us, I/O:  93087 us, total: 101758 us, speed:   107 KB/s, CRC32: 0xC61C2AA0
Writing /test_075.bin... opened:  3410 us, closed:   329 us, I/O:  88852 us, total:  97517 us, speed:   112 KB/s, CRC32: 0xC61C2AA0
Writing /test_076.bin... opened:  3476 us, closed:   304 us, I/O:  84257 us, total:  92959 us, speed:   118 KB/s, CRC32: 0xC61C2AA0
Writing /test_077.bin... opened:  3453 us, closed: 1446575 us, I/O: 104449 us, total: 1559425 us, speed:    95 KB/s, CRC32: 0xC61C2AA0
Writing /test_078.bin... opened:  3101 us, closed:   442 us, I/O:  87698 us, total:  96181 us, speed:   114 KB/s, CRC32: 0xC61C2AA0
Writing /test_079.bin... opened:  3175 us, closed:   439 us, I/O:  91292 us, total:  99827 us, speed:   109 KB/s, CRC32: 0xC61C2AA0
Writing /test_080.bin... opened:  3235 us, closed:   442 us, I/O: 107702 us, total: 116306 us, speed:    92 KB/s, CRC32: 0xC61C2AA0
Writing /test_081.bin... opened:  3275 us, closed:   444 us, I/O:  85307 us, total:  93996 us, speed:   117 KB/s, CRC32: 0xC61C2AA0
Writing /test_082.bin... opened:  3376 us, closed:   442 us, I/O:  93120 us, total: 101865 us, speed:   107 KB/s, CRC32: 0xC61C2AA0
Writing /test_083.bin... opened:  3393 us, closed:   442 us, I/O:  98478 us, total: 107225 us, speed:   101 KB/s, CRC32: 0xC61C2AA0
Writing /test_084.bin... opened:  3475 us, closed:   440 us, I/O:  99310 us, total: 108153 us, speed:   100 KB/s, CRC32: 0xC61C2AA0
Writing /test_085.bin... opened:  3579 us, closed:   455 us, I/O:  86410 us, total:  95387 us, speed:   115 KB/s, CRC32: 0xC61C2AA0
Writing /test_086.bin... opened:  3743 us, closed:   441 us, I/O:  83881 us, total:  93004 us, speed:   119 KB/s, CRC32: 0xC61C2AA0
Writing /test_087.bin... opened:  3805 us, closed:   443 us, I/O: 107902 us, total: 117098 us, speed:    92 KB/s, CRC32: 0xC61C2AA0
Writing /test_088.bin... opened:  3885 us, closed:   446 us, I/O:  94720 us, total: 103988 us, speed:   105 KB/s, CRC32: 0xC61C2AA0
Writing /test_089.bin... opened:  3943 us, closed:   443 us, I/O:  98316 us, total: 107621 us, speed:   101 KB/s, CRC32: 0xC61C2AA0
Writing /test_090.bin... opened:  3975 us, closed:   450 us, I/O:  84509 us, total:  93876 us, speed:   118 KB/s, CRC32: 0xC61C2AA0
Writing /test_091.bin... opened:  4053 us, closed:   441 us, I/O:  99676 us, total: 109079 us, speed:   100 KB/s, CRC32: 0xC61C2AA0
Writing /test_092.bin... opened:  4122 us, closed:   442 us, I/O:  89413 us, total:  98908 us, speed:   111 KB/s, CRC32: 0xC61C2AA0
Writing /test_093.bin... opened:  4207 us, closed:   432 us, I/O:  87821 us, total:  97375 us, speed:   113 KB/s, CRC32: 0xC61C2AA0
Writing /test_094.bin... opened:  4369 us, closed:   405 us, I/O:  99741 us, total: 109412 us, speed:   100 KB/s, CRC32: 0xC61C2AA0
Writing /test_095.bin... opened:  4417 us, closed:   393 us, I/O: 109401 us, total: 119110 us, speed:    91 KB/s, CRC32: 0xC61C2AA0
Writing /test_096.bin... opened:  4466 us, closed:   376 us, I/O:  89675 us, total:  99442 us, speed:   111 KB/s, CRC32: 0xC61C2AA0
Writing /test_097.bin... opened:  4499 us, closed:   371 us, I/O:  91417 us, total: 101217 us, speed:   109 KB/s, CRC32: 0xC61C2AA0
Writing /test_098.bin... opened:  4537 us, closed:   338 us, I/O:  87473 us, total:  97277 us, speed:   114 KB/s, CRC32: 0xC61C2AA0
Writing /test_099.bin... opened:  4579 us, closed:   320 us, I/O:  80214 us, total:  90050 us, speed:   124 KB/s, CRC32: 0xC61C2AA0
Writing /test_100.bin... opened:  4610 us, closed:   251 us, I/O:  80839 us, total:  90641 us, speed:   123 KB/s, CRC32: 0xC61C2AA0
Writing /test_101.bin... opened: 508460 us, closed: 178991 us, I/O:  97441 us, total: 789841 us, speed:   102 KB/s, CRC32: 0xC61C2AA0
Writing /test_102.bin... opened:  3615 us, closed:   441 us, I/O:  82316 us, total:  91283 us, speed:   121 KB/s, CRC32: 0xC61C2AA0
Writing /test_103.bin... opened:  3668 us, closed:   441 us, I/O: 101290 us, total: 110328 us, speed:    98 KB/s, CRC32: 0xC61C2AA0
Writing /test_104.bin... opened:  3739 us, closed:   441 us, I/O:  80081 us, total:  95165 us, speed:   124 KB/s, CRC32: 0xC61C2AA0
Writing /test_105.bin... opened:  3935 us, closed:   438 us, I/O:  87983 us, total:  97302 us, speed:   113 KB/s, CRC32: 0xC61C2AA0
Writing /test_106.bin... opened:  3999 us, closed:   445 us, I/O:  85782 us, total:  95208 us, speed:   116 KB/s, CRC32: 0xC61C2AA0
Writing /test_107.bin... opened:  4081 us, closed:   441 us, I/O:  97951 us, total: 107384 us, speed:   102 KB/s, CRC32: 0xC61C2AA0
Writing /test_108.bin... opened:  4117 us, closed:   445 us, I/O:  79820 us, total:  89320 us, speed:   125 KB/s, CRC32: 0xC61C2AA0
Writing /test_109.bin... opened:  4188 us, closed:   445 us, I/O:  88801 us, total:  98350 us, speed:   112 KB/s, CRC32: 0xC61C2AA0
Writing /test_110.bin... opened:  4265 us, closed:   443 us, I/O:  90919 us, total: 100548 us, speed:   109 KB/s, CRC32: 0xC61C2AA0
Writing /test_111.bin... opened:  4314 us, closed:   445 us, I/O:  85351 us, total:  95031 us, speed:   117 KB/s, CRC32: 0xC61C2AA0
Writing /test_112.bin... opened:  4401 us, closed:   433 us, I/O: 100028 us, total: 109822 us, speed:    99 KB/s, CRC32: 0xC61C2AA0
Writing /test_113.bin... opened:  4573 us, closed:   416 us, I/O:  85823 us, total:  95727 us, speed:   116 KB/s, CRC32: 0xC61C2AA0
Writing /test_114.bin... opened:  4622 us, closed:   397 us, I/O:  84873 us, total:  94791 us, speed:   117 KB/s, CRC32: 0xC61C2AA0
Writing /test_115.bin... opened:  4630 us, closed:   365 us, I/O: 101994 us, total: 111915 us, speed:    98 KB/s, CRC32: 0xC61C2AA0
Writing /test_116.bin... opened:  4715 us, closed:   364 us, I/O:  99878 us, total: 115858 us, speed:   100 KB/s, CRC32: 0xC61C2AA0
Writing /test_117.bin... opened:  4712 us, closed:   334 us, I/O:  91271 us, total: 101327 us, speed:   109 KB/s, CRC32: 0xC61C2AA0
Writing /test_118.bin... opened:  4762 us, closed:   318 us, I/O:  88533 us, total:  98584 us, speed:   112 KB/s, CRC32: 0xC61C2AA0
Writing /test_119.bin... opened:  4798 us, closed:   221 us, I/O: 103119 us, total: 113085 us, speed:    96 KB/s, CRC32: 0xC61C2AA0
Writing /test_120.bin... opened: 1516828 us, closed:   439 us, I/O:  93950 us, total: 1616117 us, speed:   106 KB/s, CRC32: 0xC61C2AA0
Writing /test_121.bin... opened:  4460 us, closed:   437 us, I/O:  90313 us, total: 100208 us, speed:   110 KB/s, CRC32: 0xC61C2AA0
Writing /test_122.bin... opened:  4514 us, closed:   442 us, I/O: 104730 us, total: 114707 us, speed:    95 KB/s, CRC32: 0xC61C2AA0
Writing /test_123.bin... opened:  4570 us, closed:   454 us, I/O:  82686 us, total:  92629 us, speed:   120 KB/s, CRC32: 0xC61C2AA0
Writing /test_124.bin... opened:  4660 us, closed:   443 us, I/O:  89610 us, total:  99664 us, speed:   111 KB/s, CRC32: 0xC61C2AA0
Writing /test_125.bin... opened:  4721 us, closed:   439 us, I/O: 105075 us, total: 115158 us, speed:    95 KB/s, CRC32: 0xC61C2AA0
Writing /test_126.bin... opened:  4769 us, closed:   443 us, I/O: 106497 us, total: 116642 us, speed:    93 KB/s, CRC32: 0xC61C2AA0
Writing /test_127.bin... opened:  4835 us, closed:   455 us, I/O:  88622 us, total:  98839 us, speed:   112 KB/s, CRC32: 0xC61C2AA0
Writing /test_128.bin... opened:  5072 us, closed:   442 us, I/O:  85674 us, total:  96135 us, speed:   116 KB/s, CRC32: 0xC61C2AA0
Writing /test_129.bin... opened:  5123 us, closed:   443 us, I/O: 101374 us, total: 111879 us, speed:    98 KB/s, CRC32: 0xC61C2AA0
Writing /test_130.bin... opened:  5209 us, closed:   441 us, I/O:  88794 us, total: 105353 us, speed:   112 KB/s, CRC32: 0xC61C2AA0
Writing /test_131.bin... opened: 11196 us, closed:   443 us, I/O: 101067 us, total: 117624 us, speed:    98 KB/s, CRC32: 0xC61C2AA0
Writing /test_132.bin... opened:  5267 us, closed:   445 us, I/O:  84844 us, total:  95498 us, speed:   117 KB/s, CRC32: 0xC61C2AA0
Writing /test_133.bin... opened:  5356 us, closed:   442 us, I/O: 106142 us, total: 116866 us, speed:    94 KB/s, CRC32: 0xC61C2AA0
Writing /test_134.bin... opened:  5434 us, closed:   446 us, I/O:  95644 us, total: 106441 us, speed:   104 KB/s, CRC32: 0xC61C2AA0
Writing /test_135.bin... opened:  5490 us, closed:   435 us, I/O:  90309 us, total: 101142 us, speed:   110 KB/s, CRC32: 0xC61C2AA0
Writing /test_136.bin... opened:  5660 us, closed:   411 us, I/O:  98322 us, total: 109326 us, speed:   101 KB/s, CRC32: 0xC61C2AA0
Writing /test_137.bin... opened:  5741 us, closed:   392 us, I/O: 101138 us, total: 112218 us, speed:    98 KB/s, CRC32: 0xC61C2AA0
Writing /test_138.bin... opened:  5739 us, closed:   370 us, I/O:  91583 us, total: 102634 us, speed:   109 KB/s, CRC32: 0xC61C2AA0
Writing /test_139.bin... opened:  5790 us, closed:   360 us, I/O:  90970 us, total: 102055 us, speed:   109 KB/s, CRC32: 0xC61C2AA0
Writing /test_140.bin... opened:  5847 us, closed:   338 us, I/O:  84466 us, total:  95545 us, speed:   118 KB/s, CRC32: 0xC61C2AA0
Writing /test_141.bin... opened:  5894 us, closed:   316 us, I/O:  86225 us, total:  97378 us, speed:   115 KB/s, CRC32: 0xC61C2AA0
Writing /test_142.bin... opened:  5899 us, closed:   230 us, I/O:  87165 us, total:  98246 us, speed:   114 KB/s, CRC32: 0xC61C2AA0
Writing /test_143.bin... opened: 505125 us, closed: 198756 us, I/O:  95199 us, total: 804090 us, speed:   105 KB/s, CRC32: 0xC61C2AA0
Writing /test_144.bin... opened:  4955 us, closed:   441 us, I/O:  85868 us, total:  96177 us, speed:   116 KB/s, CRC32: 0xC61C2AA0
Writing /test_145.bin... opened:  4973 us, closed:   443 us, I/O: 108005 us, total: 118345 us, speed:    92 KB/s, CRC32: 0xC61C2AA0
Writing /test_146.bin... opened:  5236 us, closed:   437 us, I/O:  79853 us, total:  90447 us, speed:   125 KB/s, CRC32: 0xC61C2AA0
Writing /test_147.bin... opened:  5268 us, closed:   439 us, I/O:  88693 us, total:  99343 us, speed:   112 KB/s, CRC32: 0xC61C2AA0
Writing /test_148.bin... opened:  5334 us, closed:   440 us, I/O:  89078 us, total:  99802 us, speed:   112 KB/s, CRC32: 0xC61C2AA0
Writing /test_149.bin... opened:  5383 us, closed:   445 us, I/O:  98270 us, total: 109034 us, speed:   101 KB/s, CRC32: 0xC61C2AA0
Writing /test_150.bin... opened:  5450 us, closed:   439 us, I/O:  80085 us, total:  90934 us, speed:   124 KB/s, CRC32: 0xC61C2AA0
Writing /test_151.bin... opened:  5537 us, closed:   439 us, I/O:  89428 us, total: 100330 us, speed:   111 KB/s, CRC32: 0xC61C2AA0
Writing /test_152.bin... opened:  5598 us, closed:   442 us, I/O:  92053 us, total: 103026 us, speed:   108 KB/s, CRC32: 0xC61C2AA0
Writing /test_153.bin... opened:  5625 us, closed:   442 us, I/O:  83274 us, total:  94456 us, speed:   120 KB/s, CRC32: 0xC61C2AA0
Writing /test_154.bin... opened:  5866 us, closed:   416 us, I/O:  95424 us, total: 106608 us, speed:   104 KB/s, CRC32: 0xC61C2AA0
Writing /test_155.bin... opened:  5898 us, closed:   421 us, I/O:  86295 us, total:  97537 us, speed:   115 KB/s, CRC32: 0xC61C2AA0
Writing /test_156.bin... opened:  5939 us, closed:   384 us, I/O:  84332 us, total:  95564 us, speed:   118 KB/s, CRC32: 0xC61C2AA0
Writing /test_157.bin... opened:  5964 us, closed:   373 us, I/O: 106350 us, total: 117623 us, speed:    94 KB/s, CRC32: 0xC61C2AA0
Writing /test_158.bin... opened: 11995 us, closed:   344 us, I/O:  93855 us, total: 111107 us, speed:   106 KB/s, CRC32: 0xC61C2AA0
Writing /test_159.bin... opened:  6028 us, closed:   327 us, I/O:  87970 us, total:  99263 us, speed:   113 KB/s, CRC32: 0xC61C2AA0
Writing /test_160.bin... opened:  6069 us, closed:   306 us, I/O:  87944 us, total:  99254 us, speed:   113 KB/s, CRC32: 0xC61C2AA0
Writing /test_161.bin... opened:  6073 us, closed: 1500403 us, I/O:  98958 us, total: 1610383 us, speed:   101 KB/s, CRC32: 0xC61C2AA0
Writing /test_162.bin... opened:  5757 us, closed:   439 us, I/O:  88633 us, total:  99752 us, speed:   112 KB/s, CRC32: 0xC61C2AA0
Writing /test_163.bin... opened:  5840 us, closed:   442 us, I/O:  90367 us, total: 101568 us, speed:   110 KB/s, CRC32: 0xC61C2AA0
Writing /test_164.bin... opened:  5884 us, closed:   442 us, I/O: 106884 us, total: 118145 us, speed:    93 KB/s, CRC32: 0xC61C2AA0
Writing /test_165.bin... opened:  5924 us, closed:   441 us, I/O:  82170 us, total:  93503 us, speed:   121 KB/s, CRC32: 0xC61C2AA0
Writing /test_166.bin... opened:  6008 us, closed:   445 us, I/O:  90498 us, total: 101861 us, speed:   110 KB/s, CRC32: 0xC61C2AA0
Writing /test_167.bin... opened:  6053 us, closed:   443 us, I/O:  97342 us, total: 108775 us, speed:   102 KB/s, CRC32: 0xC61C2AA0
Writing /test_168.bin... opened:  6116 us, closed:   442 us, I/O: 100020 us, total: 111510 us, speed:    99 KB/s, CRC32: 0xC61C2AA0
Writing /test_169.bin... opened:  6357 us, closed:   441 us, I/O:  94999 us, total: 106768 us, speed:   105 KB/s, CRC32: 0xC61C2AA0
Writing /test_170.bin... opened:  6407 us, closed:   442 us, I/O:  85040 us, total:  96847 us, speed:   117 KB/s, CRC32: 0xC61C2AA0
Writing /test_171.bin... opened:  6482 us, closed:   445 us, I/O:  99962 us, total: 111786 us, speed:   100 KB/s, CRC32: 0xC61C2AA0
Writing /test_172.bin... opened:  6521 us, closed:   443 us, I/O:  89480 us, total: 101375 us, speed:   111 KB/s, CRC32: 0xC61C2AA0
Writing /test_173.bin... opened:  6595 us, closed:   444 us, I/O:  98966 us, total: 110931 us, speed:   101 KB/s, CRC32: 0xC61C2AA0
Writing /test_174.bin... opened:  6645 us, closed:   445 us, I/O:  83922 us, total: 101915 us, speed:   119 KB/s, CRC32: 0xC61C2AA0
Writing /test_175.bin... opened: 12677 us, closed:   442 us, I/O:  99129 us, total: 117137 us, speed:   100 KB/s, CRC32: 0xC61C2AA0
Writing /test_176.bin... opened:  6792 us, closed:   441 us, I/O:  89867 us, total: 101993 us, speed:   111 KB/s, CRC32: 0xC61C2AA0
Writing /test_177.bin... opened:  6985 us, closed:   423 us, I/O:  84219 us, total:  96550 us, speed:   118 KB/s, CRC32: 0xC61C2AA0
Writing /test_178.bin... opened:  7039 us, closed:   407 us, I/O:  95150 us, total: 107515 us, speed:   105 KB/s, CRC32: 0xC61C2AA0
Writing /test_179.bin... opened:  7061 us, closed:   392 us, I/O:  98060 us, total: 110435 us, speed:   101 KB/s, CRC32: 0xC61C2AA0
Writing /test_180.bin... opened:  7108 us, closed:   365 us, I/O:  90557 us, total: 102931 us, speed:   110 KB/s, CRC32: 0xC61C2AA0
Writing /test_181.bin... opened:  7128 us, closed:   347 us, I/O:  92483 us, total: 104886 us, speed:   108 KB/s, CRC32: 0xC61C2AA0
Writing /test_182.bin... opened:  7173 us, closed:   324 us, I/O:  83830 us, total:  96284 us, speed:   119 KB/s, CRC32: 0xC61C2AA0
Writing /test_183.bin... opened:  7199 us, closed:   299 us, I/O:  84138 us, total:  96570 us, speed:   118 KB/s, CRC32: 0xC61C2AA0
Writing /test_184.bin... opened:  7227 us, closed: 507472 us, I/O:  85717 us, total: 605334 us, speed:   116 KB/s, CRC32: 0xC61C2AA0
Writing /test_185.bin... opened:  6048 us, closed:   441 us, I/O:  94235 us, total: 105676 us, speed:   106 KB/s, CRC32: 0xC61C2AA0
Writing /test_186.bin... opened:  6077 us, closed:   441 us, I/O:  79668 us, total:  91146 us, speed:   125 KB/s, CRC32: 0xC61C2AA0
Writing /test_187.bin... opened:  6333 us, closed:   445 us, I/O:  98808 us, total: 110526 us, speed:   101 KB/s, CRC32: 0xC61C2AA0
Writing /test_188.bin... opened:  6354 us, closed:   442 us, I/O:  79306 us, total:  91058 us, speed:   126 KB/s, CRC32: 0xC61C2AA0
Writing /test_189.bin... opened:  6439 us, closed:   434 us, I/O:  87358 us, total:  99200 us, speed:   114 KB/s, CRC32: 0xC61C2AA0
Writing /test_190.bin... opened:  6488 us, closed:   440 us, I/O:  85912 us, total:  97782 us, speed:   116 KB/s, CRC32: 0xC61C2AA0
Writing /test_191.bin... opened:  6555 us, closed:   443 us, I/O:  98057 us, total: 110006 us, speed:   101 KB/s, CRC32: 0xC61C2AA0
Writing /test_192.bin... opened:  6611 us, closed:   441 us, I/O:  79458 us, total:  91485 us, speed:   125 KB/s, CRC32: 0xC61C2AA0
Writing /test_193.bin... opened:  6722 us, closed:   439 us, I/O:  89113 us, total: 101190 us, speed:   112 KB/s, CRC32: 0xC61C2AA0
Writing /test_194.bin... opened:  6730 us, closed:   441 us, I/O:  89934 us, total: 102064 us, speed:   111 KB/s, CRC32: 0xC61C2AA0
Writing /test_195.bin... opened:  6960 us, closed:   414 us, I/O:  82181 us, total:  94474 us, speed:   121 KB/s, CRC32: 0xC61C2AA0
Writing /test_196.bin... opened:  7009 us, closed:   404 us, I/O:  91148 us, total: 103518 us, speed:   109 KB/s, CRC32: 0xC61C2AA0
Writing /test_197.bin... opened:  7033 us, closed:   384 us, I/O:  87588 us, total:  99935 us, speed:   114 KB/s, CRC32: 0xC61C2AA0
Writing /test_198.bin... opened:  7067 us, closed:   370 us, I/O:  81984 us, total:  94354 us, speed:   121 KB/s, CRC32: 0xC61C2AA0
Writing /test_199.bin... opened:  7143 us, closed:   345 us, I/O: 106686 us, total: 119130 us, speed:    93 KB/s, CRC32: 0xC61C2AA0
Writing /test_200.bin... opened:  7154 us, closed:   323 us, I/O: 100709 us, total: 113108 us, speed:    99 KB/s, CRC32: 0xC61C2AA0
Writing /test_201.bin... opened:  7212 us, closed:   345 us, I/O:  89371 us, total: 101850 us, speed:   111 KB/s, CRC32: 0xC61C2AA0
Writing /test_202.bin... opened:  7164 us, closed: 1520321 us, I/O:  82895 us, total: 1615300 us, speed:   120 KB/s, CRC32: 0xC61C2AA0
Writing /test_203.bin... opened: 13102 us, closed:   442 us, I/O:  91677 us, total: 110156 us, speed:   109 KB/s, CRC32: 0xC61C2AA0
Writing /test_204.bin... opened:  7332 us, closed:   442 us, I/O:  87376 us, total: 100065 us, speed:   114 KB/s, CRC32: 0xC61C2AA0
Writing /test_205.bin... opened:  7400 us, closed:   440 us, I/O:  88155 us, total: 100908 us, speed:   113 KB/s, CRC32: 0xC61C2AA0
Writing /test_206.bin... opened:  7469 us, closed:   442 us, I/O:  99755 us, total: 112606 us, speed:   100 KB/s, CRC32: 0xC61C2AA0
Writing /test_207.bin... opened:  7520 us, closed:   443 us, I/O:  83663 us, total:  96567 us, speed:   119 KB/s, CRC32: 0xC61C2AA0
Writing /test_208.bin... opened:  7579 us, closed:   443 us, I/O:  85261 us, total:  98201 us, speed:   117 KB/s, CRC32: 0xC61C2AA0
Writing /test_209.bin... opened:  7639 us, closed:   438 us, I/O: 101320 us, total: 114334 us, speed:    98 KB/s, CRC32: 0xC61C2AA0
Writing /test_210.bin... opened:  7846 us, closed:   460 us, I/O:  98718 us, total: 111936 us, speed:   101 KB/s, CRC32: 0xC61C2AA0
Writing /test_211.bin... opened:  7906 us, closed:   445 us, I/O:  89927 us, total: 103213 us, speed:   111 KB/s, CRC32: 0xC61C2AA0
Writing /test_212.bin... opened:  7982 us, closed:   446 us, I/O:  83676 us, total:  97026 us, speed:   119 KB/s, CRC32: 0xC61C2AA0
Writing /test_213.bin... opened:  8031 us, closed:   445 us, I/O: 100954 us, total: 114385 us, speed:    99 KB/s, CRC32: 0xC61C2AA0
Writing /test_214.bin... opened:  8107 us, closed:   462 us, I/O:  88907 us, total: 102413 us, speed:   112 KB/s, CRC32: 0xC61C2AA0
Writing /test_215.bin... opened:  8125 us, closed:   442 us, I/O: 100834 us, total: 114373 us, speed:    99 KB/s, CRC32: 0xC61C2AA0
Writing /test_216.bin... opened:  8245 us, closed:   449 us, I/O:  85464 us, total:  99059 us, speed:   117 KB/s, CRC32: 0xC61C2AA0
Writing /test_217.bin... opened:  8242 us, closed:   442 us, I/O: 109241 us, total: 122821 us, speed:    91 KB/s, CRC32: 0xC61C2AA0
Writing /test_218.bin... opened:  8484 us, closed:   425 us, I/O:  89962 us, total: 103810 us, speed:   111 KB/s, CRC32: 0xC61C2AA0
Writing /test_219.bin... opened:  8542 us, closed:   403 us, I/O:  84868 us, total:  98726 us, speed:   117 KB/s, CRC32: 0xC61C2AA0
Writing /test_220.bin... opened:  8592 us, closed:   388 us, I/O:  95187 us, total: 109061 us, speed:   105 KB/s, CRC32: 0xC61C2AA0
Writing /test_221.bin... opened:  8589 us, closed:   367 us, I/O:  99261 us, total: 113128 us, speed:   100 KB/s, CRC32: 0xC61C2AA0
Writing /test_222.bin... opened:  8660 us, closed:   343 us, I/O:  89369 us, total: 103279 us, speed:   111 KB/s, CRC32: 0xC61C2AA0
Writing /test_223.bin... opened:  8691 us, closed:   331 us, I/O:  89067 us, total: 103029 us, speed:   112 KB/s, CRC32: 0xC61C2AA0
Writing /test_224.bin... opened:  8737 us, closed:   306 us, I/O:  82286 us, total:  96228 us, speed:   121 KB/s, CRC32: 0xC61C2AA0
Writing /test_225.bin... opened:  8730 us, closed: 506189 us, I/O:  81399 us, total: 601251 us, speed:   122 KB/s, CRC32: 0xC61C2AA0
Writing /test_226.bin... opened:  7533 us, closed:   439 us, I/O:  82439 us, total:  95362 us, speed:   121 KB/s, CRC32: 0xC61C2AA0
Writing /test_227.bin... opened:  7611 us, closed:   442 us, I/O:  96077 us, total: 109069 us, speed:   104 KB/s, CRC32: 0xC61C2AA0
Writing /test_228.bin... opened:  7822 us, closed:   446 us, I/O:  81662 us, total:  94867 us, speed:   122 KB/s, CRC32: 0xC61C2AA0
Writing /test_229.bin... opened:  7914 us, closed:   439 us, I/O:  96308 us, total: 109573 us, speed:   103 KB/s, CRC32: 0xC61C2AA0
Writing /test_230.bin... opened:  7957 us, closed:   441 us, I/O:  79637 us, total:  92949 us, speed:   125 KB/s, CRC32: 0xC61C2AA0
Writing /test_231.bin... opened:  8015 us, closed:   442 us, I/O:  88251 us, total: 101646 us, speed:   113 KB/s, CRC32: 0xC61C2AA0
Writing /test_232.bin... opened:  8079 us, closed:   441 us, I/O:  89053 us, total: 102542 us, speed:   112 KB/s, CRC32: 0xC61C2AA0
Writing /test_233.bin... opened:  8146 us, closed:   441 us, I/O:  98336 us, total: 111878 us, speed:   101 KB/s, CRC32: 0xC61C2AA0
Writing /test_234.bin... opened:  8219 us, closed:   442 us, I/O:  83069 us, total:  96726 us, speed:   120 KB/s, CRC32: 0xC61C2AA0
Writing /test_235.bin... opened:  8242 us, closed:   440 us, I/O:  92036 us, total: 105633 us, speed:   108 KB/s, CRC32: 0xC61C2AA0
Writing /test_236.bin... opened:  8447 us, closed:   428 us, I/O:  90327 us, total: 104116 us, speed:   110 KB/s, CRC32: 0xC61C2AA0
Writing /test_237.bin... opened:  8489 us, closed:   403 us, I/O:  85068 us, total:  98881 us, speed:   117 KB/s, CRC32: 0xC61C2AA0
Writing /test_238.bin... opened:  8566 us, closed:   390 us, I/O:  98624 us, total: 112496 us, speed:   101 KB/s, CRC32: 0xC61C2AA0
Writing /test_239.bin... opened:  8561 us, closed:   364 us, I/O:  87993 us, total: 107811 us, speed:   113 KB/s, CRC32: 0xC61C2AA0
Writing /test_240.bin... opened: 14598 us, closed:   345 us, I/O:  90151 us, total: 110066 us, speed:   110 KB/s, CRC32: 0xC61C2AA0
Writing /test_241.bin... opened:  8684 us, closed:   323 us, I/O:  99620 us, total: 113535 us, speed:   100 KB/s, CRC32: 0xC61C2AA0
Writing /test_242.bin... opened:  8718 us, closed:   311 us, I/O:  99735 us, total: 113707 us, speed:   100 KB/s, CRC32: 0xC61C2AA0
Writing /test_243.bin... opened:  8697 us, closed: 1508827 us, I/O:  91270 us, total: 1613713 us, speed:   109 KB/s, CRC32: 0xC61C2AA0
Writing /test_244.bin... opened:  8815 us, closed:   438 us, I/O: 100292 us, total: 114477 us, speed:    99 KB/s, CRC32: 0xC61C2AA0
Writing /test_245.bin... opened:  8842 us, closed:   438 us, I/O:  89004 us, total: 103209 us, speed:   112 KB/s, CRC32: 0xC61C2AA0
Writing /test_246.bin... opened:  8881 us, closed:   445 us, I/O:  85486 us, total:  99723 us, speed:   116 KB/s, CRC32: 0xC61C2AA0
Writing /test_247.bin... opened:  8946 us, closed:   441 us, I/O:  87463 us, total: 101793 us, speed:   114 KB/s, CRC32: 0xC61C2AA0
Writing /test_248.bin... opened:  9007 us, closed:   441 us, I/O: 100960 us, total: 115350 us, speed:    99 KB/s, CRC32: 0xC61C2AA0
Writing /test_249.bin... opened:  9087 us, closed:   441 us, I/O:  81145 us, total: 101555 us, speed:   123 KB/s, CRC32: 0xC61C2AA0
Writing /test_250.bin... opened: 15040 us, closed:   442 us, I/O:  85486 us, total: 105898 us, speed:   116 KB/s, CRC32: 0xC61C2AA0
Writing /test_251.bin... opened: 15329 us, closed:   438 us, I/O: 100080 us, total: 120776 us, speed:    99 KB/s, CRC32: 0xC61C2AA0
Writing /test_252.bin... opened:  9438 us, closed:   442 us, I/O: 103723 us, total: 118510 us, speed:    96 KB/s, CRC32: 0xC61C2AA0
Writing /test_253.bin... opened:  9498 us, closed:   444 us, I/O:  87013 us, total: 101910 us, speed:   114 KB/s, CRC32: 0xC61C2AA0
Writing /test_254.bin... opened:  9573 us, closed:   443 us, I/O:  84128 us, total:  99092 us, speed:   118 KB/s, CRC32: 0xC61C2AA0
Writing /test_255.bin... opened:  9624 us, closed:   441 us, I/O: 104826 us, total: 119872 us, speed:    95 KB/s, CRC32: 0xC61C2AA0
Writing /test_256.bin... opened:  9682 us, closed:   438 us, I/O:  92802 us, total: 107864 us, speed:   107 KB/s, CRC32: 0xC61C2AA0
Writing /test_257.bin... opened:  9737 us, closed:   439 us, I/O: 101700 us, total: 116819 us, speed:    98 KB/s, CRC32: 0xC61C2AA0
Writing /test_258.bin... opened:  9794 us, closed:   442 us, I/O:  83817 us, total: 104978 us, speed:   119 KB/s, CRC32: 0xC61C2AA0
Writing /test_259.bin... opened: 15962 us, closed:   430 us, I/O:  99238 us, total: 120578 us, speed:   100 KB/s, CRC32: 0xC61C2AA0
Writing /test_260.bin... opened: 10000 us, closed:   400 us, I/O:  86934 us, total: 102257 us, speed:   115 KB/s, CRC32: 0xC61C2AA0
Writing /test_261.bin... opened: 10076 us, closed:   380 us, I/O:  85572 us, total: 100968 us, speed:   116 KB/s, CRC32: 0xC61C2AA0
Writing /test_262.bin... opened: 10123 us, closed:   381 us, I/O: 101353 us, total: 116796 us, speed:    98 KB/s, CRC32: 0xC61C2AA0
Writing /test_263.bin... opened: 10168 us, closed:   350 us, I/O: 101319 us, total: 116780 us, speed:    98 KB/s, CRC32: 0xC61C2AA0
Writing /test_264.bin... opened: 10233 us, closed:   328 us, I/O:  92601 us, total: 108112 us, speed:   107 KB/s, CRC32: 0xC61C2AA0
Writing /test_265.bin... opened: 10244 us, closed:   308 us, I/O:  88741 us, total: 104210 us, speed:   112 KB/s, CRC32: 0xC61C2AA0
Writing /test_266.bin... opened: 10220 us, closed: 499431 us, I/O:  84185 us, total: 598787 us, speed:   118 KB/s, CRC32: 0xC61C2AA0
Writing /test_267.bin... opened:  9069 us, closed:   463 us, I/O:  79407 us, total:  93895 us, speed:   125 KB/s, CRC32: 0xC61C2AA0
Writing /test_268.bin... opened:  9130 us, closed:   442 us, I/O:  85569 us, total: 100062 us, speed:   116 KB/s, CRC32: 0xC61C2AA0
Writing /test_269.bin... opened:  9345 us, closed:   435 us, I/O:  93629 us, total: 108324 us, speed:   106 KB/s, CRC32: 0xC61C2AA0
Writing /test_270.bin... opened:  9412 us, closed:   440 us, I/O:  79873 us, total:  94638 us, speed:   125 KB/s, CRC32: 0xC61C2AA0
Writing /test_271.bin... opened:  9447 us, closed:   439 us, I/O:  95409 us, total: 110219 us, speed:   104 KB/s, CRC32: 0xC61C2AA0
Writing /test_272.bin... opened:  9522 us, closed:   440 us, I/O:  79222 us, total:  94110 us, speed:   126 KB/s, CRC32: 0xC61C2AA0
Writing /test_273.bin... opened:  9620 us, closed:   443 us, I/O:  91786 us, total: 106751 us, speed:   108 KB/s, CRC32: 0xC61C2AA0
Writing /test_274.bin... opened:  9645 us, closed:   442 us, I/O:  86547 us, total: 101572 us, speed:   115 KB/s, CRC32: 0xC61C2AA0
Writing /test_275.bin... opened:  9710 us, closed:   443 us, I/O: 101809 us, total: 122862 us, speed:    98 KB/s, CRC32: 0xC61C2AA0
Writing /test_276.bin... opened:  9767 us, closed:   442 us, I/O:  84820 us, total:  99953 us, speed:   117 KB/s, CRC32: 0xC61C2AA0
Writing /test_277.bin... opened:  9963 us, closed:   425 us, I/O:  87399 us, total: 102698 us, speed:   114 KB/s, CRC32: 0xC61C2AA0
Writing /test_278.bin... opened:  9999 us, closed:   407 us, I/O:  90702 us, total: 106041 us, speed:   110 KB/s, CRC32: 0xC61C2AA0
Writing /test_279.bin... opened: 10029 us, closed:   382 us, I/O:  82831 us, total:  98191 us, speed:   120 KB/s, CRC32: 0xC61C2AA0
Writing /test_280.bin... opened: 10099 us, closed:   362 us, I/O: 101488 us, total: 116889 us, speed:    98 KB/s, CRC32: 0xC61C2AA0
Writing /test_281.bin... opened: 10133 us, closed:   347 us, I/O:  85200 us, total: 100606 us, speed:   117 KB/s, CRC32: 0xC61C2AA0
Writing /test_282.bin... opened: 10150 us, closed:   336 us, I/O:  84546 us, total: 100018 us, speed:   118 KB/s, CRC32: 0xC61C2AA0
Writing /test_283.bin... opened: 10230 us, closed:   312 us, I/O:  99742 us, total: 115235 us, speed:   100 KB/s, CRC32: 0xC61C2AA0
Writing /test_284.bin... opened: 10252 us, closed: 1510769 us, I/O:  93861 us, total: 1619781 us, speed:   106 KB/s, CRC32: 0xC61C2AA0
Writing /test_285.bin... opened: 10315 us, closed:   441 us, I/O:  84776 us, total: 100436 us, speed:   117 KB/s, CRC32: 0xC61C2AA0
Writing /test_286.bin... opened: 10367 us, closed:   445 us, I/O: 102250 us, total: 117982 us, speed:    97 KB/s, CRC32: 0xC61C2AA0
Writing /test_287.bin... opened: 16389 us, closed:   441 us, I/O:  91747 us, total: 113524 us, speed:   108 KB/s, CRC32: 0xC61C2AA0
Writing /test_288.bin... opened: 10501 us, closed:   443 us, I/O:  86229 us, total: 102102 us, speed:   115 KB/s, CRC32: 0xC61C2AA0
Writing /test_289.bin... opened: 10548 us, closed:   440 us, I/O:  89422 us, total: 105351 us, speed:   111 KB/s, CRC32: 0xC61C2AA0
Writing /test_290.bin... opened: 10579 us, closed:   441 us, I/O: 104766 us, total: 120704 us, speed:    95 KB/s, CRC32: 0xC61C2AA0
Writing /test_291.bin... opened: 10644 us, closed:   447 us, I/O:  81386 us, total:  97401 us, speed:   122 KB/s, CRC32: 0xC61C2AA0
Writing /test_292.bin... opened: 10872 us, closed:   441 us, I/O:  85179 us, total: 101432 us, speed:   117 KB/s, CRC32: 0xC61C2AA0
Writing /test_293.bin... opened: 10952 us, closed:   439 us, I/O:  95652 us, total: 111966 us, speed:   104 KB/s, CRC32: 0xC61C2AA0
Writing /test_294.bin... opened: 11012 us, closed:   442 us, I/O:  96039 us, total: 112424 us, speed:   104 KB/s, CRC32: 0xC61C2AA0
Writing /test_295.bin... opened: 11062 us, closed:   444 us, I/O:  91890 us, total: 108349 us, speed:   108 KB/s, CRC32: 0xC61C2AA0
Writing /test_296.bin... opened: 11121 us, closed:   442 us, I/O:  87870 us, total: 104360 us, speed:   113 KB/s, CRC32: 0xC61C2AA0
Writing /test_297.bin... opened: 11193 us, closed:   442 us, I/O: 102289 us, total: 118890 us, speed:    97 KB/s, CRC32: 0xC61C2AA0
Writing /test_298.bin... opened: 11224 us, closed:   441 us, I/O:  87314 us, total: 103876 us, speed:   114 KB/s, CRC32: 0xC61C2AA0
Writing /test_299.bin... opened: 11293 us, closed:   442 us, I/O:  97224 us, total: 113902 us, speed:   102 KB/s, CRC32: 0xC61C2AA0
Writing /test_300.bin... opened: 11505 us, closed:   441 us, I/O:  92523 us, total: 109416 us, speed:   108 KB/s, CRC32: 0xC61C2AA0
Writing /test_301.bin... opened: 11567 us, closed:   407 us, I/O: 100920 us, total: 117833 us, speed:    99 KB/s, CRC32: 0xC61C2AA0
Writing /test_302.bin... opened: 11630 us, closed:   383 us, I/O:  95505 us, total: 112460 us, speed:   104 KB/s, CRC32: 0xC61C2AA0
Writing /test_303.bin... opened: 11643 us, closed:   366 us, I/O:  84237 us, total: 101165 us, speed:   118 KB/s, CRC32: 0xC61C2AA0
Writing /test_304.bin... opened: 11667 us, closed:   366 us, I/O:  95212 us, total: 112183 us, speed:   105 KB/s, CRC32: 0xC61C2AA0
Writing /test_305.bin... opened: 11724 us, closed:   321 us, I/O:  99356 us, total: 116342 us, speed:   100 KB/s, CRC32: 0xC61C2AA0
Writing /test_306.bin... opened: 17687 us, closed:   312 us, I/O:  86167 us, total: 109113 us, speed:   116 KB/s, CRC32: 0xC61C2AA0
Writing /test_307.bin... opened: 11763 us, closed: 493389 us, I/O:  88929 us, total: 598976 us, speed:   112 KB/s, CRC32: 0xC61C2AA0
Writing /test_308.bin... opened: 10579 us, closed:   441 us, I/O:  96657 us, total: 112648 us, speed:   103 KB/s, CRC32: 0xC61C2AA0
Writing /test_309.bin... opened: 10630 us, closed:   445 us, I/O:  79328 us, total:  95375 us, speed:   126 KB/s, CRC32: 0xC61C2AA0
Writing /test_310.bin... opened: 10859 us, closed:   439 us, I/O:  81632 us, total:  97863 us, speed:   122 KB/s, CRC32: 0xC61C2AA0
Writing /test_311.bin... opened: 10913 us, closed:   440 us, I/O: 100424 us, total: 116718 us, speed:    99 KB/s, CRC32: 0xC61C2AA0
Writing /test_312.bin... opened: 10978 us, closed:   442 us, I/O:  84981 us, total: 101351 us, speed:   117 KB/s, CRC32: 0xC61C2AA0
Writing /test_313.bin... opened: 11019 us, closed:   442 us, I/O: 104529 us, total: 120969 us, speed:    95 KB/s, CRC32: 0xC61C2AA0
Writing /test_314.bin... opened: 11124 us, closed:   442 us, I/O:  85327 us, total: 101858 us, speed:   117 KB/s, CRC32: 0xC61C2AA0
Writing /test_315.bin... opened: 11208 us, closed:   439 us, I/O:  87173 us, total: 103733 us, speed:   114 KB/s, CRC32: 0xC61C2AA0
Writing /test_316.bin... opened: 11186 us, closed:   439 us, I/O:  87998 us, total: 104580 us, speed:   113 KB/s, CRC32: 0xC61C2AA0
Writing /test_317.bin... opened: 11261 us, closed:   441 us, I/O:  97151 us, total: 113780 us, speed:   102 KB/s, CRC32: 0xC61C2AA0
Writing /test_318.bin... opened: 11514 us, closed:   424 us, I/O:  81297 us, total: 104104 us, speed:   123 KB/s, CRC32: 0xC61C2AA0
Writing /test_319.bin... opened: 17495 us, closed:   403 us, I/O:  95026 us, total: 117851 us, speed:   105 KB/s, CRC32: 0xC61C2AA0
Writing /test_320.bin... opened: 11563 us, closed:   384 us, I/O:  92271 us, total: 109109 us, speed:   108 KB/s, CRC32: 0xC61C2AA0
Writing /test_321.bin... opened: 11609 us, closed:   362 us, I/O:  83101 us, total:  99970 us, speed:   120 KB/s, CRC32: 0xC61C2AA0
Writing /test_322.bin... opened: 11655 us, closed:   346 us, I/O:  99426 us, total: 116356 us, speed:   100 KB/s, CRC32: 0xC61C2AA0
Writing /test_323.bin... opened: 11718 us, closed:   328 us, I/O:  86210 us, total: 103198 us, speed:   115 KB/s, CRC32: 0xC61C2AA0
Writing /test_324.bin... opened: 11751 us, closed:   309 us, I/O:  82693 us, total:  99669 us, speed:   120 KB/s, CRC32: 0xC61C2AA0
Writing /test_325.bin... opened: 11747 us, closed: 1507022 us, I/O: 103949 us, total: 1627643 us, speed:    96 KB/s, CRC32: 0xC61C2AA0
Writing /test_326.bin... opened: 11827 us, closed:   443 us, I/O:  94312 us, total: 111520 us, speed:   106 KB/s, CRC32: 0xC61C2AA0
Writing /test_327.bin... opened: 11871 us, closed:   445 us, I/O:  86741 us, total: 103989 us, speed:   115 KB/s, CRC32: 0xC61C2AA0
Writing /test_328.bin... opened: 11940 us, closed:   461 us, I/O:  99990 us, total: 123265 us, speed:   100 KB/s, CRC32: 0xC61C2AA0
Writing /test_329.bin... opened: 11991 us, closed:   440 us, I/O:  86529 us, total: 103879 us, speed:   115 KB/s, CRC32: 0xC61C2AA0
Writing /test_330.bin... opened: 12049 us, closed:   464 us, I/O:  86250 us, total: 103713 us, speed:   115 KB/s, CRC32: 0xC61C2AA0
Writing /test_331.bin... opened: 12104 us, closed:   468 us, I/O:  94702 us, total: 112202 us, speed:   105 KB/s, CRC32: 0xC61C2AA0
Writing /test_332.bin... opened: 12181 us, closed:   464 us, I/O: 102579 us, total: 120141 us, speed:    97 KB/s, CRC32: 0xC61C2AA0
Writing /test_333.bin... opened: 12394 us, closed:   443 us, I/O:  88983 us, total: 106749 us, speed:   112 KB/s, CRC32: 0xC61C2AA0
Writing /test_334.bin... opened: 12462 us, closed:   440 us, I/O:  86085 us, total: 103893 us, speed:   116 KB/s, CRC32: 0xC61C2AA0
Writing /test_335.bin... opened: 12520 us, closed:   436 us, I/O:  96704 us, total: 114569 us, speed:   103 KB/s, CRC32: 0xC61C2AA0
Writing /test_336.bin... opened: 12578 us, closed:   445 us, I/O:  97085 us, total: 115032 us, speed:   103 KB/s, CRC32: 0xC61C2AA0
Writing /test_337.bin... opened: 18450 us, closed:   441 us, I/O:  88193 us, total: 112068 us, speed:   113 KB/s, CRC32: 0xC61C2AA0
Writing /test_338.bin... opened: 12683 us, closed:   440 us, I/O:  83817 us, total: 101889 us, speed:   119 KB/s, CRC32: 0xC61C2AA0
Writing /test_339.bin... opened: 12742 us, closed:   442 us, I/O: 103736 us, total: 121832 us, speed:    96 KB/s, CRC32: 0xC61C2AA0
Writing /test_340.bin... opened: 12812 us, closed:   441 us, I/O:  89122 us, total: 107299 us, speed:   112 KB/s, CRC32: 0xC61C2AA0
Writing /test_341.bin... opened: 13019 us, closed:   426 us, I/O:  99028 us, total: 117396 us, speed:   100 KB/s, CRC32: 0xC61C2AA0
Writing /test_342.bin... opened: 13081 us, closed:   406 us, I/O:  85446 us, total: 103936 us, speed:   117 KB/s, CRC32: 0xC61C2AA0
Writing /test_343.bin... opened: 13072 us, closed:   387 us, I/O: 101908 us, total: 120292 us, speed:    98 KB/s, CRC32: 0xC61C2AA0
Writing /test_344.bin... opened: 19017 us, closed:   379 us, I/O:  94582 us, total: 118891 us, speed:   105 KB/s, CRC32: 0xC61C2AA0
Writing /test_345.bin... opened: 13192 us, closed:   345 us, I/O:  84436 us, total: 102897 us, speed:   118 KB/s, CRC32: 0xC61C2AA0
Writing /test_346.bin... opened: 13215 us, closed:   318 us, I/O:  95065 us, total: 113537 us, speed:   105 KB/s, CRC32: 0xC61C2AA0
Writing /test_347.bin... opened: 13271 us, closed:   309 us, I/O: 106768 us, total: 125270 us, speed:    93 KB/s, CRC32: 0xC61C2AA0
Writing /test_348.bin... opened: 13234 us, closed: 490226 us, I/O:  86653 us, total: 595069 us, speed:   115 KB/s, CRC32: 0xC61C2AA0
Writing /test_349.bin... opened: 12073 us, closed:   439 us, I/O:  85304 us, total: 102727 us, speed:   117 KB/s, CRC32: 0xC61C2AA0
Writing /test_350.bin... opened: 12176 us, closed:   443 us, I/O:  98707 us, total: 116291 us, speed:   101 KB/s, CRC32: 0xC61C2AA0
Writing /test_351.bin... opened: 12339 us, closed:   438 us, I/O:  80572 us, total:  98258 us, speed:   124 KB/s, CRC32: 0xC61C2AA0
Writing /test_352.bin... opened: 12395 us, closed:   441 us, I/O:  80559 us, total:  98333 us, speed:   124 KB/s, CRC32: 0xC61C2AA0
Writing /test_353.bin... opened: 12476 us, closed:   444 us, I/O:  93804 us, total: 111654 us, speed:   106 KB/s, CRC32: 0xC61C2AA0
Writing /test_354.bin... opened: 12520 us, closed:   442 us, I/O:  79371 us, total:  97302 us, speed:   125 KB/s, CRC32: 0xC61C2AA0
Writing /test_355.bin... opened: 12572 us, closed:   441 us, I/O: 100670 us, total: 118640 us, speed:    99 KB/s, CRC32: 0xC61C2AA0
Writing /test_356.bin... opened: 18639 us, closed:   445 us, I/O:  79124 us, total: 103149 us, speed:   126 KB/s, CRC32: 0xC61C2AA0
Writing /test_357.bin... opened: 18722 us, closed:   459 us, I/O:  89715 us, total: 113816 us, speed:   111 KB/s, CRC32: 0xC61C2AA0
Writing /test_358.bin... opened: 12792 us, closed:   439 us, I/O:  86561 us, total: 104712 us, speed:   115 KB/s, CRC32: 0xC61C2AA0
Writing /test_359.bin... opened: 13004 us, closed:   419 us, I/O:  96175 us, total: 114548 us, speed:   103 KB/s, CRC32: 0xC61C2AA0
Writing /test_360.bin... opened: 13034 us, closed:   404 us, I/O:  85536 us, total: 103936 us, speed:   116 KB/s, CRC32: 0xC61C2AA0
Writing /test_361.bin... opened: 13070 us, closed:   381 us, I/O:  88465 us, total: 106877 us, speed:   113 KB/s, CRC32: 0xC61C2AA0
Writing /test_362.bin... opened: 13146 us, closed:   364 us, I/O:  92293 us, total: 110737 us, speed:   108 KB/s, CRC32: 0xC61C2AA0
Writing /test_363.bin... opened: 13191 us, closed:   342 us, I/O:  90881 us, total: 109353 us, speed:   110 KB/s, CRC32: 0xC61C2AA0
Writing /test_364.bin... opened: 13174 us, closed:   344 us, I/O:  95110 us, total: 113562 us, speed:   105 KB/s, CRC32: 0xC61C2AA0
Writing /test_365.bin... opened: 13230 us, closed:   305 us, I/O:  84524 us, total: 108970 us, speed:   118 KB/s, CRC32: 0xC61C2AA0
Writing /test_366.bin... opened: 19221 us, closed: 1514786 us, I/O:  82065 us, total: 1621012 us, speed:   121 KB/s, CRC32: 0xC61C2AA0
Writing /test_367.bin... opened: 13322 us, closed:   442 us, I/O:  85074 us, total: 103736 us, speed:   117 KB/s, CRC32: 0xC61C2AA0
Writing /test_368.bin... opened: 13386 us, closed:   443 us, I/O: 101243 us, total: 120004 us, speed:    98 KB/s, CRC32: 0xC61C2AA0
Writing /test_369.bin... opened: 13448 us, closed:   443 us, I/O:  85657 us, total: 104507 us, speed:   116 KB/s, CRC32: 0xC61C2AA0
Writing /test_370.bin... opened: 13486 us, closed:   447 us, I/O: 101393 us, total: 120269 us, speed:    98 KB/s, CRC32: 0xC61C2AA0
Writing /test_371.bin... opened: 13537 us, closed:   441 us, I/O:  85995 us, total: 104927 us, speed:   116 KB/s, CRC32: 0xC61C2AA0
Writing /test_372.bin... opened: 13639 us, closed:   442 us, I/O:  85378 us, total: 104401 us, speed:   117 KB/s, CRC32: 0xC61C2AA0
Writing /test_373.bin... opened: 13646 us, closed:   442 us, I/O:  86944 us, total: 105966 us, speed:   115 KB/s, CRC32: 0xC61C2AA0
Writing /test_374.bin... opened: 13903 us, closed:   441 us, I/O: 100298 us, total: 125544 us, speed:    99 KB/s, CRC32: 0xC61C2AA0
Writing /test_375.bin... opened: 13965 us, closed:   446 us, I/O:  81702 us, total: 101055 us, speed:   122 KB/s, CRC32: 0xC61C2AA0
Writing /test_376.bin... opened: 14028 us, closed:   444 us, I/O:  85928 us, total: 105308 us, speed:   116 KB/s, CRC32: 0xC61C2AA0
Writing /test_377.bin... opened: 14083 us, closed:   439 us, I/O: 100901 us, total: 120340 us, speed:    99 KB/s, CRC32: 0xC61C2AA0
Writing /test_378.bin... opened: 14129 us, closed:   444 us, I/O:  97968 us, total: 117472 us, speed:   102 KB/s, CRC32: 0xC61C2AA0
Writing /test_379.bin... opened: 14211 us, closed:   440 us, I/O:  96273 us, total: 115860 us, speed:   103 KB/s, CRC32: 0xC61C2AA0
Writing /test_380.bin... opened: 14274 us, closed:   443 us, I/O:  84080 us, total: 103718 us, speed:   118 KB/s, CRC32: 0xC61C2AA0
Writing /test_381.bin... opened: 14310 us, closed:   446 us, I/O: 101745 us, total: 121455 us, speed:    98 KB/s, CRC32: 0xC61C2AA0
Writing /test_382.bin... opened: 14536 us, closed:   427 us, I/O:  87168 us, total: 107048 us, speed:   114 KB/s, CRC32: 0xC61C2AA0
Writing /test_383.bin... opened: 14583 us, closed:   407 us, I/O: 107950 us, total: 127926 us, speed:    92 KB/s, CRC32: 0xC61C2AA0
Writing /test_384.bin... opened: 14641 us, closed:   381 us, I/O:  83879 us, total: 103839 us, speed:   119 KB/s, CRC32: 0xC61C2AA0
Writing /test_385.bin... opened: 14635 us, closed:   361 us, I/O: 103210 us, total: 123188 us, speed:    96 KB/s, CRC32: 0xC61C2AA0
Writing /test_386.bin... opened: 14674 us, closed:   344 us, I/O:  87872 us, total: 107797 us, speed:   113 KB/s, CRC32: 0xC61C2AA0
Writing /test_387.bin... opened: 14772 us, closed:   327 us, I/O:  84822 us, total: 104853 us, speed:   117 KB/s, CRC32: 0xC61C2AA0
Writing /test_388.bin... opened: 20749 us, closed:   311 us, I/O:  97354 us, total: 123350 us, speed:   102 KB/s, CRC32: 0xC61C2AA0
Writing /test_389.bin... opened: 14760 us, closed: 492182 us, I/O:  99201 us, total: 611095 us, speed:   100 KB/s, CRC32: 0xC61C2AA0
Writing /test_390.bin... opened: 13624 us, closed:   437 us, I/O:  91482 us, total: 110477 us, speed:   109 KB/s, CRC32: 0xC61C2AA0
Writing /test_391.bin... opened: 13670 us, closed:   459 us, I/O:  87127 us, total: 106203 us, speed:   114 KB/s, CRC32: 0xC61C2AA0
Writing /test_392.bin... opened: 13900 us, closed:   441 us, I/O: 105211 us, total: 124445 us, speed:    95 KB/s, CRC32: 0xC61C2AA0
Writing /test_393.bin... opened: 13943 us, closed:   446 us, I/O:  79991 us, total:  99330 us, speed:   125 KB/s, CRC32: 0xC61C2AA0
Writing /test_394.bin... opened: 13984 us, closed:   445 us, I/O:  80275 us, total:  99645 us, speed:   124 KB/s, CRC32: 0xC61C2AA0
Writing /test_395.bin... opened: 14032 us, closed:   442 us, I/O:  92673 us, total: 112077 us, speed:   107 KB/s, CRC32: 0xC61C2AA0
Writing /test_396.bin... opened: 14109 us, closed:   441 us, I/O:  79870 us, total:  99336 us, speed:   125 KB/s, CRC32: 0xC61C2AA0
Writing /test_397.bin... opened: 14173 us, closed:   467 us, I/O: 101227 us, total: 120813 us, speed:    98 KB/s, CRC32: 0xC61C2AA0
Writing /test_398.bin... opened: 14204 us, closed:   439 us, I/O:  83584 us, total: 103149 us, speed:   119 KB/s, CRC32: 0xC61C2AA0
Writing /test_399.bin... opened: 14296 us, closed:   453 us, I/O:  86866 us, total: 106537 us, speed:   115 KB/s, CRC32: 0xC61C2AA0
Writing /test_400.bin... opened: 14482 us, closed:   426 us, I/O:  86303 us, total: 106163 us, speed:   115 KB/s, CRC32: 0xC61C2AA0
Writing /test_401.bin... opened: 14550 us, closed:   408 us, I/O:  95201 us, total: 115092 us, speed:   105 KB/s, CRC32: 0xC61C2AA0
Writing /test_402.bin... opened: 14620 us, closed:   390 us, I/O:  81553 us, total: 101465 us, speed:   122 KB/s, CRC32: 0xC61C2AA0
Writing /test_403.bin... opened: 14599 us, closed:   366 us, I/O:  88754 us, total: 108670 us, speed:   112 KB/s, CRC32: 0xC61C2AA0
Writing /test_404.bin... opened: 14693 us, closed:   347 us, I/O:  91990 us, total: 111972 us, speed:   108 KB/s, CRC32: 0xC61C2AA0
Writing /test_405.bin... opened: 14713 us, closed:   326 us, I/O:  82891 us, total: 102894 us, speed:   120 KB/s, CRC32: 0xC61C2AA0
Writing /test_406.bin... opened: 14771 us, closed:   308 us, I/O:  92522 us, total: 112573 us, speed:   108 KB/s, CRC32: 0xC61C2AA0
Writing /test_407.bin... opened: 14734 us, closed: 1506693 us, I/O:  84694 us, total: 1617016 us, speed:   118 KB/s, CRC32: 0xC61C2AA0
Writing /test_408.bin... opened: 20806 us, closed:   439 us, I/O:  95003 us, total: 121198 us, speed:   105 KB/s, CRC32: 0xC61C2AA0
Writing /test_409.bin... opened: 14900 us, closed:   435 us, I/O:  82807 us, total: 103080 us, speed:   120 KB/s, CRC32: 0xC61C2AA0
Writing /test_410.bin... opened: 14957 us, closed:   438 us, I/O:  95654 us, total: 115988 us, speed:   104 KB/s, CRC32: 0xC61C2AA0
Writing /test_411.bin... opened: 15018 us, closed:   442 us, I/O:  85654 us, total: 106103 us, speed:   116 KB/s, CRC32: 0xC61C2AA0
Writing /test_412.bin... opened: 15114 us, closed:   440 us, I/O:  97525 us, total: 117999 us, speed:   102 KB/s, CRC32: 0xC61C2AA0
Writing /test_413.bin... opened: 15135 us, closed:   441 us, I/O:  85812 us, total: 106317 us, speed:   116 KB/s, CRC32: 0xC61C2AA0
Writing /test_414.bin... opened: 15174 us, closed:   441 us, I/O:  84741 us, total: 105310 us, speed:   118 KB/s, CRC32: 0xC61C2AA0
Writing /test_415.bin... opened: 15395 us, closed:   439 us, I/O:  89758 us, total: 116515 us, speed:   111 KB/s, CRC32: 0xC61C2AA0
Writing /test_416.bin... opened: 21458 us, closed:   438 us, I/O: 101155 us, total: 127998 us, speed:    98 KB/s, CRC32: 0xC61C2AA0
Writing /test_417.bin... opened: 15554 us, closed:   443 us, I/O:  88723 us, total: 109642 us, speed:   112 KB/s, CRC32: 0xC61C2AA0
Writing /test_418.bin... opened: 15612 us, closed:   444 us, I/O:  86212 us, total: 107191 us, speed:   115 KB/s, CRC32: 0xC61C2AA0
Writing /test_419.bin... opened: 15643 us, closed:   446 us, I/O: 100967 us, total: 121980 us, speed:    99 KB/s, CRC32: 0xC61C2AA0
Writing /test_420.bin... opened: 15725 us, closed:   445 us, I/O:  98158 us, total: 119276 us, speed:   101 KB/s, CRC32: 0xC61C2AA0
Writing /test_421.bin... opened: 21724 us, closed:   450 us, I/O:  94279 us, total: 121385 us, speed:   106 KB/s, CRC32: 0xC61C2AA0
Writing /test_422.bin... opened: 15821 us, closed:   447 us, I/O:  85077 us, total: 106280 us, speed:   117 KB/s, CRC32: 0xC61C2AA0
Writing /test_423.bin... opened: 16006 us, closed:   440 us, I/O:  99738 us, total: 121108 us, speed:   100 KB/s, CRC32: 0xC61C2AA0
Writing /test_424.bin... opened: 16073 us, closed:   408 us, I/O:  87094 us, total: 108474 us, speed:   114 KB/s, CRC32: 0xC61C2AA0
Writing /test_425.bin... opened: 16163 us, closed:   386 us, I/O: 102007 us, total: 123506 us, speed:    98 KB/s, CRC32: 0xC61C2AA0
Writing /test_426.bin... opened: 16161 us, closed:   365 us, I/O:  83515 us, total: 104987 us, speed:   119 KB/s, CRC32: 0xC61C2AA0
Writing /test_427.bin... opened: 16228 us, closed:   346 us, I/O: 100017 us, total: 121482 us, speed:    99 KB/s, CRC32: 0xC61C2AA0
Writing /test_428.bin... opened: 16238 us, closed:   329 us, I/O:  89272 us, total: 110742 us, speed:   112 KB/s, CRC32: 0xC61C2AA0
Writing /test_429.bin... opened: 16303 us, closed:   304 us, I/O:  84987 us, total: 106510 us, speed:   117 KB/s, CRC32: 0xC61C2AA0
Writing /test_430.bin... opened: 16293 us, closed: 494728 us, I/O:  94855 us, total: 610806 us, speed:   105 KB/s, CRC32: 0xC61C2AA0
Writing /test_431.bin... opened: 15116 us, closed:   446 us, I/O:  94103 us, total: 114642 us, speed:   106 KB/s, CRC32: 0xC61C2AA0
Writing /test_432.bin... opened: 15186 us, closed:   467 us, I/O:  94552 us, total: 115154 us, speed:   105 KB/s, CRC32: 0xC61C2AA0
Writing /test_433.bin... opened: 15409 us, closed:   439 us, I/O:  85854 us, total: 106635 us, speed:   116 KB/s, CRC32: 0xC61C2AA0
Writing /test_434.bin... opened: 15405 us, closed:   445 us, I/O:  96586 us, total: 117381 us, speed:   103 KB/s, CRC32: 0xC61C2AA0
Writing /test_435.bin... opened: 21476 us, closed:   440 us, I/O:  79276 us, total: 106154 us, speed:   126 KB/s, CRC32: 0xC61C2AA0
Writing /test_436.bin... opened: 15536 us, closed:   447 us, I/O:  81665 us, total: 102598 us, speed:   122 KB/s, CRC32: 0xC61C2AA0
Writing /test_437.bin... opened: 15615 us, closed:   440 us, I/O:  92139 us, total: 113143 us, speed:   108 KB/s, CRC32: 0xC61C2AA0
Writing /test_438.bin... opened: 15693 us, closed:   442 us, I/O:  79766 us, total: 100807 us, speed:   125 KB/s, CRC32: 0xC61C2AA0
Writing /test_439.bin... opened: 15721 us, closed:   435 us, I/O: 102431 us, total: 123497 us, speed:    97 KB/s, CRC32: 0xC61C2AA0
Writing /test_440.bin... opened: 15838 us, closed:   445 us, I/O:  79512 us, total: 100760 us, speed:   125 KB/s, CRC32: 0xC61C2AA0
Writing /test_441.bin... opened: 16044 us, closed:   448 us, I/O:  91269 us, total: 112721 us, speed:   109 KB/s, CRC32: 0xC61C2AA0
Writing /test_442.bin... opened: 16055 us, closed:   401 us, I/O:  85507 us, total: 106899 us, speed:   116 KB/s, CRC32: 0xC61C2AA0
Writing /test_443.bin... opened: 16113 us, closed:   384 us, I/O:  95711 us, total: 117126 us, speed:   104 KB/s, CRC32: 0xC61C2AA0
Writing /test_444.bin... opened: 21975 us, closed:   362 us, I/O:  79401 us, total: 106684 us, speed:   125 KB/s, CRC32: 0xC61C2AA0
Writing /test_445.bin... opened: 22168 us, closed:   347 us, I/O:  87493 us, total: 114971 us, speed:   114 KB/s, CRC32: 0xC61C2AA0
Writing /test_446.bin... opened: 16245 us, closed:   333 us, I/O:  98103 us, total: 119571 us, speed:   101 KB/s, CRC32: 0xC61C2AA0
Writing /test_447.bin... opened: 16295 us, closed:   305 us, I/O:  84216 us, total: 105734 us, speed:   118 KB/s, CRC32: 0xC61C2AA0
Writing /test_448.bin... opened: 16261 us, closed: 1513673 us, I/O:  96802 us, total: 1631702 us, speed:   103 KB/s, CRC32: 0xC61C2AA0
Writing /test_449.bin... opened: 16333 us, closed:   436 us, I/O:  81033 us, total: 102768 us, speed:   123 KB/s, CRC32: 0xC61C2AA0
Writing /test_450.bin... opened: 16393 us, closed:   447 us, I/O:  96058 us, total: 117835 us, speed:   104 KB/s, CRC32: 0xC61C2AA0
Writing /test_451.bin... opened: 22426 us, closed:   438 us, I/O:  86439 us, total: 114218 us, speed:   115 KB/s, CRC32: 0xC61C2AA0
Writing /test_452.bin... opened: 16512 us, closed:   441 us, I/O: 104724 us, total: 126634 us, speed:    95 KB/s, CRC32: 0xC61C2AA0
Writing /test_453.bin... opened: 16573 us, closed:   440 us, I/O:  86578 us, total: 108587 us, speed:   115 KB/s, CRC32: 0xC61C2AA0
Writing /test_454.bin... opened: 16682 us, closed:   439 us, I/O: 101697 us, total: 123785 us, speed:    98 KB/s, CRC32: 0xC61C2AA0
Writing /test_455.bin... opened: 16717 us, closed:   441 us, I/O:  85927 us, total: 108016 us, speed:   116 KB/s, CRC32: 0xC61C2AA0
Writing /test_456.bin... opened: 16902 us, closed:   442 us, I/O:  85865 us, total: 114094 us, speed:   116 KB/s, CRC32: 0xC61C2AA0
Writing /test_457.bin... opened: 22830 us, closed:   441 us, I/O:  88480 us, total: 116663 us, speed:   113 KB/s, CRC32: 0xC61C2AA0
Writing /test_458.bin... opened: 17067 us, closed:   440 us, I/O: 104800 us, total: 127243 us, speed:    95 KB/s, CRC32: 0xC61C2AA0
Writing /test_459.bin... opened: 17130 us, closed:   442 us, I/O:  81991 us, total: 104512 us, speed:   121 KB/s, CRC32: 0xC61C2AA0
Writing /test_460.bin... opened: 17183 us, closed:   441 us, I/O:  85295 us, total: 107835 us, speed:   117 KB/s, CRC32: 0xC61C2AA0
Writing /test_461.bin... opened: 17286 us, closed:   442 us, I/O:  97259 us, total: 119908 us, speed:   102 KB/s, CRC32: 0xC61C2AA0
Writing /test_462.bin... opened: 17315 us, closed:   446 us, I/O:  97777 us, total: 120454 us, speed:   102 KB/s, CRC32: 0xC61C2AA0
Writing /test_463.bin... opened: 23282 us, closed:   439 us, I/O:  89634 us, total: 118285 us, speed:   111 KB/s, CRC32: 0xC61C2AA0
Writing /test_464.bin... opened: 17554 us, closed:   426 us, I/O:  84802 us, total: 107706 us, speed:   117 KB/s, CRC32: 0xC61C2AA0
Writing /test_465.bin... opened: 17616 us, closed:   407 us, I/O: 102229 us, total: 125152 us, speed:    97 KB/s, CRC32: 0xC61C2AA0
Writing /test_466.bin... opened: 17622 us, closed:   389 us, I/O:  92706 us, total: 115643 us, speed:   107 KB/s, CRC32: 0xC61C2AA0
Writing /test_467.bin... opened: 17683 us, closed:   366 us, I/O:  98318 us, total: 121299 us, speed:   101 KB/s, CRC32: 0xC61C2AA0
Writing /test_468.bin... opened: 23653 us, closed:   347 us, I/O:  89579 us, total: 118528 us, speed:   111 KB/s, CRC32: 0xC61C2AA0
Writing /test_469.bin... opened: 17751 us, closed:   331 us, I/O: 100724 us, total: 123768 us, speed:    99 KB/s, CRC32: 0xC61C2AA0
Writing /test_470.bin... opened: 17818 us, closed:   307 us, I/O:  87590 us, total: 110619 us, speed:   114 KB/s, CRC32: 0xC61C2AA0
Writing /test_471.bin... opened: 17815 us, closed: 491666 us, I/O:  84836 us, total: 599247 us, speed:   117 KB/s, CRC32: 0xC61C2AA0
Writing /test_472.bin... opened: 16650 us, closed:   446 us, I/O: 109007 us, total: 131022 us, speed:    91 KB/s, CRC32: 0xC61C2AA0
Writing /test_473.bin... opened: 16661 us, closed:   439 us, I/O:  97788 us, total: 119817 us, speed:   102 KB/s, CRC32: 0xC61C2AA0
Writing /test_474.bin... opened: 22853 us, closed:   442 us, I/O:  89068 us, total: 117300 us, speed:   112 KB/s, CRC32: 0xC61C2AA0
Writing /test_475.bin... opened: 16978 us, closed:   444 us, I/O:  86397 us, total: 108748 us, speed:   115 KB/s, CRC32: 0xC61C2AA0
Writing /test_476.bin... opened: 17045 us, closed:   446 us, I/O:  99824 us, total: 122232 us, speed:   100 KB/s, CRC32: 0xC61C2AA0
Writing /test_477.bin... opened: 17100 us, closed:   442 us, I/O:  81454 us, total: 103924 us, speed:   122 KB/s, CRC32: 0xC61C2AA0
Writing /test_478.bin... opened: 17177 us, closed:   446 us, I/O:  85969 us, total: 108543 us, speed:   116 KB/s, CRC32: 0xC61C2AA0
Writing /test_479.bin... opened: 17180 us, closed:   441 us, I/O:  94236 us, total: 116808 us, speed:   106 KB/s, CRC32: 0xC61C2AA0
Writing /test_480.bin... opened: 17289 us, closed:   443 us, I/O:  79835 us, total: 102477 us, speed:   125 KB/s, CRC32: 0xC61C2AA0
Writing /test_481.bin... opened: 17324 us, closed:   441 us, I/O:  99673 us, total: 128342 us, speed:   100 KB/s, CRC32: 0xC61C2AA0
Writing /test_482.bin... opened: 17522 us, closed:   426 us, I/O:  79685 us, total: 102565 us, speed:   125 KB/s, CRC32: 0xC61C2AA0
Writing /test_483.bin... opened: 17562 us, closed:   409 us, I/O:  87828 us, total: 110758 us, speed:   113 KB/s, CRC32: 0xC61C2AA0
Writing /test_484.bin... opened: 17625 us, closed:   386 us, I/O:  90352 us, total: 113275 us, speed:   110 KB/s, CRC32: 0xC61C2AA0
Writing /test_485.bin... opened: 17674 us, closed:   362 us, I/O: 102300 us, total: 125284 us, speed:    97 KB/s, CRC32: 0xC61C2AA0
Writing /test_486.bin... opened: 17696 us, closed:   345 us, I/O:  79358 us, total: 102316 us, speed:   126 KB/s, CRC32: 0xC61C2AA0
Writing /test_487.bin... opened: 17730 us, closed:   325 us, I/O:  87989 us, total: 110953 us, speed:   113 KB/s, CRC32: 0xC61C2AA0
Writing /test_488.bin... opened: 17814 us, closed:   302 us, I/O:  91175 us, total: 120169 us, speed:   109 KB/s, CRC32: 0xC61C2AA0
Writing /test_489.bin... opened: 17734 us, closed: 1494823 us, I/O:  82634 us, total: 1600157 us, speed:   121 KB/s, CRC32: 0xC61C2AA0
Writing /test_490.bin... opened: 17860 us, closed:   439 us, I/O:  98158 us, total: 121365 us, speed:   101 KB/s, CRC32: 0xC61C2AA0
Writing /test_491.bin... opened: 17929 us, closed:   437 us, I/O:  83521 us, total: 106841 us, speed:   119 KB/s, CRC32: 0xC61C2AA0
Writing /test_492.bin... opened: 17990 us, closed:   439 us, I/O:  96359 us, total: 119693 us, speed:   103 KB/s, CRC32: 0xC61C2AA0
Writing /test_493.bin... opened: 18087 us, closed:   439 us, I/O:  86594 us, total: 110058 us, speed:   115 KB/s, CRC32: 0xC61C2AA0
Writing /test_494.bin... opened: 18077 us, closed:   444 us, I/O:  99313 us, total: 122746 us, speed:   100 KB/s, CRC32: 0xC61C2AA0
Writing /test_495.bin... opened: 24018 us, closed:   444 us, I/O:  87749 us, total: 117162 us, speed:   113 KB/s, CRC32: 0xC61C2AA0
Writing /test_496.bin... opened: 18191 us, closed:   443 us, I/O: 102783 us, total: 126329 us, speed:    97 KB/s, CRC32: 0xC61C2AA0
Writing /test_497.bin... opened: 18437 us, closed:   458 us, I/O:  88442 us, total: 112291 us, speed:   113 KB/s, CRC32: 0xC61C2AA0
Writing /test_498.bin... opened: 18528 us, closed:   440 us, I/O:  94497 us, total: 118392 us, speed:   105 KB/s, CRC32: 0xC61C2AA0
Writing /test_499.bin... opened: 18544 us, closed:   440 us, I/O:  88873 us, total: 112797 us, speed:   112 KB/s, CRC32: 0xC61C2AA0
Writing /test_500.bin... opened: 24598 us, closed:   436 us, I/O: 100816 us, total: 130797 us, speed:    99 KB/s, CRC32: 0xC61C2AA0
Writing /test_501.bin... opened: 18695 us, closed:   438 us, I/O:  83578 us, total: 107664 us, speed:   119 KB/s, CRC32: 0xC61C2AA0
Writing /test_502.bin... opened: 18747 us, closed:   443 us, I/O:  92157 us, total: 116293 us, speed:   108 KB/s, CRC32: 0xC61C2AA0
Writing /test_503.bin... opened: 18825 us, closed:   441 us, I/O: 104736 us, total: 128917 us, speed:    95 KB/s, CRC32: 0xC61C2AA0
Writing /test_504.bin... opened: 18851 us, closed:   441 us, I/O:  97963 us, total: 122159 us, speed:   102 KB/s, CRC32: 0xC61C2AA0
Writing /test_505.bin... opened: 25052 us, closed:   427 us, I/O:  87661 us, total: 118051 us, speed:   114 KB/s, CRC32: 0xC61C2AA0
Writing /test_506.bin... opened: 19035 us, closed:   400 us, I/O:  84367 us, total: 108721 us, speed:   118 KB/s, CRC32: 0xC61C2AA0
Writing /test_507.bin... opened: 19175 us, closed:   383 us, I/O:  96089 us, total: 120529 us, speed:   104 KB/s, CRC32: 0xC61C2AA0
Writing /test_508.bin... opened: 19197 us, closed:   362 us, I/O:  87771 us, total: 112248 us, speed:   113 KB/s, CRC32: 0xC61C2AA0
Writing /test_509.bin... opened: 19276 us, closed:   351 us, I/O:  95814 us, total: 120377 us, speed:   104 KB/s, CRC32: 0xC61C2AA0
Writing /test_510.bin... opened: 19244 us, closed:   329 us, I/O:  83759 us, total: 114232 us, speed:   119 KB/s, CRC32: 0xC61C2AA0
Writing /test_511.bin... opened: 25249 us, closed:   307 us, I/O: 104531 us, total: 134999 us, speed:    95 KB/s, CRC32: 0xC61C2AA0
Writing /test_512.bin... opened: 19295 us, closed: 490249 us, I/O:  88586 us, total: 603126 us, speed:   112 KB/s, CRC32: 0xC61C2AA0
Writing /test_513.bin... opened: 18123 us, closed:   441 us, I/O:  88652 us, total: 112176 us, speed:   112 KB/s, CRC32: 0xC61C2AA0
Writing /test_514.bin... opened: 18195 us, closed:   445 us, I/O: 101795 us, total: 125369 us, speed:    98 KB/s, CRC32: 0xC61C2AA0
Writing /test_515.bin... opened: 18385 us, closed:   438 us, I/O:  98270 us, total: 122010 us, speed:   101 KB/s, CRC32: 0xC61C2AA0
Writing /test_516.bin... opened: 24470 us, closed:   442 us, I/O:  87520 us, total: 117387 us, speed:   114 KB/s, CRC32: 0xC61C2AA0
Writing /test_517.bin... opened: 18515 us, closed:   440 us, I/O:  84347 us, total: 108265 us, speed:   118 KB/s, CRC32: 0xC61C2AA0
Writing /test_518.bin... opened: 18570 us, closed:   442 us, I/O:  96507 us, total: 120463 us, speed:   103 KB/s, CRC32: 0xC61C2AA0
Writing /test_519.bin... opened: 18683 us, closed:   446 us, I/O:  79282 us, total: 103349 us, speed:   126 KB/s, CRC32: 0xC61C2AA0
Writing /test_520.bin... opened: 18709 us, closed:   443 us, I/O:  82390 us, total: 106506 us, speed:   121 KB/s, CRC32: 0xC61C2AA0
Writing /test_521.bin... opened: 18830 us, closed:   442 us, I/O:  93403 us, total: 117586 us, speed:   107 KB/s, CRC32: 0xC61C2AA0
Writing /test_522.bin... opened: 18872 us, closed:   443 us, I/O:  82584 us, total: 106828 us, speed:   121 KB/s, CRC32: 0xC61C2AA0
Writing /test_523.bin... opened: 19054 us, closed:   425 us, I/O: 100585 us, total: 130945 us, speed:    99 KB/s, CRC32: 0xC61C2AA0
Writing /test_524.bin... opened: 19070 us, closed:   403 us, I/O:  79521 us, total: 103984 us, speed:   125 KB/s, CRC32: 0xC61C2AA0
Writing /test_525.bin... opened: 19150 us, closed:   387 us, I/O:  96094 us, total: 120573 us, speed:   104 KB/s, CRC32: 0xC61C2AA0
Writing /test_526.bin... opened: 19156 us, closed:   367 us, I/O:  86848 us, total: 111307 us, speed:   115 KB/s, CRC32: 0xC61C2AA0
Writing /test_527.bin... opened: 19189 us, closed:   351 us, I/O:  94560 us, total: 119075 us, speed:   105 KB/s, CRC32: 0xC61C2AA0
Writing /test_528.bin... opened: 19243 us, closed:   330 us, I/O:  79392 us, total: 103911 us, speed:   125 KB/s, CRC32: 0xC61C2AA0
Writing /test_529.bin... opened: 19287 us, closed:   308 us, I/O:  88849 us, total: 113370 us, speed:   112 KB/s, CRC32: 0xC61C2AA0
Writing /test_530.bin... opened: 25248 us, closed: 1496234 us, I/O:  93236 us, total: 1619708 us, speed:   107 KB/s, CRC32: 0xC61C2AA0
Writing /test_531.bin... opened: 19335 us, closed:   442 us, I/O:  83176 us, total: 107886 us, speed:   120 KB/s, CRC32: 0xC61C2AA0
Writing /test_532.bin... opened: 19441 us, closed:   446 us, I/O: 100905 us, total: 125718 us, speed:    99 KB/s, CRC32: 0xC61C2AA0
Writing /test_533.bin... opened: 19487 us, closed:   445 us, I/O:  80888 us, total: 105748 us, speed:   123 KB/s, CRC32: 0xC61C2AA0
Writing /test_534.bin... opened: 19589 us, closed:   441 us, I/O: 103920 us, total: 128899 us, speed:    96 KB/s, CRC32: 0xC61C2AA0
Writing /test_535.bin... opened: 19561 us, closed:   441 us, I/O:  83189 us, total: 114110 us, speed:   120 KB/s, CRC32: 0xC61C2AA0
Writing /test_536.bin... opened: 25631 us, closed:   442 us, I/O:  97280 us, total: 128279 us, speed:   102 KB/s, CRC32: 0xC61C2AA0
Writing /test_537.bin... opened: 19702 us, closed:   442 us, I/O:  88862 us, total: 113947 us, speed:   112 KB/s, CRC32: 0xC61C2AA0
Writing /test_538.bin... opened: 19972 us, closed:   445 us, I/O:  98933 us, total: 124293 us, speed:   101 KB/s, CRC32: 0xC61C2AA0
Writing /test_539.bin... opened: 20053 us, closed:   441 us, I/O:  85965 us, total: 111382 us, speed:   116 KB/s, CRC32: 0xC61C2AA0
Writing /test_540.bin... opened: 20100 us, closed:   446 us, I/O:  85863 us, total: 111345 us, speed:   116 KB/s, CRC32: 0xC61C2AA0
Writing /test_541.bin... opened: 26048 us, closed:   441 us, I/O:  91253 us, total: 122684 us, speed:   109 KB/s, CRC32: 0xC61C2AA0
Writing /test_542.bin... opened: 20173 us, closed:   442 us, I/O: 105000 us, total: 130542 us, speed:    95 KB/s, CRC32: 0xC61C2AA0
Writing /test_543.bin... opened: 20260 us, closed:   439 us, I/O:  80654 us, total: 106264 us, speed:   123 KB/s, CRC32: 0xC61C2AA0
Writing /test_544.bin... opened: 20312 us, closed:   445 us, I/O:  90413 us, total: 116102 us, speed:   110 KB/s, CRC32: 0xC61C2AA0
Writing /test_545.bin... opened: 20385 us, closed:   446 us, I/O:  95559 us, total: 121342 us, speed:   104 KB/s, CRC32: 0xC61C2AA0
Writing /test_546.bin... opened: 26423 us, closed:   424 us, I/O:  95197 us, total: 126973 us, speed:   105 KB/s, CRC32: 0xC61C2AA0
Writing /test_547.bin... opened: 20583 us, closed:   407 us, I/O:  86707 us, total: 112633 us, speed:   115 KB/s, CRC32: 0xC61C2AA0
Writing /test_548.bin... opened: 20629 us, closed:   389 us, I/O:  83664 us, total: 109658 us, speed:   119 KB/s, CRC32: 0xC61C2AA0
Writing /test_549.bin... opened: 20699 us, closed:   366 us, I/O: 102524 us, total: 128519 us, speed:    97 KB/s, CRC32: 0xC61C2AA0
Writing /test_550.bin... opened: 20779 us, closed:   346 us, I/O:  86752 us, total: 112807 us, speed:   115 KB/s, CRC32: 0xC61C2AA0
Writing /test_551.bin... opened: 26772 us, closed:   331 us, I/O:  96329 us, total: 128372 us, speed:   103 KB/s, CRC32: 0xC61C2AA0
Writing /test_552.bin... opened: 20825 us, closed:   309 us, I/O:  83568 us, total: 109644 us, speed:   119 KB/s, CRC32: 0xC61C2AA0
Writing /test_553.bin... opened: 20845 us, closed: 490190 us, I/O: 105295 us, total: 621257 us, speed:    94 KB/s, CRC32: 0xC61C2AA0
Writing /test_554.bin... opened: 19689 us, closed:   442 us, I/O:  87036 us, total: 112085 us, speed:   114 KB/s, CRC32: 0xC61C2AA0
Writing /test_555.bin... opened: 19757 us, closed:   443 us, I/O:  88506 us, total: 113649 us, speed:   112 KB/s, CRC32: 0xC61C2AA0
Writing /test_556.bin... opened: 19944 us, closed:   450 us, I/O:  97656 us, total: 122997 us, speed:   102 KB/s, CRC32: 0xC61C2AA0
Writing /test_557.bin... opened: 25969 us, closed:   441 us, I/O:  94676 us, total: 126037 us, speed:   105 KB/s, CRC32: 0xC61C2AA0
Writing /test_558.bin... opened: 20067 us, closed:   439 us, I/O:  94205 us, total: 119636 us, speed:   106 KB/s, CRC32: 0xC61C2AA0
Writing /test_559.bin... opened: 20136 us, closed:   445 us, I/O:  84707 us, total: 110216 us, speed:   118 KB/s, CRC32: 0xC61C2AA0
Writing /test_560.bin... opened: 20179 us, closed:   444 us, I/O:  97153 us, total: 122694 us, speed:   102 KB/s, CRC32: 0xC61C2AA0
Writing /test_561.bin... opened: 20244 us, closed:   443 us, I/O:  78282 us, total: 109844 us, speed:   127 KB/s, CRC32: 0xC61C2AA0
Writing /test_562.bin... opened: 26264 us, closed:   442 us, I/O:  79693 us, total: 111342 us, speed:   125 KB/s, CRC32: 0xC61C2AA0
Writing /test_563.bin... opened: 26313 us, closed:   441 us, I/O:  93798 us, total: 125465 us, speed:   106 KB/s, CRC32: 0xC61C2AA0
Writing /test_564.bin... opened: 20582 us, closed:   420 us, I/O:  84842 us, total: 110789 us, speed:   117 KB/s, CRC32: 0xC61C2AA0
Writing /test_565.bin... opened: 20627 us, closed:   401 us, I/O:  96636 us, total: 122570 us, speed:   103 KB/s, CRC32: 0xC61C2AA0
Writing /test_566.bin... opened: 20671 us, closed:   388 us, I/O:  79273 us, total: 105301 us, speed:   126 KB/s, CRC32: 0xC61C2AA0
Writing /test_567.bin... opened: 20691 us, closed:   365 us, I/O:  86860 us, total: 112832 us, speed:   115 KB/s, CRC32: 0xC61C2AA0
Writing /test_568.bin... opened: 26696 us, closed:   352 us, I/O:  87039 us, total: 119014 us, speed:   114 KB/s, CRC32: 0xC61C2AA0
Writing /test_569.bin... opened: 26703 us, closed:   329 us, I/O:  95005 us, total: 126979 us, speed:   105 KB/s, CRC32: 0xC61C2AA0
Writing /test_570.bin... opened: 20815 us, closed:   312 us, I/O:  83606 us, total: 109676 us, speed:   119 KB/s, CRC32: 0xC61C2AA0
Writing /test_571.bin... opened: 20819 us, closed: 1507041 us, I/O:  86745 us, total: 1619541 us, speed:   115 KB/s, CRC32: 0xC61C2AA0
Writing /test_572.bin... opened: 20920 us, closed:   439 us, I/O:  90320 us, total: 116595 us, speed:   110 KB/s, CRC32: 0xC61C2AA0
Writing /test_573.bin... opened: 20944 us, closed:   442 us, I/O:  84155 us, total: 116411 us, speed:   118 KB/s, CRC32: 0xC61C2AA0
Writing /test_574.bin... opened: 26897 us, closed:   440 us, I/O: 104645 us, total: 136878 us, speed:    95 KB/s, CRC32: 0xC61C2AA0
Writing /test_575.bin... opened: 21090 us, closed:   436 us, I/O:  80317 us, total: 106760 us, speed:   124 KB/s, CRC32: 0xC61C2AA0
Writing /test_576.bin... opened: 21161 us, closed:   442 us, I/O:  94493 us, total: 121022 us, speed:   105 KB/s, CRC32: 0xC61C2AA0
Writing /test_577.bin... opened: 21191 us, closed:   448 us, I/O:  82770 us, total: 109342 us, speed:   120 KB/s, CRC32: 0xC61C2AA0
Writing /test_578.bin... opened: 21208 us, closed:   440 us, I/O:  95698 us, total: 122273 us, speed:   104 KB/s, CRC32: 0xC61C2AA0
Writing /test_579.bin... opened: 27377 us, closed:   441 us, I/O:  84984 us, total: 117744 us, speed:   117 KB/s, CRC32: 0xC61C2AA0
Writing /test_580.bin... opened: 21507 us, closed:   443 us, I/O: 100159 us, total: 127038 us, speed:    99 KB/s, CRC32: 0xC61C2AA0
Writing /test_581.bin... opened: 21621 us, closed:   438 us, I/O:  87693 us, total: 114689 us, speed:   114 KB/s, CRC32: 0xC61C2AA0
Writing /test_582.bin... opened: 21654 us, closed:   438 us, I/O:  84904 us, total: 111904 us, speed:   117 KB/s, CRC32: 0xC61C2AA0
Writing /test_583.bin... opened: 21696 us, closed:   440 us, I/O:  90372 us, total: 117415 us, speed:   110 KB/s, CRC32: 0xC61C2AA0
Writing /test_584.bin... opened: 27700 us, closed:   458 us, I/O:  98392 us, total: 131525 us, speed:   101 KB/s, CRC32: 0xC61C2AA0
Writing /test_585.bin... opened: 21822 us, closed:   441 us, I/O:  86537 us, total: 113719 us, speed:   115 KB/s, CRC32: 0xC61C2AA0
Writing /test_586.bin... opened: 21858 us, closed:   443 us, I/O:  87152 us, total: 114367 us, speed:   114 KB/s, CRC32: 0xC61C2AA0
Writing /test_587.bin... opened: 22101 us, closed:   412 us, I/O:  93411 us, total: 120884 us, speed:   107 KB/s, CRC32: 0xC61C2AA0
Writing /test_588.bin... opened: 22157 us, closed:   409 us, I/O:  96624 us, total: 124099 us, speed:   103 KB/s, CRC32: 0xC61C2AA0
Writing /test_589.bin... opened: 28192 us, closed:   378 us, I/O:  88132 us, total: 121622 us, speed:   113 KB/s, CRC32: 0xC61C2AA0
Writing /test_590.bin... opened: 22266 us, closed:   364 us, I/O:  83553 us, total: 111144 us, speed:   119 KB/s, CRC32: 0xC61C2AA0
Writing /test_591.bin... opened: 22245 us, closed:   343 us, I/O: 106797 us, total: 134354 us, speed:    93 KB/s, CRC32: 0xC61C2AA0
Writing /test_592.bin... opened: 22344 us, closed:   328 us, I/O:  87883 us, total: 115506 us, speed:   113 KB/s, CRC32: 0xC61C2AA0
Writing /test_593.bin... opened: 28296 us, closed:   300 us, I/O:  98391 us, total: 131920 us, speed:   101 KB/s, CRC32: 0xC61C2AA0
Writing /test_594.bin... opened: 22348 us, closed: 493354 us, I/O:  83239 us, total: 603883 us, speed:   120 KB/s, CRC32: 0xC61C2AA0
Writing /test_595.bin... opened: 21151 us, closed:   439 us, I/O:  97107 us, total: 123634 us, speed:   102 KB/s, CRC32: 0xC61C2AA0
Writing /test_596.bin... opened: 21220 us, closed:   439 us, I/O:  85938 us, total: 112532 us, speed:   116 KB/s, CRC32: 0xC61C2AA0
Writing /test_597.bin... opened: 21483 us, closed:   435 us, I/O:  87857 us, total: 114708 us, speed:   113 KB/s, CRC32: 0xC61C2AA0
Writing /test_598.bin... opened: 21489 us, closed:   439 us, I/O:  98296 us, total: 125136 us, speed:   101 KB/s, CRC32: 0xC61C2AA0
Writing /test_599.bin... opened: 27527 us, closed:   439 us, I/O:  96759 us, total: 129648 us, speed:   103 KB/s, CRC32: 0xC61C2AA0
Writing /test_600.bin... opened: 21556 us, closed:   442 us, I/O:  89619 us, total: 116539 us, speed:   111 KB/s, CRC32: 0xC61C2AA0
Writing /test_601.bin... opened: 21689 us, closed:   444 us, I/O:  85552 us, total: 112617 us, speed:   116 KB/s, CRC32: 0xC61C2AA0
Writing /test_602.bin... opened: 21751 us, closed:   466 us, I/O:  95925 us, total: 123104 us, speed:   104 KB/s, CRC32: 0xC61C2AA0
Writing /test_603.bin... opened: 27787 us, closed:   439 us, I/O:  81913 us, total: 115072 us, speed:   122 KB/s, CRC32: 0xC61C2AA0
Writing /test_604.bin... opened: 27810 us, closed:   447 us, I/O:  80118 us, total: 113295 us, speed:   124 KB/s, CRC32: 0xC61C2AA0
Writing /test_605.bin... opened: 22024 us, closed:   422 us, I/O:  98979 us, total: 126380 us, speed:   101 KB/s, CRC32: 0xC61C2AA0
Writing /test_606.bin... opened: 22123 us, closed:   400 us, I/O:  78937 us, total: 106403 us, speed:   126 KB/s, CRC32: 0xC61C2AA0
Writing /test_607.bin... opened: 22164 us, closed:   387 us, I/O:  98793 us, total: 126277 us, speed:   101 KB/s, CRC32: 0xC61C2AA0
Writing /test_608.bin... opened: 22176 us, closed:   363 us, I/O:  78788 us, total: 106273 us, speed:   126 KB/s, CRC32: 0xC61C2AA0
Writing /test_609.bin... opened: 28168 us, closed:   345 us, I/O:  94726 us, total: 128159 us, speed:   105 KB/s, CRC32: 0xC61C2AA0
Writing /test_610.bin... opened: 22299 us, closed:   327 us, I/O:  85954 us, total: 113487 us, speed:   116 KB/s, CRC32: 0xC61C2AA0
Writing /test_611.bin... opened: 22312 us, closed:   341 us, I/O: 100065 us, total: 127612 us, speed:    99 KB/s, CRC32: 0xC61C2AA0
Writing /test_612.bin... opened: 22321 us, closed: 1512237 us, I/O:  85167 us, total: 1624631 us, speed:   117 KB/s, CRC32: 0xC61C2AA0
Writing /test_613.bin... opened: 22347 us, closed:   445 us, I/O:  81820 us, total: 115499 us, speed:   122 KB/s, CRC32: 0xC61C2AA0
Writing /test_614.bin... opened: 28384 us, closed:   438 us, I/O:  88514 us, total: 122268 us, speed:   112 KB/s, CRC32: 0xC61C2AA0
Writing /test_615.bin... opened: 22529 us, closed:   443 us, I/O:  82291 us, total: 110274 us, speed:   121 KB/s, CRC32: 0xC61C2AA0
Writing /test_616.bin... opened: 22605 us, closed:   455 us, I/O:  98402 us, total: 126423 us, speed:   101 KB/s, CRC32: 0xC61C2AA0
Writing /test_617.bin... opened: 22681 us, closed:   444 us, I/O:  82442 us, total: 110464 us, speed:   121 KB/s, CRC32: 0xC61C2AA0
Writing /test_618.bin... opened: 22671 us, closed:   441 us, I/O:  93278 us, total: 121304 us, speed:   107 KB/s, CRC32: 0xC61C2AA0
Writing /test_619.bin... opened: 28596 us, closed:   442 us, I/O:  89184 us, total: 123172 us, speed:   112 KB/s, CRC32: 0xC61C2AA0
Writing /test_620.bin... opened: 22955 us, closed:   441 us, I/O: 100457 us, total: 128771 us, speed:    99 KB/s, CRC32: 0xC61C2AA0
Writing /test_621.bin... opened: 23004 us, closed:   441 us, I/O:  83448 us, total: 111808 us, speed:   119 KB/s, CRC32: 0xC61C2AA0
Writing /test_622.bin... opened: 23088 us, closed:   443 us, I/O: 102600 us, total: 131053 us, speed:    97 KB/s, CRC32: 0xC61C2AA0
Writing /test_623.bin... opened: 29119 us, closed:   445 us, I/O:  90230 us, total: 124742 us, speed:   110 KB/s, CRC32: 0xC61C2AA0
Writing /test_624.bin... opened: 23193 us, closed:   442 us, I/O:  85178 us, total: 113732 us, speed:   117 KB/s, CRC32: 0xC61C2AA0
Writing /test_625.bin... opened: 23252 us, closed:   441 us, I/O:  86364 us, total: 115014 us, speed:   115 KB/s, CRC32: 0xC61C2AA0
Writing /test_626.bin... opened: 23290 us, closed:   440 us, I/O:  94828 us, total: 123473 us, speed:   105 KB/s, CRC32: 0xC61C2AA0
Writing /test_627.bin... opened: 23414 us, closed:   441 us, I/O:  81026 us, total: 109798 us, speed:   123 KB/s, CRC32: 0xC61C2AA0
Writing /test_628.bin... opened: 23603 us, closed:   420 us, I/O:  85735 us, total: 120663 us, speed:   116 KB/s, CRC32: 0xC61C2AA0
Writing /test_629.bin... opened: 29609 us, closed:   407 us, I/O: 101113 us, total: 136087 us, speed:    98 KB/s, CRC32: 0xC61C2AA0
Writing /test_630.bin... opened: 23693 us, closed:   384 us, I/O: 100901 us, total: 129885 us, speed:    99 KB/s, CRC32: 0xC61C2AA0
Writing /test_631.bin... opened: 23713 us, closed:   386 us, I/O:  90207 us, total: 119217 us, speed:   110 KB/s, CRC32: 0xC61C2AA0
Writing /test_632.bin... opened: 29780 us, closed:   344 us, I/O:  89632 us, total: 124721 us, speed:   111 KB/s, CRC32: 0xC61C2AA0
Writing /test_633.bin... opened: 23808 us, closed:   330 us, I/O: 102174 us, total: 131236 us, speed:    97 KB/s, CRC32: 0xC61C2AA0
Writing /test_634.bin... opened: 23881 us, closed:   334 us, I/O:  88596 us, total: 117748 us, speed:   112 KB/s, CRC32: 0xC61C2AA0
Writing /test_635.bin... opened: 23880 us, closed: 492782 us, I/O:  97635 us, total: 619225 us, speed:   102 KB/s, CRC32: 0xC61C2AA0
Writing /test_636.bin... opened: 28682 us, closed:   442 us, I/O:  85180 us, total: 119231 us, speed:   117 KB/s, CRC32: 0xC61C2AA0
Writing /test_637.bin... opened: 28656 us, closed:   446 us, I/O: 104299 us, total: 138321 us, speed:    95 KB/s, CRC32: 0xC61C2AA0
Writing /test_638.bin... opened: 22999 us, closed:   443 us, I/O:  85130 us, total: 113473 us, speed:   117 KB/s, CRC32: 0xC61C2AA0
Writing /test_639.bin... opened: 23011 us, closed:   442 us, I/O:  87723 us, total: 116080 us, speed:   113 KB/s, CRC32: 0xC61C2AA0
Writing /test_640.bin... opened: 23066 us, closed:   441 us, I/O:  96019 us, total: 124472 us, speed:   104 KB/s, CRC32: 0xC61C2AA0
Writing /test_641.bin... opened: 29051 us, closed:   466 us, I/O:  93453 us, total: 127910 us, speed:   107 KB/s, CRC32: 0xC61C2AA0
Writing /test_642.bin... opened: 23225 us, closed:   440 us, I/O:  89722 us, total: 118291 us, speed:   111 KB/s, CRC32: 0xC61C2AA0
Writing /test_643.bin... opened: 23299 us, closed:   443 us, I/O:  86421 us, total: 115111 us, speed:   115 KB/s, CRC32: 0xC61C2AA0
Writing /test_644.bin... opened: 23307 us, closed:   441 us, I/O:  97414 us, total: 126097 us, speed:   102 KB/s, CRC32: 0xC61C2AA0
Writing /test_645.bin... opened: 29291 us, closed:   441 us, I/O:  79440 us, total: 114124 us, speed:   125 KB/s, CRC32: 0xC61C2AA0
Writing /test_646.bin... opened: 29587 us, closed:   424 us, I/O:  79612 us, total: 114546 us, speed:   125 KB/s, CRC32: 0xC61C2AA0
Writing /test_647.bin... opened: 23636 us, closed:   407 us, I/O:  95130 us, total: 124064 us, speed:   105 KB/s, CRC32: 0xC61C2AA0
Writing /test_648.bin... opened: 23672 us, closed:   390 us, I/O:  82434 us, total: 111433 us, speed:   121 KB/s, CRC32: 0xC61C2AA0
Writing /test_649.bin... opened: 23690 us, closed:   366 us, I/O: 102455 us, total: 131442 us, speed:    97 KB/s, CRC32: 0xC61C2AA0
Writing /test_650.bin... opened: 29707 us, closed:   349 us, I/O:  79057 us, total: 114033 us, speed:   126 KB/s, CRC32: 0xC61C2AA0
Writing /test_651.bin... opened: 29653 us, closed:   327 us, I/O:  85928 us, total: 120824 us, speed:   116 KB/s, CRC32: 0xC61C2AA0
Writing /test_652.bin... opened: 23828 us, closed:   313 us, I/O:  86662 us, total: 115728 us, speed:   115 KB/s, CRC32: 0xC61C2AA0
Writing /test_653.bin... opened: 23847 us, closed: 1506500 us, I/O:  95564 us, total: 1630835 us, speed:   104 KB/s, CRC32: 0xC61C2AA0
Writing /test_654.bin... opened: 23905 us, closed:   442 us, I/O:  83507 us, total: 112793 us, speed:   119 KB/s, CRC32: 0xC61C2AA0
Writing /test_655.bin... opened: 29913 us, closed:   442 us, I/O:  90415 us, total: 125754 us, speed:   110 KB/s, CRC32: 0xC61C2AA0
Writing /test_656.bin... opened: 24011 us, closed:   439 us, I/O:  94383 us, total: 123762 us, speed:   105 KB/s, CRC32: 0xC61C2AA0
Writing /test_657.bin... opened: 24095 us, closed:   442 us, I/O:  84757 us, total: 114238 us, speed:   117 KB/s, CRC32: 0xC61C2AA0
Writing /test_658.bin... opened: 24233 us, closed:   443 us, I/O: 100434 us, total: 130011 us, speed:    99 KB/s, CRC32: 0xC61C2AA0
Writing /test_659.bin... opened: 30154 us, closed:   440 us, I/O:  80962 us, total: 116499 us, speed:   123 KB/s, CRC32: 0xC61C2AA0
Writing /test_660.bin... opened: 30194 us, closed:   443 us, I/O:  96005 us, total: 131579 us, speed:   104 KB/s, CRC32: 0xC61C2AA0
Writing /test_661.bin... opened: 24520 us, closed:   442 us, I/O:  83143 us, total: 113019 us, speed:   120 KB/s, CRC32: 0xC61C2AA0
Writing /test_662.bin... opened: 24534 us, closed:   445 us, I/O:  97738 us, total: 127653 us, speed:   102 KB/s, CRC32: 0xC61C2AA0
Writing /test_663.bin... opened: 24583 us, closed:   441 us, I/O:  84709 us, total: 120639 us, speed:   118 KB/s, CRC32: 0xC61C2AA0
Writing /test_664.bin... opened: 30627 us, closed:   442 us, I/O: 102789 us, total: 138781 us, speed:    97 KB/s, CRC32: 0xC61C2AA0
Writing /test_665.bin... opened: 24696 us, closed:   441 us, I/O:  85066 us, total: 115165 us, speed:   117 KB/s, CRC32: 0xC61C2AA0
Writing /test_666.bin... opened: 24857 us, closed:   441 us, I/O:  88311 us, total: 118502 us, speed:   113 KB/s, CRC32: 0xC61C2AA0
Writing /test_667.bin... opened: 24845 us, closed:   439 us, I/O:  87709 us, total: 117943 us, speed:   114 KB/s, CRC32: 0xC61C2AA0
Writing /test_668.bin... opened: 30790 us, closed:   441 us, I/O:  98160 us, total: 134303 us, speed:   101 KB/s, CRC32: 0xC61C2AA0
Writing /test_669.bin... opened: 25133 us, closed:   427 us, I/O:  84890 us, total: 115386 us, speed:   117 KB/s, CRC32: 0xC61C2AA0
Writing /test_670.bin... opened: 25122 us, closed:   399 us, I/O:  86428 us, total: 116887 us, speed:   115 KB/s, CRC32: 0xC61C2AA0
Writing /test_671.bin... opened: 25233 us, closed:   387 us, I/O:  96816 us, total: 127408 us, speed:   103 KB/s, CRC32: 0xC61C2AA0
Writing /test_672.bin... opened: 31207 us, closed:   366 us, I/O:  96517 us, total: 133066 us, speed:   103 KB/s, CRC32: 0xC61C2AA0
Writing /test_673.bin... opened: 25336 us, closed:   350 us, I/O:  92976 us, total: 123590 us, speed:   107 KB/s, CRC32: 0xC61C2AA0
Writing /test_674.bin... opened: 25311 us, closed:   326 us, I/O:  90567 us, total: 121171 us, speed:   110 KB/s, CRC32: 0xC61C2AA0
Writing /test_675.bin... opened: 25409 us, closed:   304 us, I/O:  98381 us, total: 129042 us, speed:   101 KB/s, CRC32: 0xC61C2AA0
Writing /test_676.bin... opened: 31283 us, closed: 496809 us, I/O:  88495 us, total: 621520 us, speed:   113 KB/s, CRC32: 0xC61C2AA0
Writing /test_677.bin... opened: 24193 us, closed:   439 us, I/O:  94212 us, total: 123782 us, speed:   106 KB/s, CRC32: 0xC61C2AA0
Writing /test_678.bin... opened: 24289 us, closed:   444 us, I/O:  86979 us, total: 116617 us, speed:   114 KB/s, CRC32: 0xC61C2AA0
Writing /test_679.bin... opened: 24435 us, closed:   442 us, I/O: 100207 us, total: 130052 us, speed:    99 KB/s, CRC32: 0xC61C2AA0
Writing /test_680.bin... opened: 30506 us, closed:   440 us, I/O:  86484 us, total: 122320 us, speed:   115 KB/s, CRC32: 0xC61C2AA0
Writing /test_681.bin... opened: 24571 us, closed:   442 us, I/O:  85723 us, total: 115651 us, speed:   116 KB/s, CRC32: 0xC61C2AA0
Writing /test_682.bin... opened: 24642 us, closed:   443 us, I/O:  97789 us, total: 127797 us, speed:   102 KB/s, CRC32: 0xC61C2AA0
Writing /test_683.bin... opened: 24716 us, closed:   438 us, I/O:  97148 us, total: 127230 us, speed:   102 KB/s, CRC32: 0xC61C2AA0
Writing /test_684.bin... opened: 30742 us, closed:   446 us, I/O:  89279 us, total: 125411 us, speed:   112 KB/s, CRC32: 0xC61C2AA0
Writing /test_685.bin... opened: 24787 us, closed:   445 us, I/O:  84895 us, total: 115051 us, speed:   117 KB/s, CRC32: 0xC61C2AA0
Writing /test_686.bin... opened: 24916 us, closed:   439 us, I/O:  95846 us, total: 126138 us, speed:   104 KB/s, CRC32: 0xC61C2AA0
Writing /test_687.bin... opened: 25111 us, closed:   419 us, I/O:  82345 us, total: 112790 us, speed:   121 KB/s, CRC32: 0xC61C2AA0
Writing /test_688.bin... opened: 25120 us, closed:   408 us, I/O:  79483 us, total: 109959 us, speed:   125 KB/s, CRC32: 0xC61C2AA0
Writing /test_689.bin... opened: 31147 us, closed:   381 us, I/O:  95503 us, total: 131961 us, speed:   104 KB/s, CRC32: 0xC61C2AA0
Writing /test_690.bin... opened: 25179 us, closed:   362 us, I/O:  79309 us, total: 109785 us, speed:   126 KB/s, CRC32: 0xC61C2AA0
Writing /test_691.bin... opened: 25273 us, closed:   346 us, I/O: 101772 us, total: 132341 us, speed:    98 KB/s, CRC32: 0xC61C2AA0
Writing /test_692.bin... opened: 25339 us, closed:   348 us, I/O:  79519 us, total: 110134 us, speed:   125 KB/s, CRC32: 0xC61C2AA0
Writing /test_693.bin... opened: 25339 us, closed:   306 us, I/O:  86352 us, total: 116915 us, speed:   115 KB/s, CRC32: 0xC61C2AA0
Writing /test_694.bin... opened: 31317 us, closed: 1497314 us, I/O:  90373 us, total: 1623924 us, speed:   110 KB/s, CRC32: 0xC61C2AA0
Writing /test_695.bin... opened: 25428 us, closed:   440 us, I/O:  98956 us, total: 129768 us, speed:   101 KB/s, CRC32: 0xC61C2AA0
Writing /test_696.bin... opened: 25477 us, closed:   440 us, I/O:  85290 us, total: 116104 us, speed:   117 KB/s, CRC32: 0xC61C2AA0
Writing /test_697.bin... opened: 25560 us, closed:   447 us, I/O:  88088 us, total: 119021 us, speed:   113 KB/s, CRC32: 0xC61C2AA0
Writing /test_698.bin... opened: 25555 us, closed:   440 us, I/O:  88705 us, total: 125571 us, speed:   112 KB/s, CRC32: 0xC61C2AA0
Writing /test_699.bin... opened: 25608 us, closed:   444 us, I/O:  83217 us, total: 114199 us, speed:   120 KB/s, CRC32: 0xC61C2AA0
Writing /test_700.bin... opened: 25727 us, closed:   442 us, I/O: 100733 us, total: 131823 us, speed:    99 KB/s, CRC32: 0xC61C2AA0
Writing /test_701.bin... opened: 25797 us, closed:   446 us, I/O:  79390 us, total: 110571 us, speed:   125 KB/s, CRC32: 0xC61C2AA0
Writing /test_702.bin... opened: 25992 us, closed:   442 us, I/O:  95624 us, total: 127005 us, speed:   104 KB/s, CRC32: 0xC61C2AA0
Writing /test_703.bin... opened: 32043 us, closed:   442 us, I/O:  84387 us, total: 121822 us, speed:   118 KB/s, CRC32: 0xC61C2AA0
Writing /test_704.bin... opened: 26101 us, closed:   442 us, I/O:  99096 us, total: 130563 us, speed:   100 KB/s, CRC32: 0xC61C2AA0
Writing /test_705.bin... opened: 26214 us, closed:   441 us, I/O:  90037 us, total: 121620 us, speed:   111 KB/s, CRC32: 0xC61C2AA0
Writing /test_706.bin... opened: 26247 us, closed:   442 us, I/O: 102399 us, total: 139963 us, speed:    97 KB/s, CRC32: 0xC61C2AA0
Writing /test_707.bin... opened: 26238 us, closed:   440 us, I/O:  85281 us, total: 116897 us, speed:   117 KB/s, CRC32: 0xC61C2AA0
Writing /test_708.bin... opened: 26390 us, closed:   443 us, I/O:  85073 us, total: 116807 us, speed:   117 KB/s, CRC32: 0xC61C2AA0
Writing /test_709.bin... opened: 26494 us, closed:   440 us, I/O:  91873 us, total: 123748 us, speed:   108 KB/s, CRC32: 0xC61C2AA0
Writing /test_710.bin... opened: 26615 us, closed:   419 us, I/O: 101653 us, total: 139600 us, speed:    98 KB/s, CRC32: 0xC61C2AA0
Writing /test_711.bin... opened: 26625 us, closed:   407 us, I/O:  81256 us, total: 113246 us, speed:   123 KB/s, CRC32: 0xC61C2AA0
Writing /test_712.bin... opened: 26694 us, closed:   385 us, I/O:  85640 us, total: 117660 us, speed:   116 KB/s, CRC32: 0xC61C2AA0
Writing /test_713.bin... opened: 26745 us, closed:   357 us, I/O:  95051 us, total: 127099 us, speed:   105 KB/s, CRC32: 0xC61C2AA0
Writing /test_714.bin... opened: 26798 us, closed:   350 us, I/O: 100880 us, total: 138913 us, speed:    99 KB/s, CRC32: 0xC61C2AA0
Writing /test_715.bin... opened: 26812 us, closed:   327 us, I/O:  87906 us, total: 119959 us, speed:   113 KB/s, CRC32: 0xC61C2AA0
Writing /test_716.bin... opened: 26871 us, closed:   307 us, I/O:  83312 us, total: 115423 us, speed:   120 KB/s, CRC32: 0xC61C2AA0
Writing /test_717.bin... opened: 26878 us, closed: 491836 us, I/O: 100144 us, total: 623793 us, speed:    99 KB/s, CRC32: 0xC61C2AA0
Writing /test_718.bin... opened: 25666 us, closed:   441 us, I/O:  90175 us, total: 127168 us, speed:   110 KB/s, CRC32: 0xC61C2AA0
Writing /test_719.bin... opened: 31734 us, closed:   439 us, I/O:  98491 us, total: 135604 us, speed:   101 KB/s, CRC32: 0xC61C2AA0
Writing /test_720.bin... opened: 26001 us, closed:   448 us, I/O:  84214 us, total: 115583 us, speed:   118 KB/s, CRC32: 0xC61C2AA0
Writing /test_721.bin... opened: 26074 us, closed:   443 us, I/O:  96828 us, total: 128268 us, speed:   103 KB/s, CRC32: 0xC61C2AA0
Writing /test_722.bin... opened: 32068 us, closed:   451 us, I/O:  90647 us, total: 128121 us, speed:   110 KB/s, CRC32: 0xC61C2AA0
Writing /test_723.bin... opened: 26143 us, closed:   442 us, I/O:  85998 us, total: 117561 us, speed:   116 KB/s, CRC32: 0xC61C2AA0
Writing /test_724.bin... opened: 26180 us, closed:   443 us, I/O: 104689 us, total: 136228 us, speed:    95 KB/s, CRC32: 0xC61C2AA0
Writing /test_725.bin... opened: 26264 us, closed:   464 us, I/O:  96217 us, total: 127875 us, speed:   103 KB/s, CRC32: 0xC61C2AA0
Writing /test_726.bin... opened: 32303 us, closed:   437 us, I/O:  87844 us, total: 125511 us, speed:   113 KB/s, CRC32: 0xC61C2AA0
Writing /test_727.bin... opened: 26382 us, closed:   446 us, I/O:  85957 us, total: 117725 us, speed:   116 KB/s, CRC32: 0xC61C2AA0
Writing /test_728.bin... opened: 26597 us, closed:   425 us, I/O:  96804 us, total: 128760 us, speed:   103 KB/s, CRC32: 0xC61C2AA0
Writing /test_729.bin... opened: 26618 us, closed:   396 us, I/O:  79004 us, total: 110939 us, speed:   126 KB/s, CRC32: 0xC61C2AA0
Writing /test_730.bin... opened: 32688 us, closed:   391 us, I/O:  79865 us, total: 117890 us, speed:   125 KB/s, CRC32: 0xC61C2AA0
Writing /test_731.bin... opened: 32667 us, closed:   359 us, I/O:  96339 us, total: 134282 us, speed:   103 KB/s, CRC32: 0xC61C2AA0
Writing /test_732.bin... opened: 26801 us, closed:   345 us, I/O:  79987 us, total: 112057 us, speed:   125 KB/s, CRC32: 0xC61C2AA0
Writing /test_733.bin... opened: 26879 us, closed:   327 us, I/O: 101297 us, total: 133409 us, speed:    98 KB/s, CRC32: 0xC61C2AA0
Writing /test_734.bin... opened: 32844 us, closed:   306 us, I/O:  80666 us, total: 118768 us, speed:   123 KB/s, CRC32: 0xC61C2AA0
Writing /test_735.bin... opened: 26808 us, closed: 1506850 us, I/O:  96852 us, total: 1635449 us, speed:   103 KB/s, CRC32: 0xC61C2AA0
Writing /test_736.bin... opened: 26901 us, closed:   463 us, I/O:  88631 us, total: 120960 us, speed:   112 KB/s, CRC32: 0xC61C2AA0
Writing /test_737.bin... opened: 26990 us, closed:   443 us, I/O:  95772 us, total: 128153 us, speed:   104 KB/s, CRC32: 0xC61C2AA0
Writing /test_738.bin... opened: 32885 us, closed:   441 us, I/O:  83308 us, total: 121571 us, speed:   120 KB/s, CRC32: 0xC61C2AA0
Writing /test_739.bin... opened: 27072 us, closed:   441 us, I/O:  88130 us, total: 120534 us, speed:   113 KB/s, CRC32: 0xC61C2AA0
Writing /test_740.bin... opened: 27194 us, closed:   441 us, I/O:  92802 us, total: 125367 us, speed:   107 KB/s, CRC32: 0xC61C2AA0
Writing /test_741.bin... opened: 27251 us, closed:   442 us, I/O:  83582 us, total: 116218 us, speed:   119 KB/s, CRC32: 0xC61C2AA0
Writing /test_742.bin... opened: 33216 us, closed:   443 us, I/O: 100461 us, total: 139052 us, speed:    99 KB/s, CRC32: 0xC61C2AA0
Writing /test_743.bin... opened: 27534 us, closed:   444 us, I/O:  83221 us, total: 116138 us, speed:   120 KB/s, CRC32: 0xC61C2AA0
Writing /test_744.bin... opened: 27588 us, closed:   438 us, I/O:  93357 us, total: 126330 us, speed:   107 KB/s, CRC32: 0xC61C2AA0
Writing /test_745.bin... opened: 27608 us, closed:   442 us, I/O:  83791 us, total: 116787 us, speed:   119 KB/s, CRC32: 0xC61C2AA0
Writing /test_746.bin... opened: 33646 us, closed:   438 us, I/O:  94589 us, total: 133630 us, speed:   105 KB/s, CRC32: 0xC61C2AA0
Writing /test_747.bin... opened: 27777 us, closed:   440 us, I/O:  87222 us, total: 120324 us, speed:   114 KB/s, CRC32: 0xC61C2AA0
Writing /test_748.bin... opened: 27855 us, closed:   441 us, I/O:  97179 us, total: 130388 us, speed:   102 KB/s, CRC32: 0xC61C2AA0
Writing /test_749.bin... opened: 27881 us, closed:   446 us, I/O:  84832 us, total: 124036 us, speed:   117 KB/s, CRC32: 0xC61C2AA0
Writing /test_750.bin... opened: 33923 us, closed:   439 us, I/O:  87239 us, total: 126515 us, speed:   114 KB/s, CRC32: 0xC61C2AA0
Writing /test_751.bin... opened: 28138 us, closed:   426 us, I/O:  86803 us, total: 120324 us, speed:   115 KB/s, CRC32: 0xC61C2AA0
Writing /test_752.bin... opened: 28200 us, closed:   399 us, I/O: 108129 us, total: 141675 us, speed:    92 KB/s, CRC32: 0xC61C2AA0
Writing /test_753.bin... opened: 34049 us, closed:   388 us, I/O:  85787 us, total: 125171 us, speed:   116 KB/s, CRC32: 0xC61C2AA0
Writing /test_754.bin... opened: 28202 us, closed:   366 us, I/O:  91638 us, total: 125142 us, speed:   109 KB/s, CRC32: 0xC61C2AA0
Writing /test_755.bin... opened: 28303 us, closed:   347 us, I/O:  99774 us, total: 133368 us, speed:   100 KB/s, CRC32: 0xC61C2AA0
Writing /test_756.bin... opened: 28314 us, closed:   323 us, I/O:  99569 us, total: 139124 us, speed:   100 KB/s, CRC32: 0xC61C2AA0
Writing /test_757.bin... opened: 28357 us, closed:   312 us, I/O:  86123 us, total: 119724 us, speed:   116 KB/s, CRC32: 0xC61C2AA0
Writing /test_758.bin... opened: 28356 us, closed: 498732 us, I/O:  83418 us, total: 615445 us, speed:   119 KB/s, CRC32: 0xC61C2AA0
Writing /test_759.bin... opened: 27219 us, closed:   440 us, I/O:  88231 us, total: 120854 us, speed:   113 KB/s, CRC32: 0xC61C2AA0
Writing /test_760.bin... opened: 27232 us, closed:   440 us, I/O:  91620 us, total: 130200 us, speed:   109 KB/s, CRC32: 0xC61C2AA0
Writing /test_761.bin... opened: 33486 us, closed:   443 us, I/O: 102303 us, total: 141142 us, speed:    97 KB/s, CRC32: 0xC61C2AA0
Writing /test_762.bin... opened: 27536 us, closed:   440 us, I/O:  91782 us, total: 124720 us, speed:   108 KB/s, CRC32: 0xC61C2AA0
Writing /test_763.bin... opened: 27607 us, closed:   439 us, I/O: 107430 us, total: 140386 us, speed:    93 KB/s, CRC32: 0xC61C2AA0
Writing /test_764.bin... opened: 27676 us, closed:   441 us, I/O:  92809 us, total: 125839 us, speed:   107 KB/s, CRC32: 0xC61C2AA0
Writing /test_765.bin... opened: 27703 us, closed:   443 us, I/O:  87749 us, total: 120830 us, speed:   113 KB/s, CRC32: 0xC61C2AA0
Writing /test_766.bin... opened: 27871 us, closed:   443 us, I/O:  98597 us, total: 131849 us, speed:   101 KB/s, CRC32: 0xC61C2AA0
Writing /test_767.bin... opened: 33703 us, closed:   438 us, I/O:  95966 us, total: 135049 us, speed:   104 KB/s, CRC32: 0xC61C2AA0
Writing /test_768.bin... opened: 27936 us, closed:   442 us, I/O:  89209 us, total: 122497 us, speed:   112 KB/s, CRC32: 0xC61C2AA0
Writing /test_769.bin... opened: 28128 us, closed:   425 us, I/O:  87533 us, total: 120985 us, speed:   114 KB/s, CRC32: 0xC61C2AA0
Writing /test_770.bin... opened: 28170 us, closed:   408 us, I/O: 100028 us, total: 139511 us, speed:    99 KB/s, CRC32: 0xC61C2AA0
Writing /test_771.bin... opened: 28164 us, closed:   390 us, I/O:  80432 us, total: 113915 us, speed:   124 KB/s, CRC32: 0xC61C2AA0
Writing /test_772.bin... opened: 28262 us, closed:   362 us, I/O:  81722 us, total: 115267 us, speed:   122 KB/s, CRC32: 0xC61C2AA0
Writing /test_773.bin... opened: 28314 us, closed:   343 us, I/O:  95043 us, total: 128668 us, speed:   105 KB/s, CRC32: 0xC61C2AA0
Writing /test_774.bin... opened: 28337 us, closed:   322 us, I/O:  81254 us, total: 120835 us, speed:   123 KB/s, CRC32: 0xC61C2AA0
Writing /test_775.bin... opened: 34314 us, closed:   308 us, I/O:  96406 us, total: 135937 us, speed:   103 KB/s, CRC32: 0xC61C2AA0
Writing /test_776.bin... opened: 28355 us, closed: 1513886 us, I/O:  79037 us, total: 1626206 us, speed:   126 KB/s, CRC32: 0xC61C2AA0
Writing /test_777.bin... opened: 28477 us, closed:   441 us, I/O:  79452 us, total: 113264 us, speed:   125 KB/s, CRC32: 0xC61C2AA0
Writing /test_778.bin... opened: 28487 us, closed:   440 us, I/O:  87191 us, total: 126992 us, speed:   114 KB/s, CRC32: 0xC61C2AA0
Writing /test_779.bin... opened: 34475 us, closed:   437 us, I/O: 100891 us, total: 140741 us, speed:    99 KB/s, CRC32: 0xC61C2AA0
Writing /test_780.bin... opened: 28634 us, closed:   440 us, I/O:  83838 us, total: 117864 us, speed:   119 KB/s, CRC32: 0xC61C2AA0
Writing /test_781.bin... opened: 28741 us, closed:   441 us, I/O:  86258 us, total: 120360 us, speed:   115 KB/s, CRC32: 0xC61C2AA0
Writing /test_782.bin... opened: 34718 us, closed:   444 us, I/O:  91985 us, total: 132099 us, speed:   108 KB/s, CRC32: 0xC61C2AA0
Writing /test_783.bin... opened: 28793 us, closed:   444 us, I/O:  89607 us, total: 123751 us, speed:   111 KB/s, CRC32: 0xC61C2AA0
Writing /test_784.bin... opened: 29041 us, closed:   439 us, I/O:  98840 us, total: 133247 us, speed:   101 KB/s, CRC32: 0xC61C2AA0
Writing /test_785.bin... opened: 29108 us, closed:   442 us, I/O:  79056 us, total: 119496 us, speed:   126 KB/s, CRC32: 0xC61C2AA0
Writing /test_786.bin... opened: 35088 us, closed:   441 us, I/O:  95659 us, total: 136119 us, speed:   104 KB/s, CRC32: 0xC61C2AA0
Writing /test_787.bin... opened: 29196 us, closed:   442 us, I/O:  83090 us, total: 117695 us, speed:   120 KB/s, CRC32: 0xC61C2AA0
Writing /test_788.bin... opened: 29293 us, closed:   443 us, I/O:  94568 us, total: 129243 us, speed:   105 KB/s, CRC32: 0xC61C2AA0
Writing /test_789.bin... opened: 35323 us, closed:   440 us, I/O:  90582 us, total: 131270 us, speed:   110 KB/s, CRC32: 0xC61C2AA0
Writing /test_790.bin... opened: 29405 us, closed:   443 us, I/O:  99270 us, total: 134088 us, speed:   100 KB/s, CRC32: 0xC61C2AA0
Writing /test_791.bin... opened: 29512 us, closed:   443 us, I/O:  91724 us, total: 126615 us, speed:   109 KB/s, CRC32: 0xC61C2AA0
Writing /test_792.bin... opened: 29644 us, closed:   418 us, I/O:  84058 us, total: 124987 us, speed:   118 KB/s, CRC32: 0xC61C2AA0
Writing /test_793.bin... opened: 35684 us, closed:   403 us, I/O:  86057 us, total: 127049 us, speed:   116 KB/s, CRC32: 0xC61C2AA0
Writing /test_794.bin... opened: 29754 us, closed:   384 us, I/O:  99643 us, total: 134934 us, speed:   100 KB/s, CRC32: 0xC61C2AA0
Writing /test_795.bin... opened: 29788 us, closed:   372 us, I/O:  83126 us, total: 118278 us, speed:   120 KB/s, CRC32: 0xC61C2AA0
Writing /test_796.bin... opened: 35821 us, closed:   345 us, I/O:  90335 us, total: 131439 us, speed:   110 KB/s, CRC32: 0xC61C2AA0
Writing /test_797.bin... opened: 29844 us, closed:   328 us, I/O:  99627 us, total: 134727 us, speed:   100 KB/s, CRC32: 0xC61C2AA0
Writing /test_798.bin... opened: 29946 us, closed:   311 us, I/O:  99701 us, total: 134881 us, speed:   100 KB/s, CRC32: 0xC61C2AA0
Writing /test_799.bin... opened: 35790 us, closed: 488279 us, I/O:  87070 us, total: 616061 us, speed:   114 KB/s, CRC32: 0xC61C2AA0
Writing /test_800.bin... opened: 34652 us, closed:   443 us, I/O:  99227 us, total: 139260 us, speed:   100 KB/s, CRC32: 0xC61C2AA0
Writing /test_801.bin... opened: 28788 us, closed:   446 us, I/O:  90219 us, total: 124412 us, speed:   110 KB/s, CRC32: 0xC61C2AA0
Writing /test_802.bin... opened: 29043 us, closed:   440 us, I/O:  91304 us, total: 125739 us, speed:   109 KB/s, CRC32: 0xC61C2AA0
Writing /test_803.bin... opened: 35032 us, closed:   442 us, I/O:  92003 us, total: 132424 us, speed:   108 KB/s, CRC32: 0xC61C2AA0
Writing /test_804.bin... opened: 29139 us, closed:   439 us, I/O:  84212 us, total: 118698 us, speed:   118 KB/s, CRC32: 0xC61C2AA0
Writing /test_805.bin... opened: 29185 us, closed:   441 us, I/O: 103433 us, total: 138011 us, speed:    96 KB/s, CRC32: 0xC61C2AA0
Writing /test_806.bin... opened: 35252 us, closed:   438 us, I/O:  87476 us, total: 128093 us, speed:   114 KB/s, CRC32: 0xC61C2AA0
Writing /test_807.bin... opened: 29259 us, closed:   436 us, I/O:  90972 us, total: 125588 us, speed:   109 KB/s, CRC32: 0xC61C2AA0
Writing /test_808.bin... opened: 29341 us, closed:   439 us, I/O:  97646 us, total: 132361 us, speed:   102 KB/s, CRC32: 0xC61C2AA0
Writing /test_809.bin... opened: 29404 us, closed:   443 us, I/O:  99002 us, total: 139760 us, speed:   101 KB/s, CRC32: 0xC61C2AA0
Writing /test_810.bin... opened: 29557 us, closed:   425 us, I/O:  93223 us, total: 128161 us, speed:   107 KB/s, CRC32: 0xC61C2AA0
Writing /test_811.bin... opened: 29670 us, closed:   401 us, I/O:  91772 us, total: 126790 us, speed:   108 KB/s, CRC32: 0xC61C2AA0
Writing /test_812.bin... opened: 29709 us, closed:   385 us, I/O: 100238 us, total: 141215 us, speed:    99 KB/s, CRC32: 0xC61C2AA0
Writing /test_813.bin... opened: 29739 us, closed:   373 us, I/O:  81414 us, total: 116476 us, speed:   122 KB/s, CRC32: 0xC61C2AA0
Writing /test_814.bin... opened: 29782 us, closed:   347 us, I/O:  80353 us, total: 115409 us, speed:   124 KB/s, CRC32: 0xC61C2AA0
Writing /test_815.bin... opened: 29914 us, closed:   324 us, I/O:  98116 us, total: 133273 us, speed:   101 KB/s, CRC32: 0xC61C2AA0
Writing /test_816.bin... opened: 35856 us, closed:   311 us, I/O:  79716 us, total: 120814 us, speed:   125 KB/s, CRC32: 0xC61C2AA0
Writing /test_817.bin... opened: 35853 us, closed: 1506834 us, I/O: 100559 us, total: 1648203 us, speed:    99 KB/s, CRC32: 0xC61C2AA0
Writing /test_818.bin... opened: 29965 us, closed:   455 us, I/O:  89720 us, total: 125057 us, speed:   111 KB/s, CRC32: 0xC61C2AA0
Writing /test_819.bin... opened: 35971 us, closed:   441 us, I/O:  83636 us, total: 124951 us, speed:   119 KB/s, CRC32: 0xC61C2AA0
Writing /test_820.bin... opened: 36034 us, closed:   440 us, I/O:  93248 us, total: 134695 us, speed:   107 KB/s, CRC32: 0xC61C2AA0
Writing /test_821.bin... opened: 30155 us, closed:   438 us, I/O:  98512 us, total: 133998 us, speed:   101 KB/s, CRC32: 0xC61C2AA0
Writing /test_822.bin... opened: 30186 us, closed:   444 us, I/O:  85394 us, total: 126927 us, speed:   117 KB/s, CRC32: 0xC61C2AA0
Writing /test_823.bin... opened: 36205 us, closed:   442 us, I/O:  95473 us, total: 137061 us, speed:   104 KB/s, CRC32: 0xC61C2AA0
Writing /test_824.bin... opened: 30297 us, closed:   462 us, I/O:  94694 us, total: 130385 us, speed:   105 KB/s, CRC32: 0xC61C2AA0
Writing /test_825.bin... opened: 30517 us, closed:   442 us, I/O:  85427 us, total: 127282 us, speed:   117 KB/s, CRC32: 0xC61C2AA0
Writing /test_826.bin... opened: 36601 us, closed:   446 us, I/O: 107799 us, total: 149771 us, speed:    92 KB/s, CRC32: 0xC61C2AA0
Writing /test_827.bin... opened: 30711 us, closed:   446 us, I/O:  85054 us, total: 121131 us, speed:   117 KB/s, CRC32: 0xC61C2AA0
Writing /test_828.bin... opened: 30693 us, closed:   439 us, I/O: 101998 us, total: 144019 us, speed:    98 KB/s, CRC32: 0xC61C2AA0
Writing /test_829.bin... opened: 30751 us, closed:   443 us, I/O:  90539 us, total: 126639 us, speed:   110 KB/s, CRC32: 0xC61C2AA0
Writing /test_830.bin... opened: 30838 us, closed:   442 us, I/O: 100071 us, total: 136316 us, speed:    99 KB/s, CRC32: 0xC61C2AA0
Writing /test_831.bin... opened: 36823 us, closed:   441 us, I/O:  92620 us, total: 134806 us, speed:   107 KB/s, CRC32: 0xC61C2AA0
Writing /test_832.bin... opened: 30927 us, closed:   440 us, I/O: 114457 us, total: 150765 us, speed:    87 KB/s, CRC32: 0xC61C2AA0
Writing /test_833.bin... opened: 31194 us, closed:   426 us, I/O:  89638 us, total: 126218 us, speed:   111 KB/s, CRC32: 0xC61C2AA0
Writing /test_834.bin... opened: 37022 us, closed:   402 us, I/O:  85923 us, total: 128329 us, speed:   116 KB/s, CRC32: 0xC61C2AA0
Writing /test_835.bin... opened: 31215 us, closed:   381 us, I/O:  89028 us, total: 125579 us, speed:   112 KB/s, CRC32: 0xC61C2AA0
Writing /test_836.bin... opened: 31280 us, closed:   370 us, I/O: 106462 us, total: 143051 us, speed:    93 KB/s, CRC32: 0xC61C2AA0
Writing /test_837.bin... opened: 37287 us, closed:   346 us, I/O:  82329 us, total: 124934 us, speed:   121 KB/s, CRC32: 0xC61C2AA0
Writing /test_838.bin... opened: 31309 us, closed:   332 us, I/O:  89180 us, total: 125771 us, speed:   112 KB/s, CRC32: 0xC61C2AA0
Writing /test_839.bin... opened: 31404 us, closed:   311 us, I/O: 101255 us, total: 137896 us, speed:    98 KB/s, CRC32: 0xC61C2AA0
Writing /test_840.bin... opened: 37348 us, closed: 491923 us, I/O:  99504 us, total: 633719 us, speed:   100 KB/s, CRC32: 0xC61C2AA0
Writing /test_841.bin... opened: 30276 us, closed:   442 us, I/O:  93000 us, total: 128631 us, speed:   107 KB/s, CRC32: 0xC61C2AA0
Writing /test_842.bin... opened: 30300 us, closed:   442 us, I/O: 108017 us, total: 143679 us, speed:    92 KB/s, CRC32: 0xC61C2AA0
Writing /test_843.bin... opened: 36462 us, closed:   437 us, I/O:  85371 us, total: 127204 us, speed:   117 KB/s, CRC32: 0xC61C2AA0
Writing /test_844.bin... opened: 30593 us, closed:   445 us, I/O:  93948 us, total: 129902 us, speed:   106 KB/s, CRC32: 0xC61C2AA0
Writing /test_845.bin... opened: 30607 us, closed:   441 us, I/O:  97128 us, total: 133090 us, speed:   102 KB/s, CRC32: 0xC61C2AA0
Writing /test_846.bin... opened: 36608 us, closed:   446 us, I/O:  87912 us, total: 129894 us, speed:   113 KB/s, CRC32: 0xC61C2AA0
Writing /test_847.bin... opened: 30706 us, closed:   442 us, I/O: 101114 us, total: 137203 us, speed:    98 KB/s, CRC32: 0xC61C2AA0
Writing /test_848.bin... opened: 30807 us, closed:   467 us, I/O:  87299 us, total: 123529 us, speed:   114 KB/s, CRC32: 0xC61C2AA0
Writing /test_849.bin... opened: 36836 us, closed:   445 us, I/O:  94785 us, total: 136974 us, speed:   105 KB/s, CRC32: 0xC61C2AA0
Writing /test_850.bin... opened: 30911 us, closed:   442 us, I/O: 100444 us, total: 136713 us, speed:    99 KB/s, CRC32: 0xC61C2AA0
Writing /test_851.bin... opened: 31150 us, closed:   420 us, I/O: 103462 us, total: 139981 us, speed:    96 KB/s, CRC32: 0xC61C2AA0
Writing /test_852.bin... opened: 37173 us, closed:   408 us, I/O:  91060 us, total: 133581 us, speed:   109 KB/s, CRC32: 0xC61C2AA0
Writing /test_853.bin... opened: 31227 us, closed:   383 us, I/O:  86535 us, total: 123075 us, speed:   115 KB/s, CRC32: 0xC61C2AA0
Writing /test_854.bin... opened: 31290 us, closed:   372 us, I/O: 100532 us, total: 137141 us, speed:    99 KB/s, CRC32: 0xC61C2AA0
Writing /test_855.bin... opened: 37291 us, closed:   353 us, I/O:  82295 us, total: 124843 us, speed:   121 KB/s, CRC32: 0xC61C2AA0
Writing /test_856.bin... opened: 31348 us, closed:   330 us, I/O:  86996 us, total: 123565 us, speed:   114 KB/s, CRC32: 0xC61C2AA0
Writing /test_857.bin... opened: 31386 us, closed:   308 us, I/O:  97040 us, total: 133655 us, speed:   103 KB/s, CRC32: 0xC61C2AA0
Writing /test_858.bin... opened: 37420 us, closed: 1506854 us, I/O:  80605 us, total: 1629795 us, speed:   124 KB/s, CRC32: 0xC61C2AA0
Writing /test_859.bin... opened: 37462 us, closed:   467 us, I/O:  99144 us, total: 142029 us, speed:   100 KB/s, CRC32: 0xC61C2AA0
Writing /test_860.bin... opened: 31584 us, closed:   441 us, I/O:  95189 us, total: 132165 us, speed:   105 KB/s, CRC32: 0xC61C2AA0
Writing /test_861.bin... opened: 37512 us, closed:   442 us, I/O:  79790 us, total: 122695 us, speed:   125 KB/s, CRC32: 0xC61C2AA0
Writing /test_862.bin... opened: 37582 us, closed:   452 us, I/O:  90925 us, total: 133893 us, speed:   109 KB/s, CRC32: 0xC61C2AA0
Writing /test_863.bin... opened: 31710 us, closed:   455 us, I/O:  99067 us, total: 136155 us, speed:   100 KB/s, CRC32: 0xC61C2AA0
Writing /test_864.bin... opened: 37690 us, closed:   441 us, I/O:  84046 us, total: 127105 us, speed:   118 KB/s, CRC32: 0xC61C2AA0
Writing /test_865.bin... opened: 37794 us, closed:   442 us, I/O:  92706 us, total: 135873 us, speed:   107 KB/s, CRC32: 0xC61C2AA0
Writing /test_866.bin... opened: 32027 us, closed:   468 us, I/O:  92172 us, total: 129601 us, speed:   108 KB/s, CRC32: 0xC61C2AA0
Writing /test_867.bin... opened: 32079 us, closed:   445 us, I/O:  83423 us, total: 126845 us, speed:   119 KB/s, CRC32: 0xC61C2AA0
Writing /test_868.bin... opened: 38130 us, closed:   445 us, I/O: 106651 us, total: 150161 us, speed:    93 KB/s, CRC32: 0xC61C2AA0
Writing /test_869.bin... opened: 32282 us, closed:   443 us, I/O:  83198 us, total: 120812 us, speed:   120 KB/s, CRC32: 0xC61C2AA0
Writing /test_870.bin... opened: 32234 us, closed:   445 us, I/O: 100681 us, total: 144258 us, speed:    99 KB/s, CRC32: 0xC61C2AA0
Writing /test_871.bin... opened: 32314 us, closed:   441 us, I/O:  89228 us, total: 126897 us, speed:   112 KB/s, CRC32: 0xC61C2AA0
Writing /test_872.bin... opened: 32437 us, closed:   441 us, I/O: 100135 us, total: 137936 us, speed:    99 KB/s, CRC32: 0xC61C2AA0
Writing /test_873.bin... opened: 38355 us, closed:   443 us, I/O:  89164 us, total: 132889 us, speed:   112 KB/s, CRC32: 0xC61C2AA0
Writing /test_874.bin... opened: 32613 us, closed:   423 us, I/O: 109605 us, total: 147636 us, speed:    91 KB/s, CRC32: 0xC61C2AA0
Writing /test_875.bin... opened: 32719 us, closed:   401 us, I/O:  87708 us, total: 125739 us, speed:   114 KB/s, CRC32: 0xC61C2AA0
Writing /test_876.bin... opened: 38679 us, closed:   386 us, I/O:  86416 us, total: 130420 us, speed:   115 KB/s, CRC32: 0xC61C2AA0
Writing /test_877.bin... opened: 32748 us, closed:   371 us, I/O:  88117 us, total: 126182 us, speed:   113 KB/s, CRC32: 0xC61C2AA0
Writing /test_878.bin... opened: 32889 us, closed:   346 us, I/O: 103975 us, total: 142112 us, speed:    96 KB/s, CRC32: 0xC61C2AA0
Writing /test_879.bin... opened: 38711 us, closed:   327 us, I/O:  82912 us, total: 126896 us, speed:   120 KB/s, CRC32: 0xC61C2AA0
Writing /test_880.bin... opened: 32886 us, closed:   306 us, I/O:  87633 us, total: 125759 us, speed:   114 KB/s, CRC32: 0xC61C2AA0
Writing /test_881.bin... opened: 32941 us, closed: 492944 us, I/O: 100027 us, total: 630830 us, speed:    99 KB/s, CRC32: 0xC61C2AA0
Writing /test_882.bin... opened: 37684 us, closed:   446 us, I/O:  97798 us, total: 140834 us, speed:   102 KB/s, CRC32: 0xC61C2AA0
Writing /test_883.bin... opened: 31851 us, closed:   442 us, I/O:  92897 us, total: 130133 us, speed:   107 KB/s, CRC32: 0xC61C2AA0
Writing /test_884.bin... opened: 32077 us, closed:   440 us, I/O: 106488 us, total: 143957 us, speed:    93 KB/s, CRC32: 0xC61C2AA0
Writing /test_885.bin... opened: 38124 us, closed:   441 us, I/O:  85129 us, total: 128632 us, speed:   117 KB/s, CRC32: 0xC61C2AA0
Writing /test_886.bin... opened: 32130 us, closed:   445 us, I/O:  92572 us, total: 130090 us, speed:   108 KB/s, CRC32: 0xC61C2AA0
Writing /test_887.bin... opened: 32207 us, closed:   440 us, I/O:  95756 us, total: 133324 us, speed:   104 KB/s, CRC32: 0xC61C2AA0
Writing /test_888.bin... opened: 38230 us, closed:   446 us, I/O:  84860 us, total: 128432 us, speed:   117 KB/s, CRC32: 0xC61C2AA0
Writing /test_889.bin... opened: 32349 us, closed:   446 us, I/O: 103131 us, total: 140865 us, speed:    96 KB/s, CRC32: 0xC61C2AA0
Writing /test_890.bin... opened: 32462 us, closed:   443 us, I/O:  89873 us, total: 127679 us, speed:   111 KB/s, CRC32: 0xC61C2AA0
Writing /test_891.bin... opened: 38381 us, closed:   464 us, I/O:  88963 us, total: 132707 us, speed:   112 KB/s, CRC32: 0xC61C2AA0
Writing /test_892.bin... opened: 32678 us, closed:   419 us, I/O: 105498 us, total: 143543 us, speed:    94 KB/s, CRC32: 0xC61C2AA0
Writing /test_893.bin... opened: 32687 us, closed:   404 us, I/O: 101121 us, total: 139111 us, speed:    98 KB/s, CRC32: 0xC61C2AA0
Writing /test_894.bin... opened: 32709 us, closed:   390 us, I/O:  98947 us, total: 136940 us, speed:   101 KB/s, CRC32: 0xC61C2AA0
Writing /test_895.bin... opened: 32799 us, closed:   371 us, I/O:  86919 us, total: 125003 us, speed:   115 KB/s, CRC32: 0xC61C2AA0
Writing /test_896.bin... opened: 38765 us, closed:   345 us, I/O: 100082 us, total: 144143 us, speed:    99 KB/s, CRC32: 0xC61C2AA0
Writing /test_897.bin... opened: 32877 us, closed:   327 us, I/O:  83274 us, total: 121437 us, speed:   120 KB/s, CRC32: 0xC61C2AA0
Writing /test_898.bin... opened: 32892 us, closed:   313 us, I/O:  86989 us, total: 125185 us, speed:   114 KB/s, CRC32: 0xC61C2AA0
Writing /test_899.bin... opened: 32869 us, closed: 1500172 us, I/O: 101435 us, total: 1645369 us, speed:    98 KB/s, CRC32: 0xC61C2AA0
Writing /test_900.bin... opened: 33016 us, closed:   439 us, I/O:  85807 us, total: 124184 us, speed:   116 KB/s, CRC32: 0xC61C2AA0
Writing /test_901.bin... opened: 33006 us, closed:   453 us, I/O: 102960 us, total: 141364 us, speed:    97 KB/s, CRC32: 0xC61C2AA0
Writing /test_902.bin... opened: 39088 us, closed:   439 us, I/O:  91834 us, total: 136304 us, speed:   108 KB/s, CRC32: 0xC61C2AA0
Writing /test_903.bin... opened: 33179 us, closed:   438 us, I/O:  85163 us, total: 123724 us, speed:   117 KB/s, CRC32: 0xC61C2AA0
Writing /test_904.bin... opened: 33229 us, closed:   440 us, I/O:  87341 us, total: 125972 us, speed:   114 KB/s, CRC32: 0xC61C2AA0
Writing /test_905.bin... opened: 33245 us, closed:   445 us, I/O: 100211 us, total: 144816 us, speed:    99 KB/s, CRC32: 0xC61C2AA0
Writing /test_906.bin... opened: 33317 us, closed:   436 us, I/O:  90292 us, total: 128978 us, speed:   110 KB/s, CRC32: 0xC61C2AA0
Writing /test_907.bin... opened: 33598 us, closed:   442 us, I/O:  91208 us, total: 130179 us, speed:   109 KB/s, CRC32: 0xC61C2AA0
Writing /test_908.bin... opened: 39551 us, closed:   442 us, I/O:  93685 us, total: 138594 us, speed:   106 KB/s, CRC32: 0xC61C2AA0
Writing /test_909.bin... opened: 33642 us, closed:   445 us, I/O:  87706 us, total: 126707 us, speed:   114 KB/s, CRC32: 0xC61C2AA0
Writing /test_910.bin... opened: 33713 us, closed:   441 us, I/O: 105013 us, total: 144116 us, speed:    95 KB/s, CRC32: 0xC61C2AA0
Writing /test_911.bin... opened: 39717 us, closed:   444 us, I/O:  81912 us, total: 126965 us, speed:   122 KB/s, CRC32: 0xC61C2AA0
Writing /test_912.bin... opened: 33811 us, closed:   441 us, I/O: 102263 us, total: 141450 us, speed:    97 KB/s, CRC32: 0xC61C2AA0
Writing /test_913.bin... opened: 33915 us, closed:   439 us, I/O:  84212 us, total: 123456 us, speed:   118 KB/s, CRC32: 0xC61C2AA0
Writing /test_914.bin... opened: 39808 us, closed:   442 us, I/O:  95730 us, total: 140891 us, speed:   104 KB/s, CRC32: 0xC61C2AA0
Writing /test_915.bin... opened: 34165 us, closed:   426 us, I/O:  87612 us, total: 127130 us, speed:   114 KB/s, CRC32: 0xC61C2AA0
Writing /test_916.bin... opened: 34230 us, closed:   407 us, I/O: 102262 us, total: 141855 us, speed:    97 KB/s, CRC32: 0xC61C2AA0
Writing /test_917.bin... opened: 40229 us, closed:   390 us, I/O:  87182 us, total: 132744 us, speed:   114 KB/s, CRC32: 0xC61C2AA0
Writing /test_918.bin... opened: 34323 us, closed:   365 us, I/O:  86297 us, total: 125906 us, speed:   115 KB/s, CRC32: 0xC61C2AA0
Writing /test_919.bin... opened: 34371 us, closed:   346 us, I/O:  89008 us, total: 128644 us, speed:   112 KB/s, CRC32: 0xC61C2AA0
Writing /test_920.bin... opened: 40312 us, closed:   324 us, I/O: 101873 us, total: 147442 us, speed:    98 KB/s, CRC32: 0xC61C2AA0
Writing /test_921.bin... opened: 34465 us, closed:   310 us, I/O:  82546 us, total: 122239 us, speed:   121 KB/s, CRC32: 0xC61C2AA0
Writing /test_922.bin... opened: 34442 us, closed: 507009 us, I/O:  89865 us, total: 636243 us, speed:   111 KB/s, CRC32: 0xC61C2AA0
Writing /test_923.bin... opened: 39169 us, closed:   439 us, I/O:  85480 us, total: 130115 us, speed:   116 KB/s, CRC32: 0xC61C2AA0
Writing /test_924.bin... opened: 33304 us, closed:   455 us, I/O:  96308 us, total: 135059 us, speed:   103 KB/s, CRC32: 0xC61C2AA0
Writing /test_925.bin... opened: 33570 us, closed:   445 us, I/O:  92932 us, total: 131846 us, speed:   107 KB/s, CRC32: 0xC61C2AA0
Writing /test_926.bin... opened: 39439 us, closed:   443 us, I/O: 100461 us, total: 145286 us, speed:    99 KB/s, CRC32: 0xC61C2AA0
Writing /test_927.bin... opened: 33637 us, closed:   438 us, I/O:  91839 us, total: 130837 us, speed:   108 KB/s, CRC32: 0xC61C2AA0
Writing /test_928.bin... opened: 33697 us, closed:   441 us, I/O: 100670 us, total: 145724 us, speed:    99 KB/s, CRC32: 0xC61C2AA0
Writing /test_929.bin... opened: 33733 us, closed:   442 us, I/O:  94923 us, total: 134080 us, speed:   105 KB/s, CRC32: 0xC61C2AA0
Writing /test_930.bin... opened: 33878 us, closed:   445 us, I/O:  86128 us, total: 125373 us, speed:   116 KB/s, CRC32: 0xC61C2AA0
Writing /test_931.bin... opened: 39782 us, closed:   441 us, I/O: 100697 us, total: 145880 us, speed:    99 KB/s, CRC32: 0xC61C2AA0
Writing /test_932.bin... opened: 33942 us, closed:   438 us, I/O:  91937 us, total: 131228 us, speed:   108 KB/s, CRC32: 0xC61C2AA0
Writing /test_933.bin... opened: 34205 us, closed:   421 us, I/O:  87345 us, total: 126876 us, speed:   114 KB/s, CRC32: 0xC61C2AA0
Writing /test_934.bin... opened: 39980 us, closed:   399 us, I/O: 108162 us, total: 153448 us, speed:    92 KB/s, CRC32: 0xC61C2AA0
Writing /test_935.bin... opened: 34234 us, closed:   385 us, I/O: 106453 us, total: 146030 us, speed:    93 KB/s, CRC32: 0xC61C2AA0
Writing /test_936.bin... opened: 40305 us, closed:   366 us, I/O:  89803 us, total: 135386 us, speed:   111 KB/s, CRC32: 0xC61C2AA0
Writing /test_937.bin... opened: 34354 us, closed:   344 us, I/O:  87742 us, total: 127391 us, speed:   113 KB/s, CRC32: 0xC61C2AA0
Writing /test_938.bin... opened: 34372 us, closed:   329 us, I/O:  99358 us, total: 138966 us, speed:   100 KB/s, CRC32: 0xC61C2AA0
Writing /test_939.bin... opened: 40351 us, closed:   310 us, I/O:  81428 us, total: 127014 us, speed:   122 KB/s, CRC32: 0xC61C2AA0
Writing /test_940.bin... opened: 34391 us, closed: 1523645 us, I/O:  87833 us, total: 1650805 us, speed:   113 KB/s, CRC32: 0xC61C2AA0
Writing /test_941.bin... opened: 34513 us, closed:   445 us, I/O:  82208 us, total: 128048 us, speed:   121 KB/s, CRC32: 0xC61C2AA0
Writing /test_942.bin... opened: 40490 us, closed:   441 us, I/O:  81769 us, total: 127618 us, speed:   122 KB/s, CRC32: 0xC61C2AA0
Writing /test_943.bin... opened: 34615 us, closed:   441 us, I/O: 101660 us, total: 141627 us, speed:    98 KB/s, CRC32: 0xC61C2AA0
Writing /test_944.bin... opened: 34636 us, closed:   437 us, I/O:  93000 us, total: 138992 us, speed:   107 KB/s, CRC32: 0xC61C2AA0
Writing /test_945.bin... opened: 34751 us, closed:   441 us, I/O:  86138 us, total: 126236 us, speed:   116 KB/s, CRC32: 0xC61C2AA0
Writing /test_946.bin... opened: 34811 us, closed:   445 us, I/O:  89918 us, total: 130141 us, speed:   111 KB/s, CRC32: 0xC61C2AA0
Writing /test_947.bin... opened: 34805 us, closed:   449 us, I/O:  98590 us, total: 144748 us, speed:   101 KB/s, CRC32: 0xC61C2AA0
Writing /test_948.bin... opened: 35052 us, closed:   437 us, I/O:  90856 us, total: 131285 us, speed:   110 KB/s, CRC32: 0xC61C2AA0
Writing /test_949.bin... opened: 35131 us, closed:   445 us, I/O:  87195 us, total: 127720 us, speed:   114 KB/s, CRC32: 0xC61C2AA0
Writing /test_950.bin... opened: 41122 us, closed:   442 us, I/O:  92631 us, total: 139150 us, speed:   107 KB/s, CRC32: 0xC61C2AA0
Writing /test_951.bin... opened: 35217 us, closed:   442 us, I/O:  85332 us, total: 125980 us, speed:   117 KB/s, CRC32: 0xC61C2AA0
Writing /test_952.bin... opened: 35346 us, closed:   442 us, I/O: 101602 us, total: 142350 us, speed:    98 KB/s, CRC32: 0xC61C2AA0
Writing /test_953.bin... opened: 41317 us, closed:   448 us, I/O:  82134 us, total: 128828 us, speed:   121 KB/s, CRC32: 0xC61C2AA0
Writing /test_954.bin... opened: 35406 us, closed:   444 us, I/O:  98400 us, total: 139209 us, speed:   101 KB/s, CRC32: 0xC61C2AA0
Writing /test_955.bin... opened: 35489 us, closed:   442 us, I/O:  83850 us, total: 124707 us, speed:   119 KB/s, CRC32: 0xC61C2AA0
Writing /test_956.bin... opened: 41632 us, closed:   419 us, I/O:  95853 us, total: 142840 us, speed:   104 KB/s, CRC32: 0xC61C2AA0
Writing /test_957.bin... opened: 35719 us, closed:   403 us, I/O:  85815 us, total: 126921 us, speed:   116 KB/s, CRC32: 0xC61C2AA0
Writing /test_958.bin... opened: 35823 us, closed:   385 us, I/O: 102856 us, total: 143986 us, speed:    97 KB/s, CRC32: 0xC61C2AA0
Writing /test_959.bin... opened: 41781 us, closed:   361 us, I/O:  87625 us, total: 134785 us, speed:   114 KB/s, CRC32: 0xC61C2AA0
Writing /test_960.bin... opened: 35814 us, closed:   351 us, I/O:  94102 us, total: 135224 us, speed:   106 KB/s, CRC32: 0xC61C2AA0
Writing /test_961.bin... opened: 35885 us, closed:   330 us, I/O:  98190 us, total: 145309 us, speed:   101 KB/s, CRC32: 0xC61C2AA0
Writing /test_962.bin... opened: 35907 us, closed:   314 us, I/O: 106178 us, total: 147344 us, speed:    94 KB/s, CRC32: 0xC61C2AA0
Writing /test_963.bin... opened: 35995 us, closed: 496234 us, I/O:  82937 us, total: 620077 us, speed:   120 KB/s, CRC32: 0xC61C2AA0
Writing /test_964.bin... opened: 40590 us, closed:   441 us, I/O: 100958 us, total: 146941 us, speed:    99 KB/s, CRC32: 0xC61C2AA0
Writing /test_965.bin... opened: 34832 us, closed:   442 us, I/O:  85793 us, total: 126008 us, speed:   116 KB/s, CRC32: 0xC61C2AA0
Writing /test_966.bin... opened: 35041 us, closed:   441 us, I/O:  96675 us, total: 137061 us, speed:   103 KB/s, CRC32: 0xC61C2AA0
Writing /test_967.bin... opened: 41015 us, closed:   436 us, I/O:  98487 us, total: 144852 us, speed:   101 KB/s, CRC32: 0xC61C2AA0
Writing /test_968.bin... opened: 35170 us, closed:   442 us, I/O: 111600 us, total: 152164 us, speed:    89 KB/s, CRC32: 0xC61C2AA0
Writing /test_969.bin... opened: 41133 us, closed:   444 us, I/O:  84776 us, total: 131281 us, speed:   117 KB/s, CRC32: 0xC61C2AA0
Writing /test_970.bin... opened: 35267 us, closed:   438 us, I/O:  92416 us, total: 133028 us, speed:   108 KB/s, CRC32: 0xC61C2AA0
Writing /test_971.bin... opened: 35422 us, closed:   445 us, I/O:  95373 us, total: 136155 us, speed:   104 KB/s, CRC32: 0xC61C2AA0
Writing /test_972.bin... opened: 41375 us, closed:   442 us, I/O:  85483 us, total: 132201 us, speed:   116 KB/s, CRC32: 0xC61C2AA0
Writing /test_973.bin... opened: 35463 us, closed:   439 us, I/O: 103724 us, total: 144578 us, speed:    96 KB/s, CRC32: 0xC61C2AA0
Writing /test_974.bin... opened: 41651 us, closed:   420 us, I/O:  92345 us, total: 139339 us, speed:   108 KB/s, CRC32: 0xC61C2AA0
Writing /test_975.bin... opened: 35686 us, closed:   398 us, I/O:  87550 us, total: 128584 us, speed:   114 KB/s, CRC32: 0xC61C2AA0
Writing /test_976.bin... opened: 35776 us, closed:   388 us, I/O:  99290 us, total: 140350 us, speed:   100 KB/s, CRC32: 0xC61C2AA0
Writing /test_977.bin... opened: 41769 us, closed:   366 us, I/O: 109205 us, total: 156288 us, speed:    91 KB/s, CRC32: 0xC61C2AA0
Writing /test_978.bin... opened: 35859 us, closed:   347 us, I/O:  92053 us, total: 133185 us, speed:   108 KB/s, CRC32: 0xC61C2AA0
Writing /test_979.bin... opened: 41786 us, closed:   337 us, I/O:  90534 us, total: 137565 us, speed:   110 KB/s, CRC32: 0xC61C2AA0
Writing /test_980.bin... opened: 35903 us, closed:   308 us, I/O: 103667 us, total: 144803 us, speed:    96 KB/s, CRC32: 0xC61C2AA0
Writing /test_981.bin... opened: 35936 us, closed: 1508984 us, I/O:  80061 us, total: 1629926 us, speed:   124 KB/s, CRC32: 0xC61C2AA0
Writing /test_982.bin... opened: 41978 us, closed:   439 us, I/O:  96257 us, total: 143606 us, speed:   103 KB/s, CRC32: 0xC61C2AA0
Writing /test_983.bin... opened: 36089 us, closed:   454 us, I/O:  80053 us, total: 121571 us, speed:   124 KB/s, CRC32: 0xC61C2AA0
Writing /test_984.bin... opened: 36144 us, closed:   443 us, I/O:  79804 us, total: 121327 us, speed:   125 KB/s, CRC32: 0xC61C2AA0
Writing /test_985.bin... opened: 42103 us, closed:   441 us, I/O:  98668 us, total: 146143 us, speed:   101 KB/s, CRC32: 0xC61C2AA0
Writing /test_986.bin... opened: 36233 us, closed:   439 us, I/O:  92007 us, total: 133645 us, speed:   108 KB/s, CRC32: 0xC61C2AA0
Writing /test_987.bin... opened: 36283 us, closed:   444 us, I/O:  80482 us, total: 122154 us, speed:   124 KB/s, CRC32: 0xC61C2AA0
Writing /test_988.bin... opened: 42353 us, closed:   446 us, I/O:  87168 us, total: 134853 us, speed:   114 KB/s, CRC32: 0xC61C2AA0
Writing /test_989.bin... opened: 36556 us, closed:   441 us, I/O:  99106 us, total: 141005 us, speed:   100 KB/s, CRC32: 0xC61C2AA0
Writing /test_990.bin... opened: 36666 us, closed:   446 us, I/O:  85979 us, total: 128015 us, speed:   116 KB/s, CRC32: 0xC61C2AA0
Writing /test_991.bin... opened: 42550 us, closed:   440 us, I/O:  85930 us, total: 133821 us, speed:   116 KB/s, CRC32: 0xC61C2AA0
Writing /test_992.bin... opened: 36819 us, closed:   444 us, I/O:  97109 us, total: 139320 us, speed:   102 KB/s, CRC32: 0xC61C2AA0
Writing /test_993.bin... opened: 36851 us, closed:   438 us, I/O:  83322 us, total: 131489 us, speed:   120 KB/s, CRC32: 0xC61C2AA0
Writing /test_994.bin... opened: 42846 us, closed:   448 us, I/O: 105875 us, total: 154104 us, speed:    94 KB/s, CRC32: 0xC61C2AA0
Writing /test_995.bin... opened: 37009 us, closed:   446 us, I/O:  81585 us, total: 123952 us, speed:   122 KB/s, CRC32: 0xC61C2AA0
Writing /test_996.bin... opened: 42806 us, closed:   464 us, I/O:  96966 us, total: 145209 us, speed:   103 KB/s, CRC32: 0xC61C2AA0
Writing /test_997.bin... opened: 37220 us, closed:   415 us, I/O:  84592 us, total: 127125 us, speed:   118 KB/s, CRC32: 0xC61C2AA0
Writing /test_998.bin... opened: 37297 us, closed:   402 us, I/O:  97229 us, total: 139839 us, speed:   102 KB/s, CRC32: 0xC61C2AA0
Writing /test_999.bin... opened: 43237 us, closed:   389 us, I/O:  85161 us, total: 133686 us, speed:   117 KB/s, CRC32: 0xC61C2AA0
Writing /test_1000.bin... opened:  4280 us, closed:   440 us, I/O: 101158 us, total: 110785 us, speed:    98 KB/s, CRC32: 0xC61C2AA0

=== Write Test Statistics ===
Successful operations: 1000
Failed operations:     0
Data processed: 10000 KB (10240000 bytes)

Timing breakdown:
  Open time     - Avg: 22596.2 us, Min:    561 us, Max: 1516828 us, Diff: 270279.3%
  Close time    - Avg: 44304.6 us, Min:    221 us, Max: 1523645 us, Diff: 689332.1%

Speed statistics:
  Max speed:      127 KB/s
  Avg speed:      109 KB/s
  Min speed:       87 KB/s

Data integrity:
  CRC errors    : 0
  Pattern errors: 0
  Size errors   : 0
  Total errors  : 0

Press any key to continue...
