=== Read Test ===
Filesystem integrity check: OK
Reading 1000 files, 65536 byte blocks
Data pattern: Constant (0xAA), Verification: ON
Reading /test_001.bin... opened:  1937 us, closed:     3 us, I/O:   1892 us, total:   8989 us, speed:  5285 KB/s, CRC: OK, Pattern: OK, Size: OK (0xC61C2AA0)
Reading /test_002.bin... opened:  1886 us, closed:     3 us, I/O:   1892 us, total:   8910 us, speed:  5285 KB/s, CRC: OK, Pattern: OK, Size: OK (0xC61C2AA0)
Reading /test_003.bin... opened:  1867 us, closed:     3 us, I/O:   1892 us, total:   8923 us, speed:  5285 KB/s, CRC: OK, Pattern: OK, Size: OK (0xC61C2AA0)
Reading /test_004.bin... opened:  1848 us, closed:     3 us, I/O:   1889 us, total:   8862 us, speed:  5293 KB/s, CRC: OK, Pattern: OK, Size: OK (0xC61C2AA0)
Reading /test_005.bin... opened:  1871 us, closed:     3 us, I/O:   1889 us, total:   8899 us, speed:  5293 KB/s, CRC: OK, Pattern: OK, Size: OK (0xC61C2AA0)
Reading /test_006.bin... opened:  1852 us, closed:     3 us, I/O:   1888 us, total:   8881 us, speed:  5296 KB/s, CRC: OK, Pattern: OK, Size: OK (0xC61C2AA0)
Reading /test_007.bin... opened:  1821 us, closed:     3 us, I/O:   1892 us, total:   8955 us, speed:  5285 KB/s, CRC: OK, Pattern: OK, Size: OK (0xC61C2AA0)
Reading /test_008.bin... opened:  1781 us, closed:     3 us, I/O:   1888 us, total:   8833 us, speed:  5296 KB/s, CRC: OK, Pattern: OK, Size: OK (0xC61C2AA0)
Reading /test_009.bin... opened:  1786 us, closed:     3 us, I/O:   1888 us, total:   8855 us, speed:  5296 KB/s, CRC: OK, Pattern: OK, Size: OK (0xC61C2AA0)
Reading /test_010.bin... opened:  7736 us, closed:     3 us, I/O:   1887 us, total:  14754 us, speed:  5299 KB/s, CRC: OK, Pattern: OK, Size: OK (0xC61C2AA0)
Reading /test_011.bin... opened:  1778 us, closed:     3 us, I/O:   1884 us, total:   8791 us, speed:  5307 KB/s, CRC: OK, Pattern: OK, Size: OK (0xC61C2AA0)
Reading /test_012.bin... opened:  1778 us, closed:     3 us, I/O:   1892 us, total:   8834 us, speed:  5285 KB/s, CRC: OK, Pattern: OK, Size: OK (0xC61C2AA0)
Reading /test_013.bin... opened:  1718 us, closed:     3 us, I/O:   1885 us, total:   8764 us, speed:  5305 KB/s, CRC: OK, Pattern: OK, Size: OK (0xC61C2AA0)
Reading /test_014.bin... opened:  1714 us, closed:     3 us, I/O:   1921 us, total:   8779 us, speed:  5205 KB/s, CRC: OK, Pattern: OK, Size: OK (0xC61C2AA0)
Reading /test_015.bin... opened:  1677 us, closed:     3 us, I/O:   1892 us, total:   8751 us, speed:  5285 KB/s, CRC: OK, Pattern: OK, Size: OK (0xC61C2AA0)
Reading /test_016.bin... opened:  1680 us, closed:     3 us, I/O:   1893 us, total:   8757 us, speed:  5282 KB/s, CRC: OK, Pattern: OK, Size: OK (0xC61C2AA0)
Reading /test_017.bin... opened:  1693 us, closed:     3 us, I/O:   1891 us, total:   8749 us, speed:  5288 KB/s, CRC: OK, Pattern: OK, Size: OK (0xC61C2AA0)
Reading /test_018.bin... opened:  1636 us, closed:     3 us, I/O:   1891 us, total:   8711 us, speed:  5288 KB/s, CRC: OK, Pattern: OK, Size: OK (0xC61C2AA0)
Reading /test_019.bin... opened:  1642 us, closed:     3 us, I/O:   1888 us, total:  14651 us, speed:  5296 KB/s, CRC: OK, Pattern: OK, Size: OK (0xC61C2AA0)
Reading /test_020.bin... opened:  1620 us, closed:     3 us, I/O:   1902 us, total:   8678 us, speed:  5257 KB/s, CRC: OK, Pattern: OK, Size: OK (0xC61C2AA0)
Reading /test_021.bin... opened:  1617 us, closed:     3 us, I/O:   1886 us, total:   8669 us, speed:  5302 KB/s, CRC: OK, Pattern: OK, Size: OK (0xC61C2AA0)
Reading /test_022.bin... opened:  1583 us, closed:     3 us, I/O:   1889 us, total:   8653 us, speed:  5293 KB/s, CRC: OK, Pattern: OK, Size: OK (0xC61C2AA0)
Reading /test_023.bin... opened:  1576 us, closed:     3 us, I/O:   1892 us, total:   8671 us, speed:  5285 KB/s, CRC: OK, Pattern: OK, Size: OK (0xC61C2AA0)
Reading /test_024.bin... opened:  1561 us, closed:     3 us, I/O:   1888 us, total:   8619 us, speed:  5296 KB/s, CRC: OK, Pattern: OK, Size: OK (0xC61C2AA0)
Reading /test_025.bin... opened:  1543 us, closed:     3 us, I/O:   1892 us, total:   8587 us, speed:  5285 KB/s, CRC: OK, Pattern: OK, Size: OK (0xC61C2AA0)
Reading /test_026.bin... opened:  1571 us, closed:     6 us, I/O:   1884 us, total:   8626 us, speed:  5307 KB/s, CRC: OK, Pattern: OK, Size: OK (0xC61C2AA0)
Reading /test_027.bin... opened:  1529 us, closed:     6 us, I/O:   1888 us, total:   8580 us, speed:  5296 KB/s, CRC: OK, Pattern: OK, Size: OK (0xC61C2AA0)
Reading /test_028.bin... opened:  1528 us, closed:     3 us, I/O:   1888 us, total:   8576 us, speed:  5296 KB/s, CRC: OK, Pattern: OK, Size: OK (0xC61C2AA0)
Reading /test_029.bin... opened:  1479 us, closed:     4 us, I/O:   1888 us, total:   8521 us, speed:  5296 KB/s, CRC: OK, Pattern: OK, Size: OK (0xC61C2AA0)
Reading /test_030.bin... opened:  1481 us, closed:     3 us, I/O:   1891 us, total:   8493 us, speed:  5288 KB/s, CRC: OK, Pattern: OK, Size: OK (0xC61C2AA0)
Reading /test_031.bin... opened:  1440 us, closed:     3 us, I/O:   1889 us, total:   8465 us, speed:  5293 KB/s, CRC: OK, Pattern: OK, Size: OK (0xC61C2AA0)
Reading /test_032.bin... opened:  1467 us, closed:     3 us, I/O:   1887 us, total:   8515 us, speed:  5299 KB/s, CRC: OK, Pattern: OK, Size: OK (0xC61C2AA0)
Reading /test_033.bin... opened:  1458 us, closed:     3 us, I/O:   1904 us, total:   8530 us, speed:  5252 KB/s, CRC: OK, Pattern: OK, Size: OK (0xC61C2AA0)
Reading /test_034.bin... opened:  1408 us, closed:     3 us, I/O:   1910 us, total:   8499 us, speed:  5235 KB/s, CRC: OK, Pattern: OK, Size: OK (0xC61C2AA0)
Reading /test_035.bin... opened:  1411 us, closed:     3 us, I/O:   1888 us, total:   8509 us, speed:  5296 KB/s, CRC: OK, Pattern: OK, Size: OK (0xC61C2AA0)
Reading /test_036.bin... opened:  1399 us, closed:     3 us, I/O:   1888 us, total:   8476 us, speed:  5296 KB/s, CRC: OK, Pattern: OK, Size: OK (0xC61C2AA0)
Reading /test_037.bin... opened:  1375 us, closed:     6 us, I/O:   1884 us, total:   8434 us, speed:  5307 KB/s, CRC: OK, Pattern: OK, Size: OK (0xC61C2AA0)
Reading /test_038.bin... opened:  1372 us, closed:     3 us, I/O:   1885 us, total:  14369 us, speed:  5305 KB/s, CRC: OK, Pattern: OK, Size: OK (0xC61C2AA0)
Reading /test_039.bin... opened:  1368 us, closed:     3 us, I/O:   1882 us, total:   8394 us, speed:  5313 KB/s, CRC: OK, Pattern: OK, Size: OK (0xC61C2AA0)
Reading /test_040.bin... opened:  1369 us, closed:     3 us, I/O:   1891 us, total:   8432 us, speed:  5288 KB/s, CRC: OK, Pattern: OK, Size: OK (0xC61C2AA0)
Reading /test_041.bin... opened:  1358 us, closed:     3 us, I/O:   1888 us, total:   8412 us, speed:  5296 KB/s, CRC: OK, Pattern: OK, Size: OK (0xC61C2AA0)
Reading /test_042.bin... opened:  3264 us, closed:     3 us, I/O:   1890 us, total:  10321 us, speed:  5291 KB/s, CRC: OK, Pattern: OK, Size: OK (0xC61C2AA0)
Reading /test_043.bin... opened:  3272 us, closed:     3 us, I/O:   1892 us, total:  10351 us, speed:  5285 KB/s, CRC: OK, Pattern: OK, Size: OK (0xC61C2AA0)
Reading /test_044.bin... opened:  3226 us, closed:     3 us, I/O:   1892 us, total:  10307 us, speed:  5285 KB/s, CRC: OK, Pattern: OK, Size: OK (0xC61C2AA0)
Reading /test_045.bin... opened:  3249 us, closed:     3 us, I/O:   1893 us, total:  10321 us, speed:  5282 KB/s, CRC: OK, Pattern: OK, Size: OK (0xC61C2AA0)
Reading /test_046.bin... opened:  3197 us, closed:     3 us, I/O:   1900 us, total:  10254 us, speed:  5263 KB/s, CRC: OK, Pattern: OK, Size: OK (0xC61C2AA0)
Reading /test_047.bin... opened:  3200 us, closed:     3 us, I/O:   7287 us, total:  15643 us, speed:  1372 KB/s, CRC: OK, Pattern: OK, Size: OK (0xC61C2AA0)
Reading /test_048.bin... opened:  3237 us, closed:     3 us, I/O:   1884 us, total:  10300 us, speed:  5307 KB/s, CRC: OK, Pattern: OK, Size: OK (0xC61C2AA0)
Reading /test_049.bin... opened:  3165 us, closed:     3 us, I/O:   1889 us, total:  10233 us, speed:  5293 KB/s, CRC: OK, Pattern: OK, Size: OK (0xC61C2AA0)
Reading /test_050.bin... opened:  3160 us, closed:     3 us, I/O:   1889 us, total:  10222 us, speed:  5293 KB/s, CRC: OK, Pattern: OK, Size: OK (0xC61C2AA0)
Reading /test_051.bin... opened:  3133 us, closed:     3 us, I/O:   1887 us, total:  10203 us, speed:  5299 KB/s, CRC: OK, Pattern: OK, Size: OK (0xC61C2AA0)
Reading /test_052.bin... opened:  3147 us, closed:     3 us, I/O:   1892 us, total:  10237 us, speed:  5285 KB/s, CRC: OK, Pattern: OK, Size: OK (0xC61C2AA0)
Reading /test_053.bin... opened:  3110 us, closed:     3 us, I/O:   1891 us, total:  10199 us, speed:  5288 KB/s, CRC: OK, Pattern: OK, Size: OK (0xC61C2AA0)
Reading /test_054.bin... opened:  3095 us, closed:     3 us, I/O:   1888 us, total:  10131 us, speed:  5296 KB/s, CRC: OK, Pattern: OK, Size: OK (0xC61C2AA0)
Reading /test_055.bin... opened:  3077 us, closed:     3 us, I/O:   1889 us, total:  16090 us, speed:  5293 KB/s, CRC: OK, Pattern: OK, Size: OK (0xC61C2AA0)
Reading /test_056.bin... opened:  3068 us, closed:     3 us, I/O:   1892 us, total:  10115 us, speed:  5285 KB/s, CRC: OK, Pattern: OK, Size: OK (0xC61C2AA0)
Reading /test_057.bin... opened:  3072 us, closed:     3 us, I/O:   1906 us, total:  10149 us, speed:  5246 KB/s, CRC: OK, Pattern: OK, Size: OK (0xC61C2AA0)
Reading /test_058.bin... opened:  3024 us, closed:     3 us, I/O:   1888 us, total:  10056 us, speed:  5296 KB/s, CRC: OK, Pattern: OK, Size: OK (0xC61C2AA0)
Reading /test_059.bin... opened:  3035 us, closed:     3 us, I/O:   1892 us, total:  10161 us, speed:  5285 KB/s, CRC: OK, Pattern: OK, Size: OK (0xC61C2AA0)
Reading /test_060.bin... opened:  3002 us, closed:     3 us, I/O:   1893 us, total:  10060 us, speed:  5282 KB/s, CRC: OK, Pattern: OK, Size: OK (0xC61C2AA0)
Reading /test_061.bin... opened:  2984 us, closed:     3 us, I/O:   1888 us, total:  10076 us, speed:  5296 KB/s, CRC: OK, Pattern: OK, Size: OK (0xC61C2AA0)
Reading /test_062.bin... opened:  2975 us, closed:     3 us, I/O:   1887 us, total:  10034 us, speed:  5299 KB/s, CRC: OK, Pattern: OK, Size: OK (0xC61C2AA0)
Reading /test_063.bin... opened:  2959 us, closed:     3 us, I/O:   1889 us, total:  15976 us, speed:  5293 KB/s, CRC: OK, Pattern: OK, Size: OK (0xC61C2AA0)
Reading /test_064.bin... opened:  3006 us, closed:     6 us, I/O:   1888 us, total:  10077 us, speed:  5296 KB/s, CRC: OK, Pattern: OK, Size: OK (0xC61C2AA0)
Reading /test_065.bin... opened:  2948 us, closed:     3 us, I/O:   1890 us, total:  10014 us, speed:  5291 KB/s, CRC: OK, Pattern: OK, Size: OK (0xC61C2AA0)
Reading /test_066.bin... opened:  2930 us, closed:     3 us, I/O:   1889 us, total:  10004 us, speed:  5293 KB/s, CRC: OK, Pattern: OK, Size: OK (0xC61C2AA0)
Reading /test_067.bin... opened:  2907 us, closed:     3 us, I/O:   1890 us, total:   9968 us, speed:  5291 KB/s, CRC: OK, Pattern: OK, Size: OK (0xC61C2AA0)
Reading /test_068.bin... opened:  2892 us, closed:     3 us, I/O:   1889 us, total:   9945 us, speed:  5293 KB/s, CRC: OK, Pattern: OK, Size: OK (0xC61C2AA0)
Reading /test_069.bin... opened:  2885 us, closed:     3 us, I/O:   1889 us, total:   9952 us, speed:  5293 KB/s, CRC: OK, Pattern: OK, Size: OK (0xC61C2AA0)
Reading /test_070.bin... opened:  2909 us, closed:     3 us, I/O:   1882 us, total:   9949 us, speed:  5313 KB/s, CRC: OK, Pattern: OK, Size: OK (0xC61C2AA0)
Reading /test_071.bin... opened:  2847 us, closed:     3 us, I/O:   1891 us, total:   9886 us, speed:  5288 KB/s, CRC: OK, Pattern: OK, Size: OK (0xC61C2AA0)
Reading /test_072.bin... opened:  8675 us, closed:     6 us, I/O:   1885 us, total:  15717 us, speed:  5305 KB/s, CRC: OK, Pattern: OK, Size: OK (0xC61C2AA0)
Reading /test_073.bin... opened:  2850 us, closed:     3 us, I/O:   1888 us, total:   9889 us, speed:  5296 KB/s, CRC: OK, Pattern: OK, Size: OK (0xC61C2AA0)
Reading /test_074.bin... opened:  2802 us, closed:     3 us, I/O:   1889 us, total:   9846 us, speed:  5293 KB/s, CRC: OK, Pattern: OK, Size: OK (0xC61C2AA0)
Reading /test_075.bin... opened:  2811 us, closed:     3 us, I/O:   1885 us, total:   9845 us, speed:  5305 KB/s, CRC: OK, Pattern: OK, Size: OK (0xC61C2AA0)
Reading /test_076.bin... opened:  2781 us, closed:     3 us, I/O:   1892 us, total:   9813 us, speed:  5285 KB/s, CRC: OK, Pattern: OK, Size: OK (0xC61C2AA0)
Reading /test_077.bin... opened:  2762 us, closed:     3 us, I/O:   1890 us, total:   9810 us, speed:  5291 KB/s, CRC: OK, Pattern: OK, Size: OK (0xC61C2AA0)
Reading /test_078.bin... opened:  2731 us, closed:     3 us, I/O:   1888 us, total:   9808 us, speed:  5296 KB/s, CRC: OK, Pattern: OK, Size: OK (0xC61C2AA0)
Reading /test_079.bin... opened:  2725 us, closed:     3 us, I/O:   1888 us, total:   9775 us, speed:  5296 KB/s, CRC: OK, Pattern: OK, Size: OK (0xC61C2AA0)
Reading /test_080.bin... opened:  2742 us, closed:     3 us, I/O:   1892 us, total:  15741 us, speed:  5285 KB/s, CRC: OK, Pattern: OK, Size: OK (0xC61C2AA0)
Reading /test_081.bin... opened:  2692 us, closed:     3 us, I/O:   1891 us, total:   9761 us, speed:  5288 KB/s, CRC: OK, Pattern: OK, Size: OK (0xC61C2AA0)
Reading /test_082.bin... opened:  2690 us, closed:     3 us, I/O:   1890 us, total:   9754 us, speed:  5291 KB/s, CRC: OK, Pattern: OK, Size: OK (0xC61C2AA0)
Reading /test_083.bin... opened:  2685 us, closed:     3 us, I/O:   1887 us, total:   9727 us, speed:  5299 KB/s, CRC: OK, Pattern: OK, Size: OK (0xC61C2AA0)
Reading /test_084.bin... opened:  4650 us, closed:     3 us, I/O:   1885 us, total:  11707 us, speed:  5305 KB/s, CRC: OK, Pattern: OK, Size: OK (0xC61C2AA0)
Reading /test_085.bin... opened:  4622 us, closed:     3 us, I/O:   1892 us, total:  11662 us, speed:  5285 KB/s, CRC: OK, Pattern: OK, Size: OK (0xC61C2AA0)
Reading /test_086.bin... opened:  4634 us, closed:     3 us, I/O:   1891 us, total:  11730 us, speed:  5288 KB/s, CRC: OK, Pattern: OK, Size: OK (0xC61C2AA0)
Reading /test_087.bin... opened:  4618 us, closed:     3 us, I/O:   1896 us, total:  11696 us, speed:  5274 KB/s, CRC: OK, Pattern: OK, Size: OK (0xC61C2AA0)
Reading /test_088.bin... opened:  4587 us, closed:     3 us, I/O:   7830 us, total:  17575 us, speed:  1277 KB/s, CRC: OK, Pattern: OK, Size: OK (0xC61C2AA0)
Reading /test_089.bin... opened:  4595 us, closed:     3 us, I/O:   1893 us, total:  11637 us, speed:  5282 KB/s, CRC: OK, Pattern: OK, Size: OK (0xC61C2AA0)
Reading /test_090.bin... opened:  4606 us, closed:     3 us, I/O:   1895 us, total:  11633 us, speed:  5277 KB/s, CRC: OK, Pattern: OK, Size: OK (0xC61C2AA0)
Reading /test_091.bin... opened:  4558 us, closed:     3 us, I/O:   1888 us, total:  11587 us, speed:  5296 KB/s, CRC: OK, Pattern: OK, Size: OK (0xC61C2AA0)
Reading /test_092.bin... opened:  4548 us, closed:     3 us, I/O:   1888 us, total:  11607 us, speed:  5296 KB/s, CRC: OK, Pattern: OK, Size: OK (0xC61C2AA0)
Reading /test_093.bin... opened:  4504 us, closed:     3 us, I/O:   1891 us, total:  11600 us, speed:  5288 KB/s, CRC: OK, Pattern: OK, Size: OK (0xC61C2AA0)
Reading /test_094.bin... opened:  4482 us, closed:     3 us, I/O:   1904 us, total:  11553 us, speed:  5252 KB/s, CRC: OK, Pattern: OK, Size: OK (0xC61C2AA0)
Reading /test_095.bin... opened:  4480 us, closed:     3 us, I/O:   1893 us, total:  17472 us, speed:  5282 KB/s, CRC: OK, Pattern: OK, Size: OK (0xC61C2AA0)
Reading /test_096.bin... opened:  4468 us, closed:     3 us, I/O:   1892 us, total:  11518 us, speed:  5285 KB/s, CRC: OK, Pattern: OK, Size: OK (0xC61C2AA0)
Reading /test_097.bin... opened:  4441 us, closed:     3 us, I/O:   1890 us, total:  11539 us, speed:  5291 KB/s, CRC: OK, Pattern: OK, Size: OK (0xC61C2AA0)
Reading /test_098.bin... opened:  4457 us, closed:     3 us, I/O:   1892 us, total:  11507 us, speed:  5285 KB/s, CRC: OK, Pattern: OK, Size: OK (0xC61C2AA0)
Reading /test_099.bin... opened:  4478 us, closed:     3 us, I/O:   1922 us, total:  11563 us, speed:  5202 KB/s, CRC: OK, Pattern: OK, Size: OK (0xC61C2AA0)
Reading /test_100.bin... opened:  4432 us, closed:     3 us, I/O:   1888 us, total:  11482 us, speed:  5296 KB/s, CRC: OK, Pattern: OK, Size: OK (0xC61C2AA0)
Reading /test_101.bin... opened:  4442 us, closed:     3 us, I/O:   1890 us, total:  11516 us, speed:  5291 KB/s, CRC: OK, Pattern: OK, Size: OK (0xC61C2AA0)
Reading /test_102.bin... opened:  4384 us, closed:     3 us, I/O:   1888 us, total:  11432 us, speed:  5296 KB/s, CRC: OK, Pattern: OK, Size: OK (0xC61C2AA0)
Reading /test_103.bin... opened: 10251 us, closed:     3 us, I/O:   1892 us, total:  17271 us, speed:  5285 KB/s, CRC: OK, Pattern: OK, Size: OK (0xC61C2AA0)
Reading /test_104.bin... opened:  4369 us, closed:     3 us, I/O:   1888 us, total:  11424 us, speed:  5296 KB/s, CRC: OK, Pattern: OK, Size: OK (0xC61C2AA0)
Reading /test_105.bin... opened:  4351 us, closed:     3 us, I/O:   1890 us, total:  11386 us, speed:  5291 KB/s, CRC: OK, Pattern: OK, Size: OK (0xC61C2AA0)
Reading /test_106.bin... opened:  4360 us, closed:     3 us, I/O:   1888 us, total:  11428 us, speed:  5296 KB/s, CRC: OK, Pattern: OK, Size: OK (0xC61C2AA0)
Reading /test_107.bin... opened:  4298 us, closed:     3 us, I/O:   1888 us, total:  11371 us, speed:  5296 KB/s, CRC: OK, Pattern: OK, Size: OK (0xC61C2AA0)
Reading /test_108.bin... opened:  4294 us, closed:     3 us, I/O:   1885 us, total:  11363 us, speed:  5305 KB/s, CRC: OK, Pattern: OK, Size: OK (0xC61C2AA0)
Reading /test_109.bin... opened:  4277 us, closed:     3 us, I/O:   1891 us, total:  11288 us, speed:  5288 KB/s, CRC: OK, Pattern: OK, Size: OK (0xC61C2AA0)
Reading /test_110.bin... opened:  4275 us, closed:     3 us, I/O:   1889 us, total:  17286 us, speed:  5293 KB/s, CRC: OK, Pattern: OK, Size: OK (0xC61C2AA0)
Reading /test_111.bin... opened:  4238 us, closed:     3 us, I/O:   1885 us, total:  11340 us, speed:  5305 KB/s, CRC: OK, Pattern: OK, Size: OK (0xC61C2AA0)
Reading /test_112.bin... opened:  4232 us, closed:     3 us, I/O:   1889 us, total:  11289 us, speed:  5293 KB/s, CRC: OK, Pattern: OK, Size: OK (0xC61C2AA0)
Reading /test_113.bin... opened:  4200 us, closed:     3 us, I/O:   1887 us, total:  11235 us, speed:  5299 KB/s, CRC: OK, Pattern: OK, Size: OK (0xC61C2AA0)
Reading /test_114.bin... opened:  4194 us, closed:     3 us, I/O:   1888 us, total:  11233 us, speed:  5296 KB/s, CRC: OK, Pattern: OK, Size: OK (0xC61C2AA0)
Reading /test_115.bin... opened:  4232 us, closed:     3 us, I/O:   1896 us, total:  11274 us, speed:  5274 KB/s, CRC: OK, Pattern: OK, Size: OK (0xC61C2AA0)
Reading /test_116.bin... opened:  4177 us, closed:     3 us, I/O:   1886 us, total:  11244 us, speed:  5302 KB/s, CRC: OK, Pattern: OK, Size: OK (0xC61C2AA0)
Reading /test_117.bin... opened:  4162 us, closed:     3 us, I/O:   1885 us, total:  11211 us, speed:  5305 KB/s, CRC: OK, Pattern: OK, Size: OK (0xC61C2AA0)
Reading /test_118.bin... opened: 10099 us, closed:     3 us, I/O:   1891 us, total:  17133 us, speed:  5288 KB/s, CRC: OK, Pattern: OK, Size: OK (0xC61C2AA0)
Reading /test_119.bin... opened:  4125 us, closed:     3 us, I/O:   1890 us, total:  11181 us, speed:  5291 KB/s, CRC: OK, Pattern: OK, Size: OK (0xC61C2AA0)
Reading /test_120.bin... opened:  4097 us, closed:     6 us, I/O:   1884 us, total:  11154 us, speed:  5307 KB/s, CRC: OK, Pattern: OK, Size: OK (0xC61C2AA0)
Reading /test_121.bin... opened:  4099 us, closed:     3 us, I/O:   1888 us, total:  11146 us, speed:  5296 KB/s, CRC: OK, Pattern: OK, Size: OK (0xC61C2AA0)
Reading /test_122.bin... opened:  4111 us, closed:     3 us, I/O:   1889 us, total:  11170 us, speed:  5293 KB/s, CRC: OK, Pattern: OK, Size: OK (0xC61C2AA0)
Reading /test_123.bin... opened:  4069 us, closed:     3 us, I/O:   1893 us, total:  11139 us, speed:  5282 KB/s, CRC: OK, Pattern: OK, Size: OK (0xC61C2AA0)
Reading /test_124.bin... opened:  4048 us, closed:     6 us, I/O:   1892 us, total:  11103 us, speed:  5285 KB/s, CRC: OK, Pattern: OK, Size: OK (0xC61C2AA0)
Reading /test_125.bin... opened:  6120 us, closed:     3 us, I/O:   1885 us, total:  19134 us, speed:  5305 KB/s, CRC: OK, Pattern: OK, Size: OK (0xC61C2AA0)
Reading /test_126.bin... opened:  6173 us, closed:     3 us, I/O:   1887 us, total:  13195 us, speed:  5299 KB/s, CRC: OK, Pattern: OK, Size: OK (0xC61C2AA0)
Reading /test_127.bin... opened:  6109 us, closed:     3 us, I/O:   1894 us, total:  13165 us, speed:  5279 KB/s, CRC: OK, Pattern: OK, Size: OK (0xC61C2AA0)
Reading /test_128.bin... opened:  6087 us, closed:     3 us, I/O:   1887 us, total:  13168 us, speed:  5299 KB/s, CRC: OK, Pattern: OK, Size: OK (0xC61C2AA0)
Reading /test_129.bin... opened:  6054 us, closed:     3 us, I/O:   1883 us, total:  13067 us, speed:  5310 KB/s, CRC: OK, Pattern: OK, Size: OK (0xC61C2AA0)
Reading /test_130.bin... opened:  6093 us, closed:     3 us, I/O:   1887 us, total:  13181 us, speed:  5299 KB/s, CRC: OK, Pattern: OK, Size: OK (0xC61C2AA0)
Reading /test_131.bin... opened:  6068 us, closed:     6 us, I/O:   1891 us, total:  13127 us, speed:  5288 KB/s, CRC: OK, Pattern: OK, Size: OK (0xC61C2AA0)
Reading /test_132.bin... opened: 12007 us, closed:     3 us, I/O:   1892 us, total:  19067 us, speed:  5285 KB/s, CRC: OK, Pattern: OK, Size: OK (0xC61C2AA0)
Reading /test_133.bin... opened:  6012 us, closed:     3 us, I/O:   1881 us, total:  13072 us, speed:  5316 KB/s, CRC: OK, Pattern: OK, Size: OK (0xC61C2AA0)
Reading /test_134.bin... opened:  6010 us, closed:     3 us, I/O:   1882 us, total:  13113 us, speed:  5313 KB/s, CRC: OK, Pattern: OK, Size: OK (0xC61C2AA0)
Reading /test_135.bin... opened:  6026 us, closed:     3 us, I/O:   1884 us, total:  13066 us, speed:  5307 KB/s, CRC: OK, Pattern: OK, Size: OK (0xC61C2AA0)
Reading /test_136.bin... opened:  5957 us, closed:     3 us, I/O:   1888 us, total:  13028 us, speed:  5296 KB/s, CRC: OK, Pattern: OK, Size: OK (0xC61C2AA0)
Reading /test_137.bin... opened:  5986 us, closed:     3 us, I/O:   1890 us, total:  13040 us, speed:  5291 KB/s, CRC: OK, Pattern: OK, Size: OK (0xC61C2AA0)
Reading /test_138.bin... opened:  5961 us, closed:     3 us, I/O:   1889 us, total:  18957 us, speed:  5293 KB/s, CRC: OK, Pattern: OK, Size: OK (0xC61C2AA0)
Reading /test_139.bin... opened:  5946 us, closed:     3 us, I/O:   1904 us, total:  13018 us, speed:  5252 KB/s, CRC: OK, Pattern: OK, Size: OK (0xC61C2AA0)
Reading /test_140.bin... opened:  5951 us, closed:     3 us, I/O:   1892 us, total:  13019 us, speed:  5285 KB/s, CRC: OK, Pattern: OK, Size: OK (0xC61C2AA0)
Reading /test_141.bin... opened:  5909 us, closed:     3 us, I/O:   1882 us, total:  12969 us, speed:  5313 KB/s, CRC: OK, Pattern: OK, Size: OK (0xC61C2AA0)
Reading /test_142.bin... opened:  5919 us, closed:     3 us, I/O:   1882 us, total:  13017 us, speed:  5313 KB/s, CRC: OK, Pattern: OK, Size: OK (0xC61C2AA0)
Reading /test_143.bin... opened:  5879 us, closed:     3 us, I/O:   1890 us, total:  12938 us, speed:  5291 KB/s, CRC: OK, Pattern: OK, Size: OK (0xC61C2AA0)
Reading /test_144.bin... opened:  5888 us, closed:     3 us, I/O:   1882 us, total:  12926 us, speed:  5313 KB/s, CRC: OK, Pattern: OK, Size: OK (0xC61C2AA0)
Reading /test_145.bin... opened:  5815 us, closed:     3 us, I/O:   7352 us, total:  18348 us, speed:  1360 KB/s, CRC: OK, Pattern: OK, Size: OK (0xC61C2AA0)
Reading /test_146.bin... opened:  5812 us, closed:     3 us, I/O:   1885 us, total:  12883 us, speed:  5305 KB/s, CRC: OK, Pattern: OK, Size: OK (0xC61C2AA0)
Reading /test_147.bin... opened:  5845 us, closed:     3 us, I/O:   1893 us, total:  12884 us, speed:  5282 KB/s, CRC: OK, Pattern: OK, Size: OK (0xC61C2AA0)
Reading /test_148.bin... opened:  5821 us, closed:     6 us, I/O:   1888 us, total:  12869 us, speed:  5296 KB/s, CRC: OK, Pattern: OK, Size: OK (0xC61C2AA0)
Reading /test_149.bin... opened:  5816 us, closed:     3 us, I/O:   1883 us, total:  12849 us, speed:  5310 KB/s, CRC: OK, Pattern: OK, Size: OK (0xC61C2AA0)
Reading /test_150.bin... opened:  5785 us, closed:     3 us, I/O:   1892 us, total:  12899 us, speed:  5285 KB/s, CRC: OK, Pattern: OK, Size: OK (0xC61C2AA0)
Reading /test_151.bin... opened:  5739 us, closed:     3 us, I/O:   1885 us, total:  12803 us, speed:  5305 KB/s, CRC: OK, Pattern: OK, Size: OK (0xC61C2AA0)
Reading /test_152.bin... opened: 11694 us, closed:     3 us, I/O:   1884 us, total:  18746 us, speed:  5307 KB/s, CRC: OK, Pattern: OK, Size: OK (0xC61C2AA0)
Reading /test_153.bin... opened:  5737 us, closed:     3 us, I/O:   1888 us, total:  12808 us, speed:  5296 KB/s, CRC: OK, Pattern: OK, Size: OK (0xC61C2AA0)
Reading /test_154.bin... opened:  5719 us, closed:     3 us, I/O:   1887 us, total:  12785 us, speed:  5299 KB/s, CRC: OK, Pattern: OK, Size: OK (0xC61C2AA0)
Reading /test_155.bin... opened:  5710 us, closed:     3 us, I/O:   1885 us, total:  12750 us, speed:  5305 KB/s, CRC: OK, Pattern: OK, Size: OK (0xC61C2AA0)
Reading /test_156.bin... opened:  5715 us, closed:     3 us, I/O:   1889 us, total:  12777 us, speed:  5293 KB/s, CRC: OK, Pattern: OK, Size: OK (0xC61C2AA0)
Reading /test_157.bin... opened:  5706 us, closed:     3 us, I/O:   1890 us, total:  12768 us, speed:  5291 KB/s, CRC: OK, Pattern: OK, Size: OK (0xC61C2AA0)
Reading /test_158.bin... opened:  5664 us, closed:     3 us, I/O:   1886 us, total:  18683 us, speed:  5302 KB/s, CRC: OK, Pattern: OK, Size: OK (0xC61C2AA0)
Reading /test_159.bin... opened:  5652 us, closed:     3 us, I/O:   1889 us, total:  12691 us, speed:  5293 KB/s, CRC: OK, Pattern: OK, Size: OK (0xC61C2AA0)
Reading /test_160.bin... opened:  5607 us, closed:     3 us, I/O:   1886 us, total:  12657 us, speed:  5302 KB/s, CRC: OK, Pattern: OK, Size: OK (0xC61C2AA0)
Reading /test_161.bin... opened:  5600 us, closed:     3 us, I/O:   1913 us, total:  12660 us, speed:  5227 KB/s, CRC: OK, Pattern: OK, Size: OK (0xC61C2AA0)
Reading /test_162.bin... opened:  5602 us, closed:     3 us, I/O:   1887 us, total:  12653 us, speed:  5299 KB/s, CRC: OK, Pattern: OK, Size: OK (0xC61C2AA0)
Reading /test_163.bin... opened:  5624 us, closed:     3 us, I/O:   1885 us, total:  12711 us, speed:  5305 KB/s, CRC: OK, Pattern: OK, Size: OK (0xC61C2AA0)
Reading /test_164.bin... opened:  5561 us, closed:     3 us, I/O:   1887 us, total:  12616 us, speed:  5299 KB/s, CRC: OK, Pattern: OK, Size: OK (0xC61C2AA0)
Reading /test_165.bin... opened:  5539 us, closed:     3 us, I/O:   1890 us, total:  18550 us, speed:  5291 KB/s, CRC: OK, Pattern: OK, Size: OK (0xC61C2AA0)
Reading /test_166.bin... opened:  7644 us, closed:     3 us, I/O:   1891 us, total:  14680 us, speed:  5288 KB/s, CRC: OK, Pattern: OK, Size: OK (0xC61C2AA0)
Reading /test_167.bin... opened:  7662 us, closed:     3 us, I/O:   1893 us, total:  14700 us, speed:  5282 KB/s, CRC: OK, Pattern: OK, Size: OK (0xC61C2AA0)
Reading /test_168.bin... opened:  7606 us, closed:     3 us, I/O:   1886 us, total:  14647 us, speed:  5302 KB/s, CRC: OK, Pattern: OK, Size: OK (0xC61C2AA0)
Reading /test_169.bin... opened:  7578 us, closed:     3 us, I/O:   1888 us, total:  14657 us, speed:  5296 KB/s, CRC: OK, Pattern: OK, Size: OK (0xC61C2AA0)
Reading /test_170.bin... opened:  7617 us, closed:     3 us, I/O:   1888 us, total:  14702 us, speed:  5296 KB/s, CRC: OK, Pattern: OK, Size: OK (0xC61C2AA0)
Reading /test_171.bin... opened:  7602 us, closed:     3 us, I/O:   7770 us, total:  20513 us, speed:  1287 KB/s, CRC: OK, Pattern: OK, Size: OK (0xC61C2AA0)
Reading /test_172.bin... opened:  7628 us, closed:     3 us, I/O:   1891 us, total:  14689 us, speed:  5288 KB/s, CRC: OK, Pattern: OK, Size: OK (0xC61C2AA0)
Reading /test_173.bin... opened:  7548 us, closed:     3 us, I/O:   1898 us, total:  14630 us, speed:  5268 KB/s, CRC: OK, Pattern: OK, Size: OK (0xC61C2AA0)
Reading /test_174.bin... opened:  7551 us, closed:     3 us, I/O:   1888 us, total:  14624 us, speed:  5296 KB/s, CRC: OK, Pattern: OK, Size: OK (0xC61C2AA0)
Reading /test_175.bin... opened:  7514 us, closed:     3 us, I/O:   1889 us, total:  14603 us, speed:  5293 KB/s, CRC: OK, Pattern: OK, Size: OK (0xC61C2AA0)
Reading /test_176.bin... opened:  7539 us, closed:     3 us, I/O:   1909 us, total:  14610 us, speed:  5238 KB/s, CRC: OK, Pattern: OK, Size: OK (0xC61C2AA0)
Reading /test_177.bin... opened:  7491 us, closed:     3 us, I/O:   7707 us, total:  20359 us, speed:  1297 KB/s, CRC: OK, Pattern: OK, Size: OK (0xC61C2AA0)
Reading /test_178.bin... opened:  7505 us, closed:     3 us, I/O:   1891 us, total:  14565 us, speed:  5288 KB/s, CRC: OK, Pattern: OK, Size: OK (0xC61C2AA0)
Reading /test_179.bin... opened:  7436 us, closed:     3 us, I/O:   1881 us, total:  14504 us, speed:  5316 KB/s, CRC: OK, Pattern: OK, Size: OK (0xC61C2AA0)
Reading /test_180.bin... opened:  7464 us, closed:     6 us, I/O:   1890 us, total:  14516 us, speed:  5291 KB/s, CRC: OK, Pattern: OK, Size: OK (0xC61C2AA0)
Reading /test_181.bin... opened:  7478 us, closed:     3 us, I/O:   1886 us, total:  14571 us, speed:  5302 KB/s, CRC: OK, Pattern: OK, Size: OK (0xC61C2AA0)
Reading /test_182.bin... opened:  7434 us, closed:     3 us, I/O:   1889 us, total:  14493 us, speed:  5293 KB/s, CRC: OK, Pattern: OK, Size: OK (0xC61C2AA0)
Reading /test_183.bin... opened:  7430 us, closed:     3 us, I/O:   7317 us, total:  19873 us, speed:  1366 KB/s, CRC: OK, Pattern: OK, Size: OK (0xC61C2AA0)
Reading /test_184.bin... opened:  7400 us, closed:     3 us, I/O:   1885 us, total:  14434 us, speed:  5305 KB/s, CRC: OK, Pattern: OK, Size: OK (0xC61C2AA0)
Reading /test_185.bin... opened:  7367 us, closed:     3 us, I/O:   1885 us, total:  14417 us, speed:  5305 KB/s, CRC: OK, Pattern: OK, Size: OK (0xC61C2AA0)
Reading /test_186.bin... opened:  7371 us, closed:     3 us, I/O:   1888 us, total:  14383 us, speed:  5296 KB/s, CRC: OK, Pattern: OK, Size: OK (0xC61C2AA0)
Reading /test_187.bin... opened:  7365 us, closed:     3 us, I/O:   1892 us, total:  14455 us, speed:  5285 KB/s, CRC: OK, Pattern: OK, Size: OK (0xC61C2AA0)
Reading /test_188.bin... opened:  7405 us, closed:     3 us, I/O:   1888 us, total:  14422 us, speed:  5296 KB/s, CRC: OK, Pattern: OK, Size: OK (0xC61C2AA0)
Reading /test_189.bin... opened:  7301 us, closed:     3 us, I/O:   7873 us, total:  20306 us, speed:  1270 KB/s, CRC: OK, Pattern: OK, Size: OK (0xC61C2AA0)
Reading /test_190.bin... opened:  7327 us, closed:     3 us, I/O:   1885 us, total:  14396 us, speed:  5305 KB/s, CRC: OK, Pattern: OK, Size: OK (0xC61C2AA0)
Reading /test_191.bin... opened:  7264 us, closed:     3 us, I/O:   1889 us, total:  14352 us, speed:  5293 KB/s, CRC: OK, Pattern: OK, Size: OK (0xC61C2AA0)
Reading /test_192.bin... opened:  7294 us, closed:     3 us, I/O:   1892 us, total:  14305 us, speed:  5285 KB/s, CRC: OK, Pattern: OK, Size: OK (0xC61C2AA0)
Reading /test_193.bin... opened:  7281 us, closed:     3 us, I/O:   1888 us, total:  14333 us, speed:  5296 KB/s, CRC: OK, Pattern: OK, Size: OK (0xC61C2AA0)
Reading /test_194.bin... opened:  7268 us, closed:     3 us, I/O:   1884 us, total:  14292 us, speed:  5307 KB/s, CRC: OK, Pattern: OK, Size: OK (0xC61C2AA0)
Reading /test_195.bin... opened:  7223 us, closed:     3 us, I/O:   7770 us, total:  20127 us, speed:  1287 KB/s, CRC: OK, Pattern: OK, Size: OK (0xC61C2AA0)
Reading /test_196.bin... opened:  7216 us, closed:     3 us, I/O:   1889 us, total:  14291 us, speed:  5293 KB/s, CRC: OK, Pattern: OK, Size: OK (0xC61C2AA0)
Reading /test_197.bin... opened:  7237 us, closed:     3 us, I/O:   1891 us, total:  14267 us, speed:  5288 KB/s, CRC: OK, Pattern: OK, Size: OK (0xC61C2AA0)
Reading /test_198.bin... opened:  7189 us, closed:     3 us, I/O:   1901 us, total:  14210 us, speed:  5260 KB/s, CRC: OK, Pattern: OK, Size: OK (0xC61C2AA0)
Reading /test_199.bin... opened:  7175 us, closed:     3 us, I/O:   1888 us, total:  14234 us, speed:  5296 KB/s, CRC: OK, Pattern: OK, Size: OK (0xC61C2AA0)
Reading /test_200.bin... opened:  7152 us, closed:     3 us, I/O:   1889 us, total:  14176 us, speed:  5293 KB/s, CRC: OK, Pattern: OK, Size: OK (0xC61C2AA0)
Reading /test_201.bin... opened:  7159 us, closed:     3 us, I/O:   1889 us, total:  20189 us, speed:  5293 KB/s, CRC: OK, Pattern: OK, Size: OK (0xC61C2AA0)
Reading /test_202.bin... opened:  7118 us, closed:     3 us, I/O:   1888 us, total:  14182 us, speed:  5296 KB/s, CRC: OK, Pattern: OK, Size: OK (0xC61C2AA0)
Reading /test_203.bin... opened:  7108 us, closed:     3 us, I/O:   1890 us, total:  14186 us, speed:  5291 KB/s, CRC: OK, Pattern: OK, Size: OK (0xC61C2AA0)
Reading /test_204.bin... opened:  7148 us, closed:     3 us, I/O:   1890 us, total:  14180 us, speed:  5291 KB/s, CRC: OK, Pattern: OK, Size: OK (0xC61C2AA0)
Reading /test_205.bin... opened:  7075 us, closed:     3 us, I/O:   1889 us, total:  14133 us, speed:  5293 KB/s, CRC: OK, Pattern: OK, Size: OK (0xC61C2AA0)
Reading /test_206.bin... opened:  7088 us, closed:     3 us, I/O:   1890 us, total:  14111 us, speed:  5291 KB/s, CRC: OK, Pattern: OK, Size: OK (0xC61C2AA0)
Reading /test_207.bin... opened:  9160 us, closed:     3 us, I/O:   1891 us, total:  22175 us, speed:  5288 KB/s, CRC: OK, Pattern: OK, Size: OK (0xC61C2AA0)
Reading /test_208.bin... opened:  9174 us, closed:     3 us, I/O:   1888 us, total:  16234 us, speed:  5296 KB/s, CRC: OK, Pattern: OK, Size: OK (0xC61C2AA0)
Reading /test_209.bin... opened:  9131 us, closed:     3 us, I/O:   1885 us, total:  16169 us, speed:  5305 KB/s, CRC: OK, Pattern: OK, Size: OK (0xC61C2AA0)
Reading /test_210.bin... opened:  9106 us, closed:     3 us, I/O:   1888 us, total:  16146 us, speed:  5296 KB/s, CRC: OK, Pattern: OK, Size: OK (0xC61C2AA0)
Reading /test_211.bin... opened:  9090 us, closed:     3 us, I/O:   1891 us, total:  16183 us, speed:  5288 KB/s, CRC: OK, Pattern: OK, Size: OK (0xC61C2AA0)
Reading /test_212.bin... opened:  9073 us, closed:     6 us, I/O:   1888 us, total:  16119 us, speed:  5296 KB/s, CRC: OK, Pattern: OK, Size: OK (0xC61C2AA0)
Reading /test_213.bin... opened: 14917 us, closed:     3 us, I/O:   1889 us, total:  21975 us, speed:  5293 KB/s, CRC: OK, Pattern: OK, Size: OK (0xC61C2AA0)
Reading /test_214.bin... opened:  9068 us, closed:     3 us, I/O:   1889 us, total:  16101 us, speed:  5293 KB/s, CRC: OK, Pattern: OK, Size: OK (0xC61C2AA0)
Reading /test_215.bin... opened:  9021 us, closed:     3 us, I/O:   1891 us, total:  16087 us, speed:  5288 KB/s, CRC: OK, Pattern: OK, Size: OK (0xC61C2AA0)
Reading /test_216.bin... opened:  9022 us, closed:     3 us, I/O:   1888 us, total:  16092 us, speed:  5296 KB/s, CRC: OK, Pattern: OK, Size: OK (0xC61C2AA0)
Reading /test_217.bin... opened:  9037 us, closed:     3 us, I/O:   1892 us, total:  16102 us, speed:  5285 KB/s, CRC: OK, Pattern: OK, Size: OK (0xC61C2AA0)
Reading /test_218.bin... opened: 14942 us, closed:     3 us, I/O:   1888 us, total:  21977 us, speed:  5296 KB/s, CRC: OK, Pattern: OK, Size: OK (0xC61C2AA0)
Reading /test_219.bin... opened:  8980 us, closed:     3 us, I/O:   1888 us, total:  16019 us, speed:  5296 KB/s, CRC: OK, Pattern: OK, Size: OK (0xC61C2AA0)
Reading /test_220.bin... opened:  8977 us, closed:     3 us, I/O:   1888 us, total:  16055 us, speed:  5296 KB/s, CRC: OK, Pattern: OK, Size: OK (0xC61C2AA0)
Reading /test_221.bin... opened:  8975 us, closed:     3 us, I/O:   1887 us, total:  16024 us, speed:  5299 KB/s, CRC: OK, Pattern: OK, Size: OK (0xC61C2AA0)
Reading /test_222.bin... opened:  8966 us, closed:     3 us, I/O:   1885 us, total:  16040 us, speed:  5305 KB/s, CRC: OK, Pattern: OK, Size: OK (0xC61C2AA0)
Reading /test_223.bin... opened:  8908 us, closed:     3 us, I/O:   1903 us, total:  15989 us, speed:  5254 KB/s, CRC: OK, Pattern: OK, Size: OK (0xC61C2AA0)
Reading /test_224.bin... opened:  8926 us, closed:     3 us, I/O:   1892 us, total:  15990 us, speed:  5285 KB/s, CRC: OK, Pattern: OK, Size: OK (0xC61C2AA0)
Reading /test_225.bin... opened:  8893 us, closed:     3 us, I/O:   1885 us, total:  15956 us, speed:  5305 KB/s, CRC: OK, Pattern: OK, Size: OK (0xC61C2AA0)
Reading /test_226.bin... opened:  8866 us, closed:     3 us, I/O:   1892 us, total:  15938 us, speed:  5285 KB/s, CRC: OK, Pattern: OK, Size: OK (0xC61C2AA0)
Reading /test_227.bin... opened:  8867 us, closed:     4 us, I/O:   1887 us, total:  15934 us, speed:  5299 KB/s, CRC: OK, Pattern: OK, Size: OK (0xC61C2AA0)
Reading /test_228.bin... opened:  8879 us, closed:     3 us, I/O:   1891 us, total:  15953 us, speed:  5288 KB/s, CRC: OK, Pattern: OK, Size: OK (0xC61C2AA0)
Reading /test_229.bin... opened: 14843 us, closed:     3 us, I/O:   1892 us, total:  21870 us, speed:  5285 KB/s, CRC: OK, Pattern: OK, Size: OK (0xC61C2AA0)
Reading /test_230.bin... opened:  8807 us, closed:     3 us, I/O:   1889 us, total:  15863 us, speed:  5293 KB/s, CRC: OK, Pattern: OK, Size: OK (0xC61C2AA0)
Reading /test_231.bin... opened:  8821 us, closed:     3 us, I/O:   1891 us, total:  15855 us, speed:  5288 KB/s, CRC: OK, Pattern: OK, Size: OK (0xC61C2AA0)
Reading /test_232.bin... opened:  8788 us, closed:     3 us, I/O:   1889 us, total:  15832 us, speed:  5293 KB/s, CRC: OK, Pattern: OK, Size: OK (0xC61C2AA0)
Reading /test_233.bin... opened:  8767 us, closed:     3 us, I/O:   1887 us, total:  15855 us, speed:  5299 KB/s, CRC: OK, Pattern: OK, Size: OK (0xC61C2AA0)
Reading /test_234.bin... opened:  8744 us, closed:     3 us, I/O:   1892 us, total:  15814 us, speed:  5285 KB/s, CRC: OK, Pattern: OK, Size: OK (0xC61C2AA0)
Reading /test_235.bin... opened:  8713 us, closed:     3 us, I/O:   1888 us, total:  15751 us, speed:  5296 KB/s, CRC: OK, Pattern: OK, Size: OK (0xC61C2AA0)
Reading /test_236.bin... opened:  8728 us, closed:     3 us, I/O:   1887 us, total:  15790 us, speed:  5299 KB/s, CRC: OK, Pattern: OK, Size: OK (0xC61C2AA0)
Reading /test_237.bin... opened:  8723 us, closed:     3 us, I/O:   1888 us, total:  15771 us, speed:  5296 KB/s, CRC: OK, Pattern: OK, Size: OK (0xC61C2AA0)
Reading /test_238.bin... opened:  8763 us, closed:     3 us, I/O:   1888 us, total:  15808 us, speed:  5296 KB/s, CRC: OK, Pattern: OK, Size: OK (0xC61C2AA0)
Reading /test_239.bin... opened:  8698 us, closed:     6 us, I/O:   1888 us, total:  15743 us, speed:  5296 KB/s, CRC: OK, Pattern: OK, Size: OK (0xC61C2AA0)
Reading /test_240.bin... opened: 14659 us, closed:     3 us, I/O:   1882 us, total:  21707 us, speed:  5313 KB/s, CRC: OK, Pattern: OK, Size: OK (0xC61C2AA0)
Reading /test_241.bin... opened:  8640 us, closed:     3 us, I/O:   1888 us, total:  15720 us, speed:  5296 KB/s, CRC: OK, Pattern: OK, Size: OK (0xC61C2AA0)
Reading /test_242.bin... opened:  8653 us, closed:     3 us, I/O:   1892 us, total:  15708 us, speed:  5285 KB/s, CRC: OK, Pattern: OK, Size: OK (0xC61C2AA0)
Reading /test_243.bin... opened:  8627 us, closed:     3 us, I/O:   1889 us, total:  15714 us, speed:  5293 KB/s, CRC: OK, Pattern: OK, Size: OK (0xC61C2AA0)
Reading /test_244.bin... opened:  8621 us, closed:     3 us, I/O:   1885 us, total:  15653 us, speed:  5305 KB/s, CRC: OK, Pattern: OK, Size: OK (0xC61C2AA0)
Reading /test_245.bin... opened:  8620 us, closed:     3 us, I/O:   1888 us, total:  15721 us, speed:  5296 KB/s, CRC: OK, Pattern: OK, Size: OK (0xC61C2AA0)
Reading /test_246.bin... opened: 14524 us, closed:     3 us, I/O:   1908 us, total:  21575 us, speed:  5241 KB/s, CRC: OK, Pattern: OK, Size: OK (0xC61C2AA0)
Reading /test_247.bin... opened:  8594 us, closed:     3 us, I/O:   1893 us, total:  15662 us, speed:  5282 KB/s, CRC: OK, Pattern: OK, Size: OK (0xC61C2AA0)
Reading /test_248.bin... opened: 10682 us, closed:     3 us, I/O:   1885 us, total:  17719 us, speed:  5305 KB/s, CRC: OK, Pattern: OK, Size: OK (0xC61C2AA0)
Reading /test_249.bin... opened: 10646 us, closed:     3 us, I/O:   1888 us, total:  17686 us, speed:  5296 KB/s, CRC: OK, Pattern: OK, Size: OK (0xC61C2AA0)
Reading /test_250.bin... opened: 10639 us, closed:     3 us, I/O:   1895 us, total:  17729 us, speed:  5277 KB/s, CRC: OK, Pattern: OK, Size: OK (0xC61C2AA0)
Reading /test_251.bin... opened: 16464 us, closed:     3 us, I/O:   1888 us, total:  23555 us, speed:  5296 KB/s, CRC: OK, Pattern: OK, Size: OK (0xC61C2AA0)
Reading /test_252.bin... opened: 10606 us, closed:     3 us, I/O:   1885 us, total:  17690 us, speed:  5305 KB/s, CRC: OK, Pattern: OK, Size: OK (0xC61C2AA0)
Reading /test_253.bin... opened: 10618 us, closed:     3 us, I/O:   1889 us, total:  17648 us, speed:  5293 KB/s, CRC: OK, Pattern: OK, Size: OK (0xC61C2AA0)
Reading /test_254.bin... opened: 10629 us, closed:     3 us, I/O:   1912 us, total:  17687 us, speed:  5230 KB/s, CRC: OK, Pattern: OK, Size: OK (0xC61C2AA0)
Reading /test_255.bin... opened: 10595 us, closed:     3 us, I/O:   1887 us, total:  17658 us, speed:  5299 KB/s, CRC: OK, Pattern: OK, Size: OK (0xC61C2AA0)
Reading /test_256.bin... opened: 16492 us, closed:     3 us, I/O:   1892 us, total:  23557 us, speed:  5285 KB/s, CRC: OK, Pattern: OK, Size: OK (0xC61C2AA0)
Reading /test_257.bin... opened: 10531 us, closed:     3 us, I/O:   1884 us, total:  17584 us, speed:  5307 KB/s, CRC: OK, Pattern: OK, Size: OK (0xC61C2AA0)
Reading /test_258.bin... opened: 10548 us, closed:     3 us, I/O:   1886 us, total:  17590 us, speed:  5302 KB/s, CRC: OK, Pattern: OK, Size: OK (0xC61C2AA0)
Reading /test_259.bin... opened: 10484 us, closed:     3 us, I/O:   1928 us, total:  17540 us, speed:  5186 KB/s, CRC: OK, Pattern: OK, Size: OK (0xC61C2AA0)
Reading /test_260.bin... opened: 10488 us, closed:     3 us, I/O:   1892 us, total:  17537 us, speed:  5285 KB/s, CRC: OK, Pattern: OK, Size: OK (0xC61C2AA0)
Reading /test_261.bin... opened: 16418 us, closed:     3 us, I/O:   1891 us, total:  23498 us, speed:  5288 KB/s, CRC: OK, Pattern: OK, Size: OK (0xC61C2AA0)
Reading /test_262.bin... opened: 10476 us, closed:     3 us, I/O:   1885 us, total:  17564 us, speed:  5305 KB/s, CRC: OK, Pattern: OK, Size: OK (0xC61C2AA0)
Reading /test_263.bin... opened: 10445 us, closed:     3 us, I/O:   1894 us, total:  17497 us, speed:  5279 KB/s, CRC: OK, Pattern: OK, Size: OK (0xC61C2AA0)
Reading /test_264.bin... opened: 10419 us, closed:     3 us, I/O:   1886 us, total:  17438 us, speed:  5302 KB/s, CRC: OK, Pattern: OK, Size: OK (0xC61C2AA0)
Reading /test_265.bin... opened: 10429 us, closed:     3 us, I/O:   1889 us, total:  17494 us, speed:  5293 KB/s, CRC: OK, Pattern: OK, Size: OK (0xC61C2AA0)
Reading /test_266.bin... opened: 16369 us, closed:     3 us, I/O:   1892 us, total:  23423 us, speed:  5285 KB/s, CRC: OK, Pattern: OK, Size: OK (0xC61C2AA0)
Reading /test_267.bin... opened: 10361 us, closed:     3 us, I/O:   1888 us, total:  17432 us, speed:  5296 KB/s, CRC: OK, Pattern: OK, Size: OK (0xC61C2AA0)
Reading /test_268.bin... opened: 10378 us, closed:     3 us, I/O:   1892 us, total:  17435 us, speed:  5285 KB/s, CRC: OK, Pattern: OK, Size: OK (0xC61C2AA0)
Reading /test_269.bin... opened: 10379 us, closed:     3 us, I/O:   1888 us, total:  17412 us, speed:  5296 KB/s, CRC: OK, Pattern: OK, Size: OK (0xC61C2AA0)
Reading /test_270.bin... opened: 10426 us, closed:     3 us, I/O:   1887 us, total:  17482 us, speed:  5299 KB/s, CRC: OK, Pattern: OK, Size: OK (0xC61C2AA0)
Reading /test_271.bin... opened: 16155 us, closed:     3 us, I/O:   1892 us, total:  23221 us, speed:  5285 KB/s, CRC: OK, Pattern: OK, Size: OK (0xC61C2AA0)
Reading /test_272.bin... opened: 10308 us, closed:     3 us, I/O:   1891 us, total:  17388 us, speed:  5288 KB/s, CRC: OK, Pattern: OK, Size: OK (0xC61C2AA0)
Reading /test_273.bin... opened: 10309 us, closed:     3 us, I/O:   1888 us, total:  17394 us, speed:  5296 KB/s, CRC: OK, Pattern: OK, Size: OK (0xC61C2AA0)
Reading /test_274.bin... opened: 10296 us, closed:     3 us, I/O:   1888 us, total:  17373 us, speed:  5296 KB/s, CRC: OK, Pattern: OK, Size: OK (0xC61C2AA0)
Reading /test_275.bin... opened: 10299 us, closed:     3 us, I/O:   1885 us, total:  17353 us, speed:  5305 KB/s, CRC: OK, Pattern: OK, Size: OK (0xC61C2AA0)
Reading /test_276.bin... opened: 16234 us, closed:     3 us, I/O:   1888 us, total:  23285 us, speed:  5296 KB/s, CRC: OK, Pattern: OK, Size: OK (0xC61C2AA0)
Reading /test_277.bin... opened: 10226 us, closed:     3 us, I/O:   1882 us, total:  17271 us, speed:  5313 KB/s, CRC: OK, Pattern: OK, Size: OK (0xC61C2AA0)
Reading /test_278.bin... opened: 10209 us, closed:     3 us, I/O:   1889 us, total:  17293 us, speed:  5293 KB/s, CRC: OK, Pattern: OK, Size: OK (0xC61C2AA0)
Reading /test_279.bin... opened: 10231 us, closed:     3 us, I/O:   1891 us, total:  17278 us, speed:  5288 KB/s, CRC: OK, Pattern: OK, Size: OK (0xC61C2AA0)
Reading /test_280.bin... opened: 10207 us, closed:     3 us, I/O:   1883 us, total:  17273 us, speed:  5310 KB/s, CRC: OK, Pattern: OK, Size: OK (0xC61C2AA0)
Reading /test_281.bin... opened: 16069 us, closed:     3 us, I/O:   1890 us, total:  23135 us, speed:  5291 KB/s, CRC: OK, Pattern: OK, Size: OK (0xC61C2AA0)
Reading /test_282.bin... opened: 10169 us, closed:     3 us, I/O:   1889 us, total:  17217 us, speed:  5293 KB/s, CRC: OK, Pattern: OK, Size: OK (0xC61C2AA0)
Reading /test_283.bin... opened: 10130 us, closed:     3 us, I/O:   1888 us, total:  17236 us, speed:  5296 KB/s, CRC: OK, Pattern: OK, Size: OK (0xC61C2AA0)
Reading /test_284.bin... opened: 10112 us, closed:     3 us, I/O:   1916 us, total:  17172 us, speed:  5219 KB/s, CRC: OK, Pattern: OK, Size: OK (0xC61C2AA0)
Reading /test_285.bin... opened: 10153 us, closed:     3 us, I/O:   1892 us, total:  17191 us, speed:  5285 KB/s, CRC: OK, Pattern: OK, Size: OK (0xC61C2AA0)
Reading /test_286.bin... opened: 16117 us, closed:     3 us, I/O:   1892 us, total:  23134 us, speed:  5285 KB/s, CRC: OK, Pattern: OK, Size: OK (0xC61C2AA0)
Reading /test_287.bin... opened: 10061 us, closed:     3 us, I/O:   1892 us, total:  17099 us, speed:  5285 KB/s, CRC: OK, Pattern: OK, Size: OK (0xC61C2AA0)
Reading /test_288.bin... opened: 10061 us, closed:     3 us, I/O:   1888 us, total:  17109 us, speed:  5296 KB/s, CRC: OK, Pattern: OK, Size: OK (0xC61C2AA0)
Reading /test_289.bin... opened: 12196 us, closed:     3 us, I/O:   1892 us, total:  19247 us, speed:  5285 KB/s, CRC: OK, Pattern: OK, Size: OK (0xC61C2AA0)
Reading /test_290.bin... opened: 12183 us, closed:     3 us, I/O:   1890 us, total:  19228 us, speed:  5291 KB/s, CRC: OK, Pattern: OK, Size: OK (0xC61C2AA0)
Reading /test_291.bin... opened: 18127 us, closed:     3 us, I/O:   1889 us, total:  25181 us, speed:  5293 KB/s, CRC: OK, Pattern: OK, Size: OK (0xC61C2AA0)
Reading /test_292.bin... opened: 12160 us, closed:     3 us, I/O:   1889 us, total:  19199 us, speed:  5293 KB/s, CRC: OK, Pattern: OK, Size: OK (0xC61C2AA0)
Reading /test_293.bin... opened: 12145 us, closed:     3 us, I/O:   1888 us, total:  19196 us, speed:  5296 KB/s, CRC: OK, Pattern: OK, Size: OK (0xC61C2AA0)
Reading /test_294.bin... opened: 12075 us, closed:     3 us, I/O:   1892 us, total:  19089 us, speed:  5285 KB/s, CRC: OK, Pattern: OK, Size: OK (0xC61C2AA0)
Reading /test_295.bin... opened: 12126 us, closed:     3 us, I/O:   1889 us, total:  25127 us, speed:  5293 KB/s, CRC: OK, Pattern: OK, Size: OK (0xC61C2AA0)
Reading /test_296.bin... opened: 12093 us, closed:     3 us, I/O:   1881 us, total:  19132 us, speed:  5316 KB/s, CRC: OK, Pattern: OK, Size: OK (0xC61C2AA0)
Reading /test_297.bin... opened: 12028 us, closed:     3 us, I/O:   1890 us, total:  19076 us, speed:  5291 KB/s, CRC: OK, Pattern: OK, Size: OK (0xC61C2AA0)
Reading /test_298.bin... opened: 12027 us, closed:     3 us, I/O:   1885 us, total:  19094 us, speed:  5305 KB/s, CRC: OK, Pattern: OK, Size: OK (0xC61C2AA0)
Reading /test_299.bin... opened: 12055 us, closed:     3 us, I/O:   1888 us, total:  19103 us, speed:  5296 KB/s, CRC: OK, Pattern: OK, Size: OK (0xC61C2AA0)
Reading /test_300.bin... opened: 17933 us, closed:     3 us, I/O:   1888 us, total:  24964 us, speed:  5296 KB/s, CRC: OK, Pattern: OK, Size: OK (0xC61C2AA0)
Reading /test_301.bin... opened: 12008 us, closed:     3 us, I/O:   1889 us, total:  19057 us, speed:  5293 KB/s, CRC: OK, Pattern: OK, Size: OK (0xC61C2AA0)
Reading /test_302.bin... opened: 11958 us, closed:     3 us, I/O:   1888 us, total:  19013 us, speed:  5296 KB/s, CRC: OK, Pattern: OK, Size: OK (0xC61C2AA0)
Reading /test_303.bin... opened: 11985 us, closed:     3 us, I/O:   1892 us, total:  19029 us, speed:  5285 KB/s, CRC: OK, Pattern: OK, Size: OK (0xC61C2AA0)
Reading /test_304.bin... opened: 11996 us, closed:     6 us, I/O:   1883 us, total:  19055 us, speed:  5310 KB/s, CRC: OK, Pattern: OK, Size: OK (0xC61C2AA0)
Reading /test_305.bin... opened: 17867 us, closed:     3 us, I/O:   1888 us, total:  24948 us, speed:  5296 KB/s, CRC: OK, Pattern: OK, Size: OK (0xC61C2AA0)
Reading /test_306.bin... opened: 11911 us, closed:     3 us, I/O:   1888 us, total:  18967 us, speed:  5296 KB/s, CRC: OK, Pattern: OK, Size: OK (0xC61C2AA0)
Reading /test_307.bin... opened: 11885 us, closed:     3 us, I/O:   1888 us, total:  18996 us, speed:  5296 KB/s, CRC: OK, Pattern: OK, Size: OK (0xC61C2AA0)
Reading /test_308.bin... opened: 11875 us, closed:     3 us, I/O:   1885 us, total:  18924 us, speed:  5305 KB/s, CRC: OK, Pattern: OK, Size: OK (0xC61C2AA0)
Reading /test_309.bin... opened: 11834 us, closed:     3 us, I/O:   1889 us, total:  24837 us, speed:  5293 KB/s, CRC: OK, Pattern: OK, Size: OK (0xC61C2AA0)
Reading /test_310.bin... opened: 11852 us, closed:     3 us, I/O:   1888 us, total:  18900 us, speed:  5296 KB/s, CRC: OK, Pattern: OK, Size: OK (0xC61C2AA0)
Reading /test_311.bin... opened: 11893 us, closed:     3 us, I/O:   1884 us, total:  18919 us, speed:  5307 KB/s, CRC: OK, Pattern: OK, Size: OK (0xC61C2AA0)
Reading /test_312.bin... opened: 11785 us, closed:     3 us, I/O:   1895 us, total:  18848 us, speed:  5277 KB/s, CRC: OK, Pattern: OK, Size: OK (0xC61C2AA0)
Reading /test_313.bin... opened: 11842 us, closed:     3 us, I/O:   1886 us, total:  18889 us, speed:  5302 KB/s, CRC: OK, Pattern: OK, Size: OK (0xC61C2AA0)
Reading /test_314.bin... opened: 17769 us, closed:     3 us, I/O:   1887 us, total:  24823 us, speed:  5299 KB/s, CRC: OK, Pattern: OK, Size: OK (0xC61C2AA0)
Reading /test_315.bin... opened: 11817 us, closed:     3 us, I/O:   1891 us, total:  18856 us, speed:  5288 KB/s, CRC: OK, Pattern: OK, Size: OK (0xC61C2AA0)
Reading /test_316.bin... opened: 11754 us, closed:     3 us, I/O:   1888 us, total:  18779 us, speed:  5296 KB/s, CRC: OK, Pattern: OK, Size: OK (0xC61C2AA0)
Reading /test_317.bin... opened: 11747 us, closed:     3 us, I/O:   1888 us, total:  18839 us, speed:  5296 KB/s, CRC: OK, Pattern: OK, Size: OK (0xC61C2AA0)
Reading /test_318.bin... opened: 11751 us, closed:     3 us, I/O:   1888 us, total:  18811 us, speed:  5296 KB/s, CRC: OK, Pattern: OK, Size: OK (0xC61C2AA0)
Reading /test_319.bin... opened: 17691 us, closed:     3 us, I/O:   1888 us, total:  24790 us, speed:  5296 KB/s, CRC: OK, Pattern: OK, Size: OK (0xC61C2AA0)
Reading /test_320.bin... opened: 11753 us, closed:     3 us, I/O:   1889 us, total:  18794 us, speed:  5293 KB/s, CRC: OK, Pattern: OK, Size: OK (0xC61C2AA0)
Reading /test_321.bin... opened: 11722 us, closed:     3 us, I/O:   1888 us, total:  18807 us, speed:  5296 KB/s, CRC: OK, Pattern: OK, Size: OK (0xC61C2AA0)
Reading /test_322.bin... opened: 11695 us, closed:     3 us, I/O:   1888 us, total:  18795 us, speed:  5296 KB/s, CRC: OK, Pattern: OK, Size: OK (0xC61C2AA0)
Reading /test_323.bin... opened: 11678 us, closed:     7 us, I/O:   1889 us, total:  24671 us, speed:  5293 KB/s, CRC: OK, Pattern: OK, Size: OK (0xC61C2AA0)
Reading /test_324.bin... opened: 11671 us, closed:     3 us, I/O:   1887 us, total:  18726 us, speed:  5299 KB/s, CRC: OK, Pattern: OK, Size: OK (0xC61C2AA0)
Reading /test_325.bin... opened: 11652 us, closed:     3 us, I/O:   1891 us, total:  18703 us, speed:  5288 KB/s, CRC: OK, Pattern: OK, Size: OK (0xC61C2AA0)
Reading /test_326.bin... opened: 11635 us, closed:     3 us, I/O:   1889 us, total:  18688 us, speed:  5293 KB/s, CRC: OK, Pattern: OK, Size: OK (0xC61C2AA0)
Reading /test_327.bin... opened: 11656 us, closed:     3 us, I/O:   1889 us, total:  18722 us, speed:  5293 KB/s, CRC: OK, Pattern: OK, Size: OK (0xC61C2AA0)
Reading /test_328.bin... opened: 11627 us, closed:     3 us, I/O:   7718 us, total:  24492 us, speed:  1295 KB/s, CRC: OK, Pattern: OK, Size: OK (0xC61C2AA0)
Reading /test_329.bin... opened: 11571 us, closed:     3 us, I/O:   1888 us, total:  18632 us, speed:  5296 KB/s, CRC: OK, Pattern: OK, Size: OK (0xC61C2AA0)
Reading /test_330.bin... opened: 13701 us, closed:     3 us, I/O:   1888 us, total:  20783 us, speed:  5296 KB/s, CRC: OK, Pattern: OK, Size: OK (0xC61C2AA0)
Reading /test_331.bin... opened: 13703 us, closed:     3 us, I/O:   1885 us, total:  20743 us, speed:  5305 KB/s, CRC: OK, Pattern: OK, Size: OK (0xC61C2AA0)
Reading /test_332.bin... opened: 13670 us, closed:     3 us, I/O:   1885 us, total:  20702 us, speed:  5305 KB/s, CRC: OK, Pattern: OK, Size: OK (0xC61C2AA0)
Reading /test_333.bin... opened: 19453 us, closed:     3 us, I/O:   1889 us, total:  26490 us, speed:  5293 KB/s, CRC: OK, Pattern: OK, Size: OK (0xC61C2AA0)
Reading /test_334.bin... opened: 13632 us, closed:     6 us, I/O:   1888 us, total:  20676 us, speed:  5296 KB/s, CRC: OK, Pattern: OK, Size: OK (0xC61C2AA0)
Reading /test_335.bin... opened: 13637 us, closed:     3 us, I/O:   1889 us, total:  20679 us, speed:  5293 KB/s, CRC: OK, Pattern: OK, Size: OK (0xC61C2AA0)
Reading /test_336.bin... opened: 13665 us, closed:     3 us, I/O:   1888 us, total:  20694 us, speed:  5296 KB/s, CRC: OK, Pattern: OK, Size: OK (0xC61C2AA0)
Reading /test_337.bin... opened: 19565 us, closed:     3 us, I/O:   1888 us, total:  26610 us, speed:  5296 KB/s, CRC: OK, Pattern: OK, Size: OK (0xC61C2AA0)
Reading /test_338.bin... opened: 13530 us, closed:     3 us, I/O:   1885 us, total:  20571 us, speed:  5305 KB/s, CRC: OK, Pattern: OK, Size: OK (0xC61C2AA0)
Reading /test_339.bin... opened: 13571 us, closed:     3 us, I/O:   1885 us, total:  20629 us, speed:  5305 KB/s, CRC: OK, Pattern: OK, Size: OK (0xC61C2AA0)
Reading /test_340.bin... opened: 13535 us, closed:     3 us, I/O:   1892 us, total:  20620 us, speed:  5285 KB/s, CRC: OK, Pattern: OK, Size: OK (0xC61C2AA0)
Reading /test_341.bin... opened: 13475 us, closed:     3 us, I/O:   7779 us, total:  26411 us, speed:  1285 KB/s, CRC: OK, Pattern: OK, Size: OK (0xC61C2AA0)
Reading /test_342.bin... opened: 13501 us, closed:     3 us, I/O:   1911 us, total:  20574 us, speed:  5232 KB/s, CRC: OK, Pattern: OK, Size: OK (0xC61C2AA0)
Reading /test_343.bin... opened: 13466 us, closed:     3 us, I/O:   1892 us, total:  20540 us, speed:  5285 KB/s, CRC: OK, Pattern: OK, Size: OK (0xC61C2AA0)
Reading /test_344.bin... opened: 13478 us, closed:     6 us, I/O:   1885 us, total:  20555 us, speed:  5305 KB/s, CRC: OK, Pattern: OK, Size: OK (0xC61C2AA0)
Reading /test_345.bin... opened: 13473 us, closed:     3 us, I/O:   1888 us, total:  20566 us, speed:  5296 KB/s, CRC: OK, Pattern: OK, Size: OK (0xC61C2AA0)
Reading /test_346.bin... opened: 13454 us, closed:     3 us, I/O:   1890 us, total:  20492 us, speed:  5291 KB/s, CRC: OK, Pattern: OK, Size: OK (0xC61C2AA0)
Reading /test_347.bin... opened: 13446 us, closed:     3 us, I/O:   1888 us, total:  20485 us, speed:  5296 KB/s, CRC: OK, Pattern: OK, Size: OK (0xC61C2AA0)
Reading /test_348.bin... opened: 13408 us, closed:     3 us, I/O:   1894 us, total:  20430 us, speed:  5279 KB/s, CRC: OK, Pattern: OK, Size: OK (0xC61C2AA0)
Reading /test_349.bin... opened: 13422 us, closed:     3 us, I/O:   1888 us, total:  20458 us, speed:  5296 KB/s, CRC: OK, Pattern: OK, Size: OK (0xC61C2AA0)
Reading /test_350.bin... opened: 19375 us, closed:     3 us, I/O:   1888 us, total:  26436 us, speed:  5296 KB/s, CRC: OK, Pattern: OK, Size: OK (0xC61C2AA0)
Reading /test_351.bin... opened: 13310 us, closed:     6 us, I/O:   1891 us, total:  20394 us, speed:  5288 KB/s, CRC: OK, Pattern: OK, Size: OK (0xC61C2AA0)
Reading /test_352.bin... opened: 13407 us, closed:     3 us, I/O:   1888 us, total:  20477 us, speed:  5296 KB/s, CRC: OK, Pattern: OK, Size: OK (0xC61C2AA0)
Reading /test_353.bin... opened: 13353 us, closed:     3 us, I/O:   1888 us, total:  20422 us, speed:  5296 KB/s, CRC: OK, Pattern: OK, Size: OK (0xC61C2AA0)
Reading /test_354.bin... opened: 13331 us, closed:     3 us, I/O:   7417 us, total:  25881 us, speed:  1348 KB/s, CRC: OK, Pattern: OK, Size: OK (0xC61C2AA0)
Reading /test_355.bin... opened: 13288 us, closed:     3 us, I/O:   1892 us, total:  20325 us, speed:  5285 KB/s, CRC: OK, Pattern: OK, Size: OK (0xC61C2AA0)
Reading /test_356.bin... opened: 13314 us, closed:     3 us, I/O:   1889 us, total:  20376 us, speed:  5293 KB/s, CRC: OK, Pattern: OK, Size: OK (0xC61C2AA0)
Reading /test_357.bin... opened: 13272 us, closed:     3 us, I/O:   1892 us, total:  20301 us, speed:  5285 KB/s, CRC: OK, Pattern: OK, Size: OK (0xC61C2AA0)
Reading /test_358.bin... opened: 13266 us, closed:     3 us, I/O:   1901 us, total:  20329 us, speed:  5260 KB/s, CRC: OK, Pattern: OK, Size: OK (0xC61C2AA0)
Reading /test_359.bin... opened: 19225 us, closed:     3 us, I/O:   1892 us, total:  26303 us, speed:  5285 KB/s, CRC: OK, Pattern: OK, Size: OK (0xC61C2AA0)
Reading /test_360.bin... opened: 13210 us, closed:     3 us, I/O:   1888 us, total:  20246 us, speed:  5296 KB/s, CRC: OK, Pattern: OK, Size: OK (0xC61C2AA0)
Reading /test_361.bin... opened: 13255 us, closed:     3 us, I/O:   1888 us, total:  20300 us, speed:  5296 KB/s, CRC: OK, Pattern: OK, Size: OK (0xC61C2AA0)
Reading /test_362.bin... opened: 13212 us, closed:     3 us, I/O:   1891 us, total:  20255 us, speed:  5288 KB/s, CRC: OK, Pattern: OK, Size: OK (0xC61C2AA0)
Reading /test_363.bin... opened: 19135 us, closed:     3 us, I/O:   1892 us, total:  26183 us, speed:  5285 KB/s, CRC: OK, Pattern: OK, Size: OK (0xC61C2AA0)
Reading /test_364.bin... opened: 13172 us, closed:     3 us, I/O:   1888 us, total:  20226 us, speed:  5296 KB/s, CRC: OK, Pattern: OK, Size: OK (0xC61C2AA0)
Reading /test_365.bin... opened: 13187 us, closed:     3 us, I/O:   1889 us, total:  20262 us, speed:  5293 KB/s, CRC: OK, Pattern: OK, Size: OK (0xC61C2AA0)
Reading /test_366.bin... opened: 13113 us, closed:     3 us, I/O:   1888 us, total:  20186 us, speed:  5296 KB/s, CRC: OK, Pattern: OK, Size: OK (0xC61C2AA0)
Reading /test_367.bin... opened: 13148 us, closed:     3 us, I/O:   1889 us, total:  26163 us, speed:  5293 KB/s, CRC: OK, Pattern: OK, Size: OK (0xC61C2AA0)
Reading /test_368.bin... opened: 13160 us, closed:     3 us, I/O:   1888 us, total:  20238 us, speed:  5296 KB/s, CRC: OK, Pattern: OK, Size: OK (0xC61C2AA0)
Reading /test_369.bin... opened: 13137 us, closed:     3 us, I/O:   1889 us, total:  20206 us, speed:  5293 KB/s, CRC: OK, Pattern: OK, Size: OK (0xC61C2AA0)
Reading /test_370.bin... opened: 13118 us, closed:     3 us, I/O:   1888 us, total:  20173 us, speed:  5296 KB/s, CRC: OK, Pattern: OK, Size: OK (0xC61C2AA0)
Reading /test_371.bin... opened: 15184 us, closed:     6 us, I/O:   1888 us, total:  22227 us, speed:  5296 KB/s, CRC: OK, Pattern: OK, Size: OK (0xC61C2AA0)
Reading /test_372.bin... opened: 20996 us, closed:     3 us, I/O:   1892 us, total:  28056 us, speed:  5285 KB/s, CRC: OK, Pattern: OK, Size: OK (0xC61C2AA0)
Reading /test_373.bin... opened: 15146 us, closed:     3 us, I/O:   1889 us, total:  22175 us, speed:  5293 KB/s, CRC: OK, Pattern: OK, Size: OK (0xC61C2AA0)
Reading /test_374.bin... opened: 15109 us, closed:     3 us, I/O:   1890 us, total:  22143 us, speed:  5291 KB/s, CRC: OK, Pattern: OK, Size: OK (0xC61C2AA0)
Reading /test_375.bin... opened: 15146 us, closed:     3 us, I/O:   1887 us, total:  22182 us, speed:  5299 KB/s, CRC: OK, Pattern: OK, Size: OK (0xC61C2AA0)
Reading /test_376.bin... opened: 21097 us, closed:     3 us, I/O:   1903 us, total:  28135 us, speed:  5254 KB/s, CRC: OK, Pattern: OK, Size: OK (0xC61C2AA0)
Reading /test_377.bin... opened: 15143 us, closed:     3 us, I/O:   1887 us, total:  22203 us, speed:  5299 KB/s, CRC: OK, Pattern: OK, Size: OK (0xC61C2AA0)
Reading /test_378.bin... opened: 15090 us, closed:     3 us, I/O:   1888 us, total:  22144 us, speed:  5296 KB/s, CRC: OK, Pattern: OK, Size: OK (0xC61C2AA0)
Reading /test_379.bin... opened: 15116 us, closed:     3 us, I/O:   1888 us, total:  22201 us, speed:  5296 KB/s, CRC: OK, Pattern: OK, Size: OK (0xC61C2AA0)
Reading /test_380.bin... opened: 20994 us, closed:     3 us, I/O:   1889 us, total:  28036 us, speed:  5293 KB/s, CRC: OK, Pattern: OK, Size: OK (0xC61C2AA0)
Reading /test_381.bin... opened: 15037 us, closed:     3 us, I/O:   1886 us, total:  22068 us, speed:  5302 KB/s, CRC: OK, Pattern: OK, Size: OK (0xC61C2AA0)
Reading /test_382.bin... opened: 14990 us, closed:     3 us, I/O:   1892 us, total:  22036 us, speed:  5285 KB/s, CRC: OK, Pattern: OK, Size: OK (0xC61C2AA0)
Reading /test_383.bin... opened: 15038 us, closed:     3 us, I/O:   1887 us, total:  22095 us, speed:  5299 KB/s, CRC: OK, Pattern: OK, Size: OK (0xC61C2AA0)
Reading /test_384.bin... opened: 20953 us, closed:     3 us, I/O:   1889 us, total:  27986 us, speed:  5293 KB/s, CRC: OK, Pattern: OK, Size: OK (0xC61C2AA0)
Reading /test_385.bin... opened: 14967 us, closed:     3 us, I/O:   1886 us, total:  21991 us, speed:  5302 KB/s, CRC: OK, Pattern: OK, Size: OK (0xC61C2AA0)
Reading /test_386.bin... opened: 15048 us, closed:     3 us, I/O:   1885 us, total:  22078 us, speed:  5305 KB/s, CRC: OK, Pattern: OK, Size: OK (0xC61C2AA0)
Reading /test_387.bin... opened: 14997 us, closed:     6 us, I/O:   1887 us, total:  22057 us, speed:  5299 KB/s, CRC: OK, Pattern: OK, Size: OK (0xC61C2AA0)
Reading /test_388.bin... opened: 20866 us, closed:     3 us, I/O:   1888 us, total:  27925 us, speed:  5296 KB/s, CRC: OK, Pattern: OK, Size: OK (0xC61C2AA0)
Reading /test_389.bin... opened: 14955 us, closed:     3 us, I/O:   1888 us, total:  21994 us, speed:  5296 KB/s, CRC: OK, Pattern: OK, Size: OK (0xC61C2AA0)
Reading /test_390.bin... opened: 14914 us, closed:     3 us, I/O:   1891 us, total:  21963 us, speed:  5288 KB/s, CRC: OK, Pattern: OK, Size: OK (0xC61C2AA0)
Reading /test_391.bin... opened: 14913 us, closed:     3 us, I/O:   1890 us, total:  21973 us, speed:  5291 KB/s, CRC: OK, Pattern: OK, Size: OK (0xC61C2AA0)
Reading /test_392.bin... opened: 20833 us, closed:     3 us, I/O:   1892 us, total:  27880 us, speed:  5285 KB/s, CRC: OK, Pattern: OK, Size: OK (0xC61C2AA0)
Reading /test_393.bin... opened: 14920 us, closed:     6 us, I/O:   1890 us, total:  21943 us, speed:  5291 KB/s, CRC: OK, Pattern: OK, Size: OK (0xC61C2AA0)
Reading /test_394.bin... opened: 14865 us, closed:     3 us, I/O:   1892 us, total:  21915 us, speed:  5285 KB/s, CRC: OK, Pattern: OK, Size: OK (0xC61C2AA0)
Reading /test_395.bin... opened: 14885 us, closed:     3 us, I/O:   1886 us, total:  21930 us, speed:  5302 KB/s, CRC: OK, Pattern: OK, Size: OK (0xC61C2AA0)
Reading /test_396.bin... opened: 20782 us, closed:     3 us, I/O:   1888 us, total:  27867 us, speed:  5296 KB/s, CRC: OK, Pattern: OK, Size: OK (0xC61C2AA0)
Reading /test_397.bin... opened: 14808 us, closed:     6 us, I/O:   1888 us, total:  21862 us, speed:  5296 KB/s, CRC: OK, Pattern: OK, Size: OK (0xC61C2AA0)
Reading /test_398.bin... opened: 14784 us, closed:     3 us, I/O:   1891 us, total:  21834 us, speed:  5288 KB/s, CRC: OK, Pattern: OK, Size: OK (0xC61C2AA0)
Reading /test_399.bin... opened: 14833 us, closed:     3 us, I/O:   1889 us, total:  21879 us, speed:  5293 KB/s, CRC: OK, Pattern: OK, Size: OK (0xC61C2AA0)
Reading /test_400.bin... opened: 20658 us, closed:     3 us, I/O:   1890 us, total:  27729 us, speed:  5291 KB/s, CRC: OK, Pattern: OK, Size: OK (0xC61C2AA0)
Reading /test_401.bin... opened: 14748 us, closed:     3 us, I/O:   1893 us, total:  21803 us, speed:  5282 KB/s, CRC: OK, Pattern: OK, Size: OK (0xC61C2AA0)
Reading /test_402.bin... opened: 14709 us, closed:     3 us, I/O:   1891 us, total:  21759 us, speed:  5288 KB/s, CRC: OK, Pattern: OK, Size: OK (0xC61C2AA0)
Reading /test_403.bin... opened: 14739 us, closed:     3 us, I/O:   1891 us, total:  21784 us, speed:  5288 KB/s, CRC: OK, Pattern: OK, Size: OK (0xC61C2AA0)
Reading /test_404.bin... opened: 20689 us, closed:     6 us, I/O:   1891 us, total:  27777 us, speed:  5288 KB/s, CRC: OK, Pattern: OK, Size: OK (0xC61C2AA0)
Reading /test_405.bin... opened: 14662 us, closed:     3 us, I/O:   1915 us, total:  21731 us, speed:  5221 KB/s, CRC: OK, Pattern: OK, Size: OK (0xC61C2AA0)
Reading /test_406.bin... opened: 14678 us, closed:     3 us, I/O:   1889 us, total:  21715 us, speed:  5293 KB/s, CRC: OK, Pattern: OK, Size: OK (0xC61C2AA0)
Reading /test_407.bin... opened: 14653 us, closed:     3 us, I/O:   1890 us, total:  21693 us, speed:  5291 KB/s, CRC: OK, Pattern: OK, Size: OK (0xC61C2AA0)
Reading /test_408.bin... opened: 20601 us, closed:     3 us, I/O:   1888 us, total:  27668 us, speed:  5296 KB/s, CRC: OK, Pattern: OK, Size: OK (0xC61C2AA0)
Reading /test_409.bin... opened: 14641 us, closed:     3 us, I/O:   1885 us, total:  21703 us, speed:  5305 KB/s, CRC: OK, Pattern: OK, Size: OK (0xC61C2AA0)
Reading /test_410.bin... opened: 14592 us, closed:     3 us, I/O:   1892 us, total:  21661 us, speed:  5285 KB/s, CRC: OK, Pattern: OK, Size: OK (0xC61C2AA0)
Reading /test_411.bin... opened: 14606 us, closed:     3 us, I/O:   1892 us, total:  21670 us, speed:  5285 KB/s, CRC: OK, Pattern: OK, Size: OK (0xC61C2AA0)
Reading /test_412.bin... opened: 22671 us, closed:     3 us, I/O:   1888 us, total:  29714 us, speed:  5296 KB/s, CRC: OK, Pattern: OK, Size: OK (0xC61C2AA0)
Reading /test_413.bin... opened: 16646 us, closed:     3 us, I/O:   1887 us, total:  23704 us, speed:  5299 KB/s, CRC: OK, Pattern: OK, Size: OK (0xC61C2AA0)
Reading /test_414.bin... opened: 16690 us, closed:     3 us, I/O:   1892 us, total:  23741 us, speed:  5285 KB/s, CRC: OK, Pattern: OK, Size: OK (0xC61C2AA0)
Reading /test_415.bin... opened: 16675 us, closed:     3 us, I/O:   1891 us, total:  23731 us, speed:  5288 KB/s, CRC: OK, Pattern: OK, Size: OK (0xC61C2AA0)
Reading /test_416.bin... opened: 22559 us, closed:     3 us, I/O:   1892 us, total:  29594 us, speed:  5285 KB/s, CRC: OK, Pattern: OK, Size: OK (0xC61C2AA0)
Reading /test_417.bin... opened: 16645 us, closed:     3 us, I/O:   1887 us, total:  23724 us, speed:  5299 KB/s, CRC: OK, Pattern: OK, Size: OK (0xC61C2AA0)
Reading /test_418.bin... opened: 16664 us, closed:     3 us, I/O:   1888 us, total:  23716 us, speed:  5296 KB/s, CRC: OK, Pattern: OK, Size: OK (0xC61C2AA0)
Reading /test_419.bin... opened: 16637 us, closed:     3 us, I/O:   1892 us, total:  23699 us, speed:  5285 KB/s, CRC: OK, Pattern: OK, Size: OK (0xC61C2AA0)
Reading /test_420.bin... opened: 22434 us, closed:    19 us, I/O:   1888 us, total:  29475 us, speed:  5296 KB/s, CRC: OK, Pattern: OK, Size: OK (0xC61C2AA0)
Reading /test_421.bin... opened: 16550 us, closed:     3 us, I/O:   1884 us, total:  23606 us, speed:  5307 KB/s, CRC: OK, Pattern: OK, Size: OK (0xC61C2AA0)
Reading /test_422.bin... opened: 16562 us, closed:     3 us, I/O:   1884 us, total:  23626 us, speed:  5307 KB/s, CRC: OK, Pattern: OK, Size: OK (0xC61C2AA0)
Reading /test_423.bin... opened: 16529 us, closed:     3 us, I/O:   1893 us, total:  29558 us, speed:  5282 KB/s, CRC: OK, Pattern: OK, Size: OK (0xC61C2AA0)
Reading /test_424.bin... opened: 16465 us, closed:     3 us, I/O:   1888 us, total:  23524 us, speed:  5296 KB/s, CRC: OK, Pattern: OK, Size: OK (0xC61C2AA0)
Reading /test_425.bin... opened: 16507 us, closed:     3 us, I/O:   1892 us, total:  23571 us, speed:  5285 KB/s, CRC: OK, Pattern: OK, Size: OK (0xC61C2AA0)
Reading /test_426.bin... opened: 16450 us, closed:     3 us, I/O:   1888 us, total:  23501 us, speed:  5296 KB/s, CRC: OK, Pattern: OK, Size: OK (0xC61C2AA0)
Reading /test_427.bin... opened: 16522 us, closed:     3 us, I/O:   7439 us, total:  29119 us, speed:  1344 KB/s, CRC: OK, Pattern: OK, Size: OK (0xC61C2AA0)
Reading /test_428.bin... opened: 16416 us, closed:     3 us, I/O:   1914 us, total:  23492 us, speed:  5224 KB/s, CRC: OK, Pattern: OK, Size: OK (0xC61C2AA0)
Reading /test_429.bin... opened: 16453 us, closed:     3 us, I/O:   1889 us, total:  23479 us, speed:  5293 KB/s, CRC: OK, Pattern: OK, Size: OK (0xC61C2AA0)
Reading /test_430.bin... opened: 16378 us, closed:     3 us, I/O:   1887 us, total:  23484 us, speed:  5299 KB/s, CRC: OK, Pattern: OK, Size: OK (0xC61C2AA0)
Reading /test_431.bin... opened: 22398 us, closed:     3 us, I/O:   1889 us, total:  29471 us, speed:  5293 KB/s, CRC: OK, Pattern: OK, Size: OK (0xC61C2AA0)
Reading /test_432.bin... opened: 16396 us, closed:     3 us, I/O:   1892 us, total:  23465 us, speed:  5285 KB/s, CRC: OK, Pattern: OK, Size: OK (0xC61C2AA0)
Reading /test_433.bin... opened: 16346 us, closed:     3 us, I/O:   1894 us, total:  23385 us, speed:  5279 KB/s, CRC: OK, Pattern: OK, Size: OK (0xC61C2AA0)
Reading /test_434.bin... opened: 16422 us, closed:     4 us, I/O:   1888 us, total:  23458 us, speed:  5296 KB/s, CRC: OK, Pattern: OK, Size: OK (0xC61C2AA0)
Reading /test_435.bin... opened: 22327 us, closed:     3 us, I/O:   1888 us, total:  29367 us, speed:  5296 KB/s, CRC: OK, Pattern: OK, Size: OK (0xC61C2AA0)
Reading /test_436.bin... opened: 16334 us, closed:     3 us, I/O:   1886 us, total:  23364 us, speed:  5302 KB/s, CRC: OK, Pattern: OK, Size: OK (0xC61C2AA0)
Reading /test_437.bin... opened: 16340 us, closed:     3 us, I/O:   1885 us, total:  23383 us, speed:  5305 KB/s, CRC: OK, Pattern: OK, Size: OK (0xC61C2AA0)
Reading /test_438.bin... opened: 16344 us, closed:     6 us, I/O:   1891 us, total:  23431 us, speed:  5288 KB/s, CRC: OK, Pattern: OK, Size: OK (0xC61C2AA0)
Reading /test_439.bin... opened: 22277 us, closed:     3 us, I/O:   1892 us, total:  29302 us, speed:  5285 KB/s, CRC: OK, Pattern: OK, Size: OK (0xC61C2AA0)
Reading /test_440.bin... opened: 16303 us, closed:     3 us, I/O:   1888 us, total:  23362 us, speed:  5296 KB/s, CRC: OK, Pattern: OK, Size: OK (0xC61C2AA0)
Reading /test_441.bin... opened: 16206 us, closed:     3 us, I/O:   1889 us, total:  23256 us, speed:  5293 KB/s, CRC: OK, Pattern: OK, Size: OK (0xC61C2AA0)
Reading /test_442.bin... opened: 16213 us, closed:     3 us, I/O:   1892 us, total:  23270 us, speed:  5285 KB/s, CRC: OK, Pattern: OK, Size: OK (0xC61C2AA0)
Reading /test_443.bin... opened: 16233 us, closed:     3 us, I/O:   1888 us, total:  23275 us, speed:  5296 KB/s, CRC: OK, Pattern: OK, Size: OK (0xC61C2AA0)
Reading /test_444.bin... opened: 16165 us, closed:     3 us, I/O:   1888 us, total:  23230 us, speed:  5296 KB/s, CRC: OK, Pattern: OK, Size: OK (0xC61C2AA0)
Reading /test_445.bin... opened: 16212 us, closed:     3 us, I/O:   1890 us, total:  23253 us, speed:  5291 KB/s, CRC: OK, Pattern: OK, Size: OK (0xC61C2AA0)
Reading /test_446.bin... opened: 16211 us, closed:     3 us, I/O:   1898 us, total:  29222 us, speed:  5268 KB/s, CRC: OK, Pattern: OK, Size: OK (0xC61C2AA0)
Reading /test_447.bin... opened: 16214 us, closed:     3 us, I/O:   1893 us, total:  23264 us, speed:  5282 KB/s, CRC: OK, Pattern: OK, Size: OK (0xC61C2AA0)
Reading /test_448.bin... opened: 16155 us, closed:     3 us, I/O:   1889 us, total:  23211 us, speed:  5293 KB/s, CRC: OK, Pattern: OK, Size: OK (0xC61C2AA0)
Reading /test_449.bin... opened: 16136 us, closed:     3 us, I/O:   1888 us, total:  23206 us, speed:  5296 KB/s, CRC: OK, Pattern: OK, Size: OK (0xC61C2AA0)
Reading /test_450.bin... opened: 22144 us, closed:     3 us, I/O:   1888 us, total:  29188 us, speed:  5296 KB/s, CRC: OK, Pattern: OK, Size: OK (0xC61C2AA0)
Reading /test_451.bin... opened: 16054 us, closed:     3 us, I/O:   1884 us, total:  23096 us, speed:  5307 KB/s, CRC: OK, Pattern: OK, Size: OK (0xC61C2AA0)
Reading /test_452.bin... opened: 16088 us, closed:     3 us, I/O:   1890 us, total:  23173 us, speed:  5291 KB/s, CRC: OK, Pattern: OK, Size: OK (0xC61C2AA0)
Reading /test_453.bin... opened: 18232 us, closed:     3 us, I/O:   1884 us, total:  25263 us, speed:  5307 KB/s, CRC: OK, Pattern: OK, Size: OK (0xC61C2AA0)
Reading /test_454.bin... opened: 24184 us, closed:     3 us, I/O:   1888 us, total:  31256 us, speed:  5296 KB/s, CRC: OK, Pattern: OK, Size: OK (0xC61C2AA0)
Reading /test_455.bin... opened: 18176 us, closed:     3 us, I/O:   1887 us, total:  25226 us, speed:  5299 KB/s, CRC: OK, Pattern: OK, Size: OK (0xC61C2AA0)
Reading /test_456.bin... opened: 18166 us, closed:     3 us, I/O:   1882 us, total:  25193 us, speed:  5313 KB/s, CRC: OK, Pattern: OK, Size: OK (0xC61C2AA0)
Reading /test_457.bin... opened: 18183 us, closed:     3 us, I/O:   1889 us, total:  31177 us, speed:  5293 KB/s, CRC: OK, Pattern: OK, Size: OK (0xC61C2AA0)
Reading /test_458.bin... opened: 18128 us, closed:     3 us, I/O:   1888 us, total:  25181 us, speed:  5296 KB/s, CRC: OK, Pattern: OK, Size: OK (0xC61C2AA0)
Reading /test_459.bin... opened: 18169 us, closed:     3 us, I/O:   1888 us, total:  25227 us, speed:  5296 KB/s, CRC: OK, Pattern: OK, Size: OK (0xC61C2AA0)
Reading /test_460.bin... opened: 18117 us, closed:     3 us, I/O:   1888 us, total:  25205 us, speed:  5296 KB/s, CRC: OK, Pattern: OK, Size: OK (0xC61C2AA0)
Reading /test_461.bin... opened: 24017 us, closed:     3 us, I/O:   1888 us, total:  31042 us, speed:  5296 KB/s, CRC: OK, Pattern: OK, Size: OK (0xC61C2AA0)
Reading /test_462.bin... opened: 18072 us, closed:     3 us, I/O:   1908 us, total:  25160 us, speed:  5241 KB/s, CRC: OK, Pattern: OK, Size: OK (0xC61C2AA0)
Reading /test_463.bin... opened: 18090 us, closed:     3 us, I/O:   1908 us, total:  25163 us, speed:  5241 KB/s, CRC: OK, Pattern: OK, Size: OK (0xC61C2AA0)
Reading /test_464.bin... opened: 18004 us, closed:     3 us, I/O:   1888 us, total:  25054 us, speed:  5296 KB/s, CRC: OK, Pattern: OK, Size: OK (0xC61C2AA0)
Reading /test_465.bin... opened: 23995 us, closed:     6 us, I/O:   1888 us, total:  31053 us, speed:  5296 KB/s, CRC: OK, Pattern: OK, Size: OK (0xC61C2AA0)
Reading /test_466.bin... opened: 18015 us, closed:     3 us, I/O:   1892 us, total:  25087 us, speed:  5285 KB/s, CRC: OK, Pattern: OK, Size: OK (0xC61C2AA0)
Reading /test_467.bin... opened: 18001 us, closed:     3 us, I/O:   1888 us, total:  25046 us, speed:  5296 KB/s, CRC: OK, Pattern: OK, Size: OK (0xC61C2AA0)
Reading /test_468.bin... opened: 23991 us, closed:     3 us, I/O:   1892 us, total:  31022 us, speed:  5285 KB/s, CRC: OK, Pattern: OK, Size: OK (0xC61C2AA0)
Reading /test_469.bin... opened: 17940 us, closed:     3 us, I/O:   1893 us, total:  25008 us, speed:  5282 KB/s, CRC: OK, Pattern: OK, Size: OK (0xC61C2AA0)
Reading /test_470.bin... opened: 17970 us, closed:     3 us, I/O:   1894 us, total:  25072 us, speed:  5279 KB/s, CRC: OK, Pattern: OK, Size: OK (0xC61C2AA0)
Reading /test_471.bin... opened: 17926 us, closed:     3 us, I/O:   1888 us, total:  24940 us, speed:  5296 KB/s, CRC: OK, Pattern: OK, Size: OK (0xC61C2AA0)
Reading /test_472.bin... opened: 23922 us, closed:     3 us, I/O:   1889 us, total:  30960 us, speed:  5293 KB/s, CRC: OK, Pattern: OK, Size: OK (0xC61C2AA0)
Reading /test_473.bin... opened: 17887 us, closed:     3 us, I/O:   1888 us, total:  24945 us, speed:  5296 KB/s, CRC: OK, Pattern: OK, Size: OK (0xC61C2AA0)
Reading /test_474.bin... opened: 17878 us, closed:     3 us, I/O:   1882 us, total:  24922 us, speed:  5313 KB/s, CRC: OK, Pattern: OK, Size: OK (0xC61C2AA0)
Reading /test_475.bin... opened: 17970 us, closed:     3 us, I/O:   1891 us, total:  30983 us, speed:  5288 KB/s, CRC: OK, Pattern: OK, Size: OK (0xC61C2AA0)
Reading /test_476.bin... opened: 17811 us, closed:     3 us, I/O:   1892 us, total:  24873 us, speed:  5285 KB/s, CRC: OK, Pattern: OK, Size: OK (0xC61C2AA0)
Reading /test_477.bin... opened: 17841 us, closed:     3 us, I/O:   1889 us, total:  24892 us, speed:  5293 KB/s, CRC: OK, Pattern: OK, Size: OK (0xC61C2AA0)
Reading /test_478.bin... opened: 17866 us, closed:     3 us, I/O:   1888 us, total:  24906 us, speed:  5296 KB/s, CRC: OK, Pattern: OK, Size: OK (0xC61C2AA0)
Reading /test_479.bin... opened: 23767 us, closed:     3 us, I/O:   1886 us, total:  30853 us, speed:  5302 KB/s, CRC: OK, Pattern: OK, Size: OK (0xC61C2AA0)
Reading /test_480.bin... opened: 17819 us, closed:     3 us, I/O:   1892 us, total:  24880 us, speed:  5285 KB/s, CRC: OK, Pattern: OK, Size: OK (0xC61C2AA0)
Reading /test_481.bin... opened: 17787 us, closed:     3 us, I/O:   1892 us, total:  24847 us, speed:  5285 KB/s, CRC: OK, Pattern: OK, Size: OK (0xC61C2AA0)
Reading /test_482.bin... opened: 17820 us, closed:     3 us, I/O:   1888 us, total:  24861 us, speed:  5296 KB/s, CRC: OK, Pattern: OK, Size: OK (0xC61C2AA0)
Reading /test_483.bin... opened: 23727 us, closed:     3 us, I/O:   1895 us, total:  30790 us, speed:  5277 KB/s, CRC: OK, Pattern: OK, Size: OK (0xC61C2AA0)
Reading /test_484.bin... opened: 17782 us, closed:     3 us, I/O:   1891 us, total:  24856 us, speed:  5288 KB/s, CRC: OK, Pattern: OK, Size: OK (0xC61C2AA0)
Reading /test_485.bin... opened: 17734 us, closed:     3 us, I/O:   1892 us, total:  24834 us, speed:  5285 KB/s, CRC: OK, Pattern: OK, Size: OK (0xC61C2AA0)
Reading /test_486.bin... opened: 23654 us, closed:     3 us, I/O:   1891 us, total:  30697 us, speed:  5288 KB/s, CRC: OK, Pattern: OK, Size: OK (0xC61C2AA0)
Reading /test_487.bin... opened: 17670 us, closed:     3 us, I/O:   1892 us, total:  24797 us, speed:  5285 KB/s, CRC: OK, Pattern: OK, Size: OK (0xC61C2AA0)
Reading /test_488.bin... opened: 17692 us, closed:     3 us, I/O:   1891 us, total:  24758 us, speed:  5288 KB/s, CRC: OK, Pattern: OK, Size: OK (0xC61C2AA0)
Reading /test_489.bin... opened: 17687 us, closed:     6 us, I/O:   1888 us, total:  24745 us, speed:  5296 KB/s, CRC: OK, Pattern: OK, Size: OK (0xC61C2AA0)
Reading /test_490.bin... opened: 23610 us, closed:     3 us, I/O:   1892 us, total:  30691 us, speed:  5285 KB/s, CRC: OK, Pattern: OK, Size: OK (0xC61C2AA0)
Reading /test_491.bin... opened: 17693 us, closed:     6 us, I/O:   1888 us, total:  24760 us, speed:  5296 KB/s, CRC: OK, Pattern: OK, Size: OK (0xC61C2AA0)
Reading /test_492.bin... opened: 17616 us, closed:     3 us, I/O:   1892 us, total:  24711 us, speed:  5285 KB/s, CRC: OK, Pattern: OK, Size: OK (0xC61C2AA0)
Reading /test_493.bin... opened: 17646 us, closed:     3 us, I/O:   1892 us, total:  30675 us, speed:  5285 KB/s, CRC: OK, Pattern: OK, Size: OK (0xC61C2AA0)
Reading /test_494.bin... opened: 19709 us, closed:     3 us, I/O:   1885 us, total:  26738 us, speed:  5305 KB/s, CRC: OK, Pattern: OK, Size: OK (0xC61C2AA0)
Reading /test_495.bin... opened: 19700 us, closed:     3 us, I/O:   1891 us, total:  26821 us, speed:  5288 KB/s, CRC: OK, Pattern: OK, Size: OK (0xC61C2AA0)
Reading /test_496.bin... opened: 19687 us, closed:     3 us, I/O:   1891 us, total:  26776 us, speed:  5288 KB/s, CRC: OK, Pattern: OK, Size: OK (0xC61C2AA0)
Reading /test_497.bin... opened: 25644 us, closed:     3 us, I/O:   1891 us, total:  32689 us, speed:  5288 KB/s, CRC: OK, Pattern: OK, Size: OK (0xC61C2AA0)
Reading /test_498.bin... opened: 19661 us, closed:     3 us, I/O:   1902 us, total:  26731 us, speed:  5257 KB/s, CRC: OK, Pattern: OK, Size: OK (0xC61C2AA0)
Reading /test_499.bin... opened: 19654 us, closed:     3 us, I/O:   1890 us, total:  26684 us, speed:  5291 KB/s, CRC: OK, Pattern: OK, Size: OK (0xC61C2AA0)
Reading /test_500.bin... opened: 25641 us, closed:     3 us, I/O:   1888 us, total:  32696 us, speed:  5296 KB/s, CRC: OK, Pattern: OK, Size: OK (0xC61C2AA0)
Reading /test_501.bin... opened: 19568 us, closed:     3 us, I/O:   1891 us, total:  26630 us, speed:  5288 KB/s, CRC: OK, Pattern: OK, Size: OK (0xC61C2AA0)
Reading /test_502.bin... opened: 19603 us, closed:     3 us, I/O:   1891 us, total:  26655 us, speed:  5288 KB/s, CRC: OK, Pattern: OK, Size: OK (0xC61C2AA0)
Reading /test_503.bin... opened: 19570 us, closed:     3 us, I/O:   1888 us, total:  26616 us, speed:  5296 KB/s, CRC: OK, Pattern: OK, Size: OK (0xC61C2AA0)
Reading /test_504.bin... opened: 19487 us, closed:     3 us, I/O:   1892 us, total:  26578 us, speed:  5285 KB/s, CRC: OK, Pattern: OK, Size: OK (0xC61C2AA0)
Reading /test_505.bin... opened: 19553 us, closed:     3 us, I/O:   1892 us, total:  26600 us, speed:  5285 KB/s, CRC: OK, Pattern: OK, Size: OK (0xC61C2AA0)
Reading /test_506.bin... opened: 19551 us, closed:     3 us, I/O:   1889 us, total:  26606 us, speed:  5293 KB/s, CRC: OK, Pattern: OK, Size: OK (0xC61C2AA0)
Reading /test_507.bin... opened: 25412 us, closed:     3 us, I/O:   1889 us, total:  32427 us, speed:  5293 KB/s, CRC: OK, Pattern: OK, Size: OK (0xC61C2AA0)
Reading /test_508.bin... opened: 19537 us, closed:     3 us, I/O:   1890 us, total:  26575 us, speed:  5291 KB/s, CRC: OK, Pattern: OK, Size: OK (0xC61C2AA0)
Reading /test_509.bin... opened: 19527 us, closed:     3 us, I/O:   1885 us, total:  26562 us, speed:  5305 KB/s, CRC: OK, Pattern: OK, Size: OK (0xC61C2AA0)
Reading /test_510.bin... opened: 19453 us, closed:     3 us, I/O:   7848 us, total:  32458 us, speed:  1274 KB/s, CRC: OK, Pattern: OK, Size: OK (0xC61C2AA0)
Reading /test_511.bin... opened: 19501 us, closed:     3 us, I/O:   1888 us, total:  26581 us, speed:  5296 KB/s, CRC: OK, Pattern: OK, Size: OK (0xC61C2AA0)
Reading /test_512.bin... opened: 19483 us, closed:     3 us, I/O:   1882 us, total:  26531 us, speed:  5313 KB/s, CRC: OK, Pattern: OK, Size: OK (0xC61C2AA0)
Reading /test_513.bin... opened: 19461 us, closed:     3 us, I/O:   1889 us, total:  26522 us, speed:  5293 KB/s, CRC: OK, Pattern: OK, Size: OK (0xC61C2AA0)
Reading /test_514.bin... opened: 25383 us, closed:     3 us, I/O:   1888 us, total:  32446 us, speed:  5296 KB/s, CRC: OK, Pattern: OK, Size: OK (0xC61C2AA0)
Reading /test_515.bin... opened: 19417 us, closed:     3 us, I/O:   1886 us, total:  26476 us, speed:  5302 KB/s, CRC: OK, Pattern: OK, Size: OK (0xC61C2AA0)
Reading /test_516.bin... opened: 19357 us, closed:     3 us, I/O:   1888 us, total:  26458 us, speed:  5296 KB/s, CRC: OK, Pattern: OK, Size: OK (0xC61C2AA0)
Reading /test_517.bin... opened: 25303 us, closed:     3 us, I/O:   1888 us, total:  32376 us, speed:  5296 KB/s, CRC: OK, Pattern: OK, Size: OK (0xC61C2AA0)
Reading /test_518.bin... opened: 19380 us, closed:     3 us, I/O:   1888 us, total:  26388 us, speed:  5296 KB/s, CRC: OK, Pattern: OK, Size: OK (0xC61C2AA0)
Reading /test_519.bin... opened: 19264 us, closed:     3 us, I/O:   1888 us, total:  26323 us, speed:  5296 KB/s, CRC: OK, Pattern: OK, Size: OK (0xC61C2AA0)
Reading /test_520.bin... opened: 19377 us, closed:     3 us, I/O:   1887 us, total:  32395 us, speed:  5299 KB/s, CRC: OK, Pattern: OK, Size: OK (0xC61C2AA0)
Reading /test_521.bin... opened: 19299 us, closed:     3 us, I/O:   1890 us, total:  26336 us, speed:  5291 KB/s, CRC: OK, Pattern: OK, Size: OK (0xC61C2AA0)
Reading /test_522.bin... opened: 19269 us, closed:     3 us, I/O:   1897 us, total:  26344 us, speed:  5271 KB/s, CRC: OK, Pattern: OK, Size: OK (0xC61C2AA0)
Reading /test_523.bin... opened: 19257 us, closed:     3 us, I/O:   1891 us, total:  26302 us, speed:  5288 KB/s, CRC: OK, Pattern: OK, Size: OK (0xC61C2AA0)
Reading /test_524.bin... opened: 25219 us, closed:     3 us, I/O:   1891 us, total:  32310 us, speed:  5288 KB/s, CRC: OK, Pattern: OK, Size: OK (0xC61C2AA0)
Reading /test_525.bin... opened: 19259 us, closed:     3 us, I/O:   1885 us, total:  26290 us, speed:  5305 KB/s, CRC: OK, Pattern: OK, Size: OK (0xC61C2AA0)
Reading /test_526.bin... opened: 19216 us, closed:     6 us, I/O:   1892 us, total:  26281 us, speed:  5285 KB/s, CRC: OK, Pattern: OK, Size: OK (0xC61C2AA0)
Reading /test_527.bin... opened: 19255 us, closed:     3 us, I/O:   7845 us, total:  32245 us, speed:  1274 KB/s, CRC: OK, Pattern: OK, Size: OK (0xC61C2AA0)
Reading /test_528.bin... opened: 19133 us, closed:     3 us, I/O:   1885 us, total:  26217 us, speed:  5305 KB/s, CRC: OK, Pattern: OK, Size: OK (0xC61C2AA0)
Reading /test_529.bin... opened: 19164 us, closed:     3 us, I/O:   1887 us, total:  26227 us, speed:  5299 KB/s, CRC: OK, Pattern: OK, Size: OK (0xC61C2AA0)
Reading /test_530.bin... opened: 19185 us, closed:     3 us, I/O:   1888 us, total:  26259 us, speed:  5296 KB/s, CRC: OK, Pattern: OK, Size: OK (0xC61C2AA0)
Reading /test_531.bin... opened: 25133 us, closed:     3 us, I/O:   1884 us, total:  32197 us, speed:  5307 KB/s, CRC: OK, Pattern: OK, Size: OK (0xC61C2AA0)
Reading /test_532.bin... opened: 19202 us, closed:     3 us, I/O:   1888 us, total:  26265 us, speed:  5296 KB/s, CRC: OK, Pattern: OK, Size: OK (0xC61C2AA0)
Reading /test_533.bin... opened: 19131 us, closed:     3 us, I/O:   1884 us, total:  26228 us, speed:  5307 KB/s, CRC: OK, Pattern: OK, Size: OK (0xC61C2AA0)
Reading /test_534.bin... opened: 25085 us, closed:     3 us, I/O:   1888 us, total:  32110 us, speed:  5296 KB/s, CRC: OK, Pattern: OK, Size: OK (0xC61C2AA0)
Reading /test_535.bin... opened: 21236 us, closed:     3 us, I/O:   1890 us, total:  28271 us, speed:  5291 KB/s, CRC: OK, Pattern: OK, Size: OK (0xC61C2AA0)
Reading /test_536.bin... opened: 21228 us, closed:     3 us, I/O:   1889 us, total:  28306 us, speed:  5293 KB/s, CRC: OK, Pattern: OK, Size: OK (0xC61C2AA0)
Reading /test_537.bin... opened: 21216 us, closed:     3 us, I/O:   1891 us, total:  34238 us, speed:  5288 KB/s, CRC: OK, Pattern: OK, Size: OK (0xC61C2AA0)
Reading /test_538.bin... opened: 21160 us, closed:     3 us, I/O:   1890 us, total:  28229 us, speed:  5291 KB/s, CRC: OK, Pattern: OK, Size: OK (0xC61C2AA0)
Reading /test_539.bin... opened: 21043 us, closed:     3 us, I/O:   1889 us, total:  28109 us, speed:  5293 KB/s, CRC: OK, Pattern: OK, Size: OK (0xC61C2AA0)
Reading /test_540.bin... opened: 21134 us, closed:     3 us, I/O:   1882 us, total:  28244 us, speed:  5313 KB/s, CRC: OK, Pattern: OK, Size: OK (0xC61C2AA0)
Reading /test_541.bin... opened: 27099 us, closed:     3 us, I/O:   1888 us, total:  34146 us, speed:  5296 KB/s, CRC: OK, Pattern: OK, Size: OK (0xC61C2AA0)
Reading /test_542.bin... opened: 21132 us, closed:     3 us, I/O:   1889 us, total:  28162 us, speed:  5293 KB/s, CRC: OK, Pattern: OK, Size: OK (0xC61C2AA0)
Reading /test_543.bin... opened: 21109 us, closed:     3 us, I/O:   1892 us, total:  28157 us, speed:  5285 KB/s, CRC: OK, Pattern: OK, Size: OK (0xC61C2AA0)
Reading /test_544.bin... opened: 27019 us, closed:     3 us, I/O:   1888 us, total:  34108 us, speed:  5296 KB/s, CRC: OK, Pattern: OK, Size: OK (0xC61C2AA0)
Reading /test_545.bin... opened: 21061 us, closed:     3 us, I/O:   1883 us, total:  28082 us, speed:  5310 KB/s, CRC: OK, Pattern: OK, Size: OK (0xC61C2AA0)
Reading /test_546.bin... opened: 21012 us, closed:     3 us, I/O:   1890 us, total:  28129 us, speed:  5291 KB/s, CRC: OK, Pattern: OK, Size: OK (0xC61C2AA0)
Reading /test_547.bin... opened: 26995 us, closed:     3 us, I/O:   1885 us, total:  34011 us, speed:  5305 KB/s, CRC: OK, Pattern: OK, Size: OK (0xC61C2AA0)
Reading /test_548.bin... opened: 21024 us, closed:     3 us, I/O:   1894 us, total:  28114 us, speed:  5279 KB/s, CRC: OK, Pattern: OK, Size: OK (0xC61C2AA0)
Reading /test_549.bin... opened: 21011 us, closed:     3 us, I/O:   1888 us, total:  28045 us, speed:  5296 KB/s, CRC: OK, Pattern: OK, Size: OK (0xC61C2AA0)
Reading /test_550.bin... opened: 27022 us, closed:     3 us, I/O:   1888 us, total:  34061 us, speed:  5296 KB/s, CRC: OK, Pattern: OK, Size: OK (0xC61C2AA0)
Reading /test_551.bin... opened: 20956 us, closed:     3 us, I/O:   1888 us, total:  27994 us, speed:  5296 KB/s, CRC: OK, Pattern: OK, Size: OK (0xC61C2AA0)
Reading /test_552.bin... opened: 20954 us, closed:     3 us, I/O:   1888 us, total:  28011 us, speed:  5296 KB/s, CRC: OK, Pattern: OK, Size: OK (0xC61C2AA0)
Reading /test_553.bin... opened: 20954 us, closed:     3 us, I/O:   1889 us, total:  33994 us, speed:  5293 KB/s, CRC: OK, Pattern: OK, Size: OK (0xC61C2AA0)
Reading /test_554.bin... opened: 20895 us, closed:     3 us, I/O:   1888 us, total:  27981 us, speed:  5296 KB/s, CRC: OK, Pattern: OK, Size: OK (0xC61C2AA0)
Reading /test_555.bin... opened: 20873 us, closed:     3 us, I/O:   1885 us, total:  27926 us, speed:  5305 KB/s, CRC: OK, Pattern: OK, Size: OK (0xC61C2AA0)
Reading /test_556.bin... opened: 20932 us, closed:     3 us, I/O:   1890 us, total:  27968 us, speed:  5291 KB/s, CRC: OK, Pattern: OK, Size: OK (0xC61C2AA0)
Reading /test_557.bin... opened: 26887 us, closed:     3 us, I/O:   1891 us, total:  33946 us, speed:  5288 KB/s, CRC: OK, Pattern: OK, Size: OK (0xC61C2AA0)
Reading /test_558.bin... opened: 20867 us, closed:     3 us, I/O:   1887 us, total:  27938 us, speed:  5299 KB/s, CRC: OK, Pattern: OK, Size: OK (0xC61C2AA0)
Reading /test_559.bin... opened: 20926 us, closed:     3 us, I/O:   1891 us, total:  27973 us, speed:  5288 KB/s, CRC: OK, Pattern: OK, Size: OK (0xC61C2AA0)
Reading /test_560.bin... opened: 26816 us, closed:     3 us, I/O:   1888 us, total:  33872 us, speed:  5296 KB/s, CRC: OK, Pattern: OK, Size: OK (0xC61C2AA0)
Reading /test_561.bin... opened: 20764 us, closed:     3 us, I/O:   1905 us, total:  27842 us, speed:  5249 KB/s, CRC: OK, Pattern: OK, Size: OK (0xC61C2AA0)
Reading /test_562.bin... opened: 20743 us, closed:     3 us, I/O:   1886 us, total:  27790 us, speed:  5302 KB/s, CRC: OK, Pattern: OK, Size: OK (0xC61C2AA0)
Reading /test_563.bin... opened: 26732 us, closed:     3 us, I/O:   1892 us, total:  33798 us, speed:  5285 KB/s, CRC: OK, Pattern: OK, Size: OK (0xC61C2AA0)
Reading /test_564.bin... opened: 20810 us, closed:     3 us, I/O:   1888 us, total:  27868 us, speed:  5296 KB/s, CRC: OK, Pattern: OK, Size: OK (0xC61C2AA0)
Reading /test_565.bin... opened: 20807 us, closed:     3 us, I/O:   1891 us, total:  27842 us, speed:  5288 KB/s, CRC: OK, Pattern: OK, Size: OK (0xC61C2AA0)
Reading /test_566.bin... opened: 20760 us, closed:     3 us, I/O:   7720 us, total:  33664 us, speed:  1295 KB/s, CRC: OK, Pattern: OK, Size: OK (0xC61C2AA0)
Reading /test_567.bin... opened: 20737 us, closed:     3 us, I/O:   1892 us, total:  27805 us, speed:  5285 KB/s, CRC: OK, Pattern: OK, Size: OK (0xC61C2AA0)
Reading /test_568.bin... opened: 20757 us, closed:     3 us, I/O:   1889 us, total:  27798 us, speed:  5293 KB/s, CRC: OK, Pattern: OK, Size: OK (0xC61C2AA0)
Reading /test_569.bin... opened: 20721 us, closed:     3 us, I/O:   1892 us, total:  27790 us, speed:  5285 KB/s, CRC: OK, Pattern: OK, Size: OK (0xC61C2AA0)
Reading /test_570.bin... opened: 20706 us, closed:     3 us, I/O:   1892 us, total:  27763 us, speed:  5285 KB/s, CRC: OK, Pattern: OK, Size: OK (0xC61C2AA0)
Reading /test_571.bin... opened: 20653 us, closed:     3 us, I/O:   1892 us, total:  27697 us, speed:  5285 KB/s, CRC: OK, Pattern: OK, Size: OK (0xC61C2AA0)
Reading /test_572.bin... opened: 20690 us, closed:     3 us, I/O:   1885 us, total:  27737 us, speed:  5305 KB/s, CRC: OK, Pattern: OK, Size: OK (0xC61C2AA0)
Reading /test_573.bin... opened: 26498 us, closed:     3 us, I/O:   1892 us, total:  33538 us, speed:  5285 KB/s, CRC: OK, Pattern: OK, Size: OK (0xC61C2AA0)
Reading /test_574.bin... opened: 20669 us, closed:     3 us, I/O:   1887 us, total:  27707 us, speed:  5299 KB/s, CRC: OK, Pattern: OK, Size: OK (0xC61C2AA0)
Reading /test_575.bin... opened: 20629 us, closed:     3 us, I/O:   1891 us, total:  27684 us, speed:  5288 KB/s, CRC: OK, Pattern: OK, Size: OK (0xC61C2AA0)
Reading /test_576.bin... opened: 28636 us, closed:     6 us, I/O:   1885 us, total:  35712 us, speed:  5305 KB/s, CRC: OK, Pattern: OK, Size: OK (0xC61C2AA0)
Reading /test_577.bin... opened: 22727 us, closed:     3 us, I/O:   1893 us, total:  29814 us, speed:  5282 KB/s, CRC: OK, Pattern: OK, Size: OK (0xC61C2AA0)
Reading /test_578.bin... opened: 22697 us, closed:     3 us, I/O:   1892 us, total:  29784 us, speed:  5285 KB/s, CRC: OK, Pattern: OK, Size: OK (0xC61C2AA0)
Reading /test_579.bin... opened: 28619 us, closed:     3 us, I/O:   1893 us, total:  35700 us, speed:  5282 KB/s, CRC: OK, Pattern: OK, Size: OK (0xC61C2AA0)
Reading /test_580.bin... opened: 22645 us, closed:     3 us, I/O:   1892 us, total:  29725 us, speed:  5285 KB/s, CRC: OK, Pattern: OK, Size: OK (0xC61C2AA0)
Reading /test_581.bin... opened: 22643 us, closed:     3 us, I/O:   1892 us, total:  29694 us, speed:  5285 KB/s, CRC: OK, Pattern: OK, Size: OK (0xC61C2AA0)
Reading /test_582.bin... opened: 28640 us, closed:     3 us, I/O:   1892 us, total:  35737 us, speed:  5285 KB/s, CRC: OK, Pattern: OK, Size: OK (0xC61C2AA0)
Reading /test_583.bin... opened: 22582 us, closed:     3 us, I/O:   1891 us, total:  29627 us, speed:  5288 KB/s, CRC: OK, Pattern: OK, Size: OK (0xC61C2AA0)
Reading /test_584.bin... opened: 22585 us, closed:     3 us, I/O:   1885 us, total:  29613 us, speed:  5305 KB/s, CRC: OK, Pattern: OK, Size: OK (0xC61C2AA0)
Reading /test_585.bin... opened: 28549 us, closed:     3 us, I/O:   1892 us, total:  35605 us, speed:  5285 KB/s, CRC: OK, Pattern: OK, Size: OK (0xC61C2AA0)
Reading /test_586.bin... opened: 22539 us, closed:     3 us, I/O:   1888 us, total:  29616 us, speed:  5296 KB/s, CRC: OK, Pattern: OK, Size: OK (0xC61C2AA0)
Reading /test_587.bin... opened: 22559 us, closed:     3 us, I/O:   1892 us, total:  29604 us, speed:  5285 KB/s, CRC: OK, Pattern: OK, Size: OK (0xC61C2AA0)
Reading /test_588.bin... opened: 28546 us, closed:     3 us, I/O:   1888 us, total:  35611 us, speed:  5296 KB/s, CRC: OK, Pattern: OK, Size: OK (0xC61C2AA0)
Reading /test_589.bin... opened: 22467 us, closed:     3 us, I/O:   1890 us, total:  29574 us, speed:  5291 KB/s, CRC: OK, Pattern: OK, Size: OK (0xC61C2AA0)
Reading /test_590.bin... opened: 22533 us, closed:     3 us, I/O:   1895 us, total:  29556 us, speed:  5277 KB/s, CRC: OK, Pattern: OK, Size: OK (0xC61C2AA0)
Reading /test_591.bin... opened: 28423 us, closed:     3 us, I/O:   1891 us, total:  35475 us, speed:  5288 KB/s, CRC: OK, Pattern: OK, Size: OK (0xC61C2AA0)
Reading /test_592.bin... opened: 22459 us, closed:     3 us, I/O:   1885 us, total:  29472 us, speed:  5305 KB/s, CRC: OK, Pattern: OK, Size: OK (0xC61C2AA0)
Reading /test_593.bin... opened: 22490 us, closed:     3 us, I/O:   1891 us, total:  29541 us, speed:  5288 KB/s, CRC: OK, Pattern: OK, Size: OK (0xC61C2AA0)
Reading /test_594.bin... opened: 28431 us, closed:     3 us, I/O:   1891 us, total:  35492 us, speed:  5288 KB/s, CRC: OK, Pattern: OK, Size: OK (0xC61C2AA0)
Reading /test_595.bin... opened: 22464 us, closed:     3 us, I/O:   1888 us, total:  29487 us, speed:  5296 KB/s, CRC: OK, Pattern: OK, Size: OK (0xC61C2AA0)
Reading /test_596.bin... opened: 22374 us, closed:     3 us, I/O:   1890 us, total:  29436 us, speed:  5291 KB/s, CRC: OK, Pattern: OK, Size: OK (0xC61C2AA0)
Reading /test_597.bin... opened: 22430 us, closed:     3 us, I/O:   7858 us, total:  35439 us, speed:  1272 KB/s, CRC: OK, Pattern: OK, Size: OK (0xC61C2AA0)
Reading /test_598.bin... opened: 22426 us, closed:     3 us, I/O:   1889 us, total:  29499 us, speed:  5293 KB/s, CRC: OK, Pattern: OK, Size: OK (0xC61C2AA0)
Reading /test_599.bin... opened: 22339 us, closed:     3 us, I/O:   1892 us, total:  29408 us, speed:  5285 KB/s, CRC: OK, Pattern: OK, Size: OK (0xC61C2AA0)
Reading /test_600.bin... opened: 22350 us, closed:     3 us, I/O:   1890 us, total:  35385 us, speed:  5291 KB/s, CRC: OK, Pattern: OK, Size: OK (0xC61C2AA0)
Reading /test_601.bin... opened: 22312 us, closed:     3 us, I/O:   1885 us, total:  29376 us, speed:  5305 KB/s, CRC: OK, Pattern: OK, Size: OK (0xC61C2AA0)
Reading /test_602.bin... opened: 22311 us, closed:     3 us, I/O:   1885 us, total:  29340 us, speed:  5305 KB/s, CRC: OK, Pattern: OK, Size: OK (0xC61C2AA0)
Reading /test_603.bin... opened: 22366 us, closed:     3 us, I/O:   1892 us, total:  35363 us, speed:  5285 KB/s, CRC: OK, Pattern: OK, Size: OK (0xC61C2AA0)
Reading /test_604.bin... opened: 22305 us, closed:     3 us, I/O:   1891 us, total:  29396 us, speed:  5288 KB/s, CRC: OK, Pattern: OK, Size: OK (0xC61C2AA0)
Reading /test_605.bin... opened: 22215 us, closed:     3 us, I/O:   1892 us, total:  29268 us, speed:  5285 KB/s, CRC: OK, Pattern: OK, Size: OK (0xC61C2AA0)
Reading /test_606.bin... opened: 22265 us, closed:     3 us, I/O:   1907 us, total:  29326 us, speed:  5243 KB/s, CRC: OK, Pattern: OK, Size: OK (0xC61C2AA0)
Reading /test_607.bin... opened: 28225 us, closed:     3 us, I/O:   1889 us, total:  35262 us, speed:  5293 KB/s, CRC: OK, Pattern: OK, Size: OK (0xC61C2AA0)
Reading /test_608.bin... opened: 22201 us, closed:     3 us, I/O:   1890 us, total:  29217 us, speed:  5291 KB/s, CRC: OK, Pattern: OK, Size: OK (0xC61C2AA0)
Reading /test_609.bin... opened: 22219 us, closed:     3 us, I/O:   1891 us, total:  29300 us, speed:  5288 KB/s, CRC: OK, Pattern: OK, Size: OK (0xC61C2AA0)
Reading /test_610.bin... opened: 28164 us, closed:     3 us, I/O:   1908 us, total:  35196 us, speed:  5241 KB/s, CRC: OK, Pattern: OK, Size: OK (0xC61C2AA0)
Reading /test_611.bin... opened: 22214 us, closed:     3 us, I/O:   1894 us, total:  29292 us, speed:  5279 KB/s, CRC: OK, Pattern: OK, Size: OK (0xC61C2AA0)
Reading /test_612.bin... opened: 22176 us, closed:     3 us, I/O:   1889 us, total:  29256 us, speed:  5293 KB/s, CRC: OK, Pattern: OK, Size: OK (0xC61C2AA0)
Reading /test_613.bin... opened: 28103 us, closed:     3 us, I/O:   1888 us, total:  35170 us, speed:  5296 KB/s, CRC: OK, Pattern: OK, Size: OK (0xC61C2AA0)
Reading /test_614.bin... opened: 22216 us, closed:     3 us, I/O:   1888 us, total:  29293 us, speed:  5296 KB/s, CRC: OK, Pattern: OK, Size: OK (0xC61C2AA0)
Reading /test_615.bin... opened: 22151 us, closed:     3 us, I/O:   1889 us, total:  29206 us, speed:  5293 KB/s, CRC: OK, Pattern: OK, Size: OK (0xC61C2AA0)
Reading /test_616.bin... opened: 28096 us, closed:     3 us, I/O:   1891 us, total:  35167 us, speed:  5288 KB/s, CRC: OK, Pattern: OK, Size: OK (0xC61C2AA0)
Reading /test_617.bin... opened: 24182 us, closed:     3 us, I/O:   1887 us, total:  31216 us, speed:  5299 KB/s, CRC: OK, Pattern: OK, Size: OK (0xC61C2AA0)
Reading /test_618.bin... opened: 24275 us, closed:     3 us, I/O:   1881 us, total:  31310 us, speed:  5316 KB/s, CRC: OK, Pattern: OK, Size: OK (0xC61C2AA0)
Reading /test_619.bin... opened: 30168 us, closed:     3 us, I/O:   1887 us, total:  37237 us, speed:  5299 KB/s, CRC: OK, Pattern: OK, Size: OK (0xC61C2AA0)
Reading /test_620.bin... opened: 24230 us, closed:     3 us, I/O:   1883 us, total:  31296 us, speed:  5310 KB/s, CRC: OK, Pattern: OK, Size: OK (0xC61C2AA0)
Reading /test_621.bin... opened: 24169 us, closed:     3 us, I/O:   1913 us, total:  31223 us, speed:  5227 KB/s, CRC: OK, Pattern: OK, Size: OK (0xC61C2AA0)
Reading /test_622.bin... opened: 30043 us, closed:     3 us, I/O:   1882 us, total:  37100 us, speed:  5313 KB/s, CRC: OK, Pattern: OK, Size: OK (0xC61C2AA0)
Reading /test_623.bin... opened: 24163 us, closed:     3 us, I/O:   1890 us, total:  31250 us, speed:  5291 KB/s, CRC: OK, Pattern: OK, Size: OK (0xC61C2AA0)
Reading /test_624.bin... opened: 24142 us, closed:     3 us, I/O:   1889 us, total:  31196 us, speed:  5293 KB/s, CRC: OK, Pattern: OK, Size: OK (0xC61C2AA0)
Reading /test_625.bin... opened: 24073 us, closed:     3 us, I/O:   1882 us, total:  31130 us, speed:  5313 KB/s, CRC: OK, Pattern: OK, Size: OK (0xC61C2AA0)
Reading /test_626.bin... opened: 24077 us, closed:     3 us, I/O:   1887 us, total:  31136 us, speed:  5299 KB/s, CRC: OK, Pattern: OK, Size: OK (0xC61C2AA0)
Reading /test_627.bin... opened: 24114 us, closed:     3 us, I/O:   1889 us, total:  37129 us, speed:  5293 KB/s, CRC: OK, Pattern: OK, Size: OK (0xC61C2AA0)
Reading /test_628.bin... opened: 24044 us, closed:     3 us, I/O:   1891 us, total:  31074 us, speed:  5288 KB/s, CRC: OK, Pattern: OK, Size: OK (0xC61C2AA0)
Reading /test_629.bin... opened: 24074 us, closed:     3 us, I/O:   1890 us, total:  31133 us, speed:  5291 KB/s, CRC: OK, Pattern: OK, Size: OK (0xC61C2AA0)
Reading /test_630.bin... opened: 24055 us, closed:     3 us, I/O:   7718 us, total:  36967 us, speed:  1295 KB/s, CRC: OK, Pattern: OK, Size: OK (0xC61C2AA0)
Reading /test_631.bin... opened: 23980 us, closed:     3 us, I/O:   1885 us, total:  31051 us, speed:  5305 KB/s, CRC: OK, Pattern: OK, Size: OK (0xC61C2AA0)
Reading /test_632.bin... opened: 24069 us, closed:     3 us, I/O:   1891 us, total:  31102 us, speed:  5288 KB/s, CRC: OK, Pattern: OK, Size: OK (0xC61C2AA0)
Reading /test_633.bin... opened: 29975 us, closed:     3 us, I/O:   1886 us, total:  37000 us, speed:  5302 KB/s, CRC: OK, Pattern: OK, Size: OK (0xC61C2AA0)
Reading /test_634.bin... opened: 23996 us, closed:     3 us, I/O:   1884 us, total:  31048 us, speed:  5307 KB/s, CRC: OK, Pattern: OK, Size: OK (0xC61C2AA0)
Reading /test_635.bin... opened: 23971 us, closed:     3 us, I/O:   1885 us, total:  30992 us, speed:  5305 KB/s, CRC: OK, Pattern: OK, Size: OK (0xC61C2AA0)
Reading /test_636.bin... opened: 29996 us, closed:     3 us, I/O:   1888 us, total:  37105 us, speed:  5296 KB/s, CRC: OK, Pattern: OK, Size: OK (0xC61C2AA0)
Reading /test_637.bin... opened: 23871 us, closed:     3 us, I/O:   1889 us, total:  30924 us, speed:  5293 KB/s, CRC: OK, Pattern: OK, Size: OK (0xC61C2AA0)
Reading /test_638.bin... opened: 23921 us, closed:     3 us, I/O:   1885 us, total:  30979 us, speed:  5305 KB/s, CRC: OK, Pattern: OK, Size: OK (0xC61C2AA0)
Reading /test_639.bin... opened: 29921 us, closed:     3 us, I/O:   1892 us, total:  36969 us, speed:  5285 KB/s, CRC: OK, Pattern: OK, Size: OK (0xC61C2AA0)
Reading /test_640.bin... opened: 23845 us, closed:     3 us, I/O:   1890 us, total:  30933 us, speed:  5291 KB/s, CRC: OK, Pattern: OK, Size: OK (0xC61C2AA0)
Reading /test_641.bin... opened: 23883 us, closed:     3 us, I/O:   1894 us, total:  30966 us, speed:  5279 KB/s, CRC: OK, Pattern: OK, Size: OK (0xC61C2AA0)
Reading /test_642.bin... opened: 29690 us, closed:     3 us, I/O:   1893 us, total:  36707 us, speed:  5282 KB/s, CRC: OK, Pattern: OK, Size: OK (0xC61C2AA0)
Reading /test_643.bin... opened: 23820 us, closed:     6 us, I/O:   1903 us, total:  30867 us, speed:  5254 KB/s, CRC: OK, Pattern: OK, Size: OK (0xC61C2AA0)
Reading /test_644.bin... opened: 23799 us, closed:     3 us, I/O:   1884 us, total:  30851 us, speed:  5307 KB/s, CRC: OK, Pattern: OK, Size: OK (0xC61C2AA0)
Reading /test_645.bin... opened: 29827 us, closed:     3 us, I/O:   1884 us, total:  36881 us, speed:  5307 KB/s, CRC: OK, Pattern: OK, Size: OK (0xC61C2AA0)
Reading /test_646.bin... opened: 23836 us, closed:     3 us, I/O:   1890 us, total:  30874 us, speed:  5291 KB/s, CRC: OK, Pattern: OK, Size: OK (0xC61C2AA0)
Reading /test_647.bin... opened: 23779 us, closed:     3 us, I/O:   1891 us, total:  30839 us, speed:  5288 KB/s, CRC: OK, Pattern: OK, Size: OK (0xC61C2AA0)
Reading /test_648.bin... opened: 29728 us, closed:     3 us, I/O:   1891 us, total:  36805 us, speed:  5288 KB/s, CRC: OK, Pattern: OK, Size: OK (0xC61C2AA0)
Reading /test_649.bin... opened: 23760 us, closed:     3 us, I/O:   1892 us, total:  30821 us, speed:  5285 KB/s, CRC: OK, Pattern: OK, Size: OK (0xC61C2AA0)
Reading /test_650.bin... opened: 23741 us, closed:     3 us, I/O:   1892 us, total:  30786 us, speed:  5285 KB/s, CRC: OK, Pattern: OK, Size: OK (0xC61C2AA0)
Reading /test_651.bin... opened: 29567 us, closed:     3 us, I/O:   1885 us, total:  36640 us, speed:  5305 KB/s, CRC: OK, Pattern: OK, Size: OK (0xC61C2AA0)
Reading /test_652.bin... opened: 23687 us, closed:     3 us, I/O:   1894 us, total:  30737 us, speed:  5279 KB/s, CRC: OK, Pattern: OK, Size: OK (0xC61C2AA0)
Reading /test_653.bin... opened: 23685 us, closed:     3 us, I/O:   1889 us, total:  30754 us, speed:  5293 KB/s, CRC: OK, Pattern: OK, Size: OK (0xC61C2AA0)
Reading /test_654.bin... opened: 29587 us, closed:     3 us, I/O:   1884 us, total:  36703 us, speed:  5307 KB/s, CRC: OK, Pattern: OK, Size: OK (0xC61C2AA0)
Reading /test_655.bin... opened: 23701 us, closed:     3 us, I/O:   1889 us, total:  30745 us, speed:  5293 KB/s, CRC: OK, Pattern: OK, Size: OK (0xC61C2AA0)
Reading /test_656.bin... opened: 23625 us, closed:     3 us, I/O:   1885 us, total:  30703 us, speed:  5305 KB/s, CRC: OK, Pattern: OK, Size: OK (0xC61C2AA0)
Reading /test_657.bin... opened: 29575 us, closed:     3 us, I/O:   1891 us, total:  36628 us, speed:  5288 KB/s, CRC: OK, Pattern: OK, Size: OK (0xC61C2AA0)
Reading /test_658.bin... opened: 25743 us, closed:     3 us, I/O:   1889 us, total:  32786 us, speed:  5293 KB/s, CRC: OK, Pattern: OK, Size: OK (0xC61C2AA0)
Reading /test_659.bin... opened: 25776 us, closed:     3 us, I/O:   1891 us, total:  38793 us, speed:  5288 KB/s, CRC: OK, Pattern: OK, Size: OK (0xC61C2AA0)
Reading /test_660.bin... opened: 25673 us, closed:     3 us, I/O:   1889 us, total:  32710 us, speed:  5293 KB/s, CRC: OK, Pattern: OK, Size: OK (0xC61C2AA0)
Reading /test_661.bin... opened: 25744 us, closed:     3 us, I/O:   1888 us, total:  32798 us, speed:  5296 KB/s, CRC: OK, Pattern: OK, Size: OK (0xC61C2AA0)
Reading /test_662.bin... opened: 31631 us, closed:     3 us, I/O:   1892 us, total:  38687 us, speed:  5285 KB/s, CRC: OK, Pattern: OK, Size: OK (0xC61C2AA0)
Reading /test_663.bin... opened: 25742 us, closed:     3 us, I/O:   1888 us, total:  32790 us, speed:  5296 KB/s, CRC: OK, Pattern: OK, Size: OK (0xC61C2AA0)
Reading /test_664.bin... opened: 25653 us, closed:     3 us, I/O:   1889 us, total:  32704 us, speed:  5293 KB/s, CRC: OK, Pattern: OK, Size: OK (0xC61C2AA0)
Reading /test_665.bin... opened: 31598 us, closed:     3 us, I/O:   1888 us, total:  38630 us, speed:  5296 KB/s, CRC: OK, Pattern: OK, Size: OK (0xC61C2AA0)
Reading /test_666.bin... opened: 25653 us, closed:     3 us, I/O:   1888 us, total:  32686 us, speed:  5296 KB/s, CRC: OK, Pattern: OK, Size: OK (0xC61C2AA0)
Reading /test_667.bin... opened: 25526 us, closed:     3 us, I/O:   1891 us, total:  32599 us, speed:  5288 KB/s, CRC: OK, Pattern: OK, Size: OK (0xC61C2AA0)
Reading /test_668.bin... opened: 31517 us, closed:     3 us, I/O:   1887 us, total:  38574 us, speed:  5299 KB/s, CRC: OK, Pattern: OK, Size: OK (0xC61C2AA0)
Reading /test_669.bin... opened: 25552 us, closed:     3 us, I/O:   1888 us, total:  32644 us, speed:  5296 KB/s, CRC: OK, Pattern: OK, Size: OK (0xC61C2AA0)
Reading /test_670.bin... opened: 25594 us, closed:     3 us, I/O:   1884 us, total:  32679 us, speed:  5307 KB/s, CRC: OK, Pattern: OK, Size: OK (0xC61C2AA0)
Reading /test_671.bin... opened: 31384 us, closed:     3 us, I/O:   1889 us, total:  38428 us, speed:  5293 KB/s, CRC: OK, Pattern: OK, Size: OK (0xC61C2AA0)
Reading /test_672.bin... opened: 25529 us, closed:     3 us, I/O:   1887 us, total:  32615 us, speed:  5299 KB/s, CRC: OK, Pattern: OK, Size: OK (0xC61C2AA0)
Reading /test_673.bin... opened: 25583 us, closed:     3 us, I/O:   7743 us, total:  38461 us, speed:  1291 KB/s, CRC: OK, Pattern: OK, Size: OK (0xC61C2AA0)
Reading /test_674.bin... opened: 25465 us, closed:     3 us, I/O:   1888 us, total:  32487 us, speed:  5296 KB/s, CRC: OK, Pattern: OK, Size: OK (0xC61C2AA0)
Reading /test_675.bin... opened: 25523 us, closed:     3 us, I/O:   1888 us, total:  32629 us, speed:  5296 KB/s, CRC: OK, Pattern: OK, Size: OK (0xC61C2AA0)
Reading /test_676.bin... opened: 31468 us, closed:     3 us, I/O:   1904 us, total:  38551 us, speed:  5252 KB/s, CRC: OK, Pattern: OK, Size: OK (0xC61C2AA0)
Reading /test_677.bin... opened: 25427 us, closed:     3 us, I/O:   1895 us, total:  32486 us, speed:  5277 KB/s, CRC: OK, Pattern: OK, Size: OK (0xC61C2AA0)
Reading /test_678.bin... opened: 25380 us, closed:     3 us, I/O:   1892 us, total:  32464 us, speed:  5285 KB/s, CRC: OK, Pattern: OK, Size: OK (0xC61C2AA0)
Reading /test_679.bin... opened: 31290 us, closed:     6 us, I/O:   1887 us, total:  38366 us, speed:  5299 KB/s, CRC: OK, Pattern: OK, Size: OK (0xC61C2AA0)
Reading /test_680.bin... opened: 25461 us, closed:     3 us, I/O:   1885 us, total:  32519 us, speed:  5305 KB/s, CRC: OK, Pattern: OK, Size: OK (0xC61C2AA0)
Reading /test_681.bin... opened: 25402 us, closed:     3 us, I/O:   1891 us, total:  32461 us, speed:  5288 KB/s, CRC: OK, Pattern: OK, Size: OK (0xC61C2AA0)
Reading /test_682.bin... opened: 31347 us, closed:     3 us, I/O:   1903 us, total:  38401 us, speed:  5254 KB/s, CRC: OK, Pattern: OK, Size: OK (0xC61C2AA0)
Reading /test_683.bin... opened: 25355 us, closed:     3 us, I/O:   1892 us, total:  32425 us, speed:  5285 KB/s, CRC: OK, Pattern: OK, Size: OK (0xC61C2AA0)
Reading /test_684.bin... opened: 25357 us, closed:     3 us, I/O:   1888 us, total:  38373 us, speed:  5296 KB/s, CRC: OK, Pattern: OK, Size: OK (0xC61C2AA0)
Reading /test_685.bin... opened: 25276 us, closed:     3 us, I/O:   1893 us, total:  32327 us, speed:  5282 KB/s, CRC: OK, Pattern: OK, Size: OK (0xC61C2AA0)
Reading /test_686.bin... opened: 25257 us, closed:     6 us, I/O:   1886 us, total:  32332 us, speed:  5302 KB/s, CRC: OK, Pattern: OK, Size: OK (0xC61C2AA0)
Reading /test_687.bin... opened: 25282 us, closed:     3 us, I/O:   7321 us, total:  37790 us, speed:  1365 KB/s, CRC: OK, Pattern: OK, Size: OK (0xC61C2AA0)
Reading /test_688.bin... opened: 25208 us, closed:     3 us, I/O:   1891 us, total:  32277 us, speed:  5288 KB/s, CRC: OK, Pattern: OK, Size: OK (0xC61C2AA0)
Reading /test_689.bin... opened: 25312 us, closed:     3 us, I/O:   1888 us, total:  32377 us, speed:  5296 KB/s, CRC: OK, Pattern: OK, Size: OK (0xC61C2AA0)
Reading /test_690.bin... opened: 31251 us, closed:     3 us, I/O:   1891 us, total:  38314 us, speed:  5288 KB/s, CRC: OK, Pattern: OK, Size: OK (0xC61C2AA0)
Reading /test_691.bin... opened: 25299 us, closed:     3 us, I/O:   1888 us, total:  32398 us, speed:  5296 KB/s, CRC: OK, Pattern: OK, Size: OK (0xC61C2AA0)
Reading /test_692.bin... opened: 25192 us, closed:     6 us, I/O:   1891 us, total:  32274 us, speed:  5288 KB/s, CRC: OK, Pattern: OK, Size: OK (0xC61C2AA0)
Reading /test_693.bin... opened: 31101 us, closed:     3 us, I/O:   1883 us, total:  38141 us, speed:  5310 KB/s, CRC: OK, Pattern: OK, Size: OK (0xC61C2AA0)
Reading /test_694.bin... opened: 25249 us, closed:     3 us, I/O:   1888 us, total:  32279 us, speed:  5296 KB/s, CRC: OK, Pattern: OK, Size: OK (0xC61C2AA0)
Reading /test_695.bin... opened: 25218 us, closed:     3 us, I/O:   1893 us, total:  32235 us, speed:  5282 KB/s, CRC: OK, Pattern: OK, Size: OK (0xC61C2AA0)
Reading /test_696.bin... opened: 31091 us, closed:     3 us, I/O:   1889 us, total:  38154 us, speed:  5293 KB/s, CRC: OK, Pattern: OK, Size: OK (0xC61C2AA0)
Reading /test_697.bin... opened: 25145 us, closed:     3 us, I/O:   1888 us, total:  32218 us, speed:  5296 KB/s, CRC: OK, Pattern: OK, Size: OK (0xC61C2AA0)
Reading /test_698.bin... opened: 25174 us, closed:     3 us, I/O:   1901 us, total:  32250 us, speed:  5260 KB/s, CRC: OK, Pattern: OK, Size: OK (0xC61C2AA0)
Reading /test_699.bin... opened: 33196 us, closed:     3 us, I/O:   1890 us, total:  40254 us, speed:  5291 KB/s, CRC: OK, Pattern: OK, Size: OK (0xC61C2AA0)
Reading /test_700.bin... opened: 27185 us, closed:     3 us, I/O:   1889 us, total:  34239 us, speed:  5293 KB/s, CRC: OK, Pattern: OK, Size: OK (0xC61C2AA0)
Reading /test_701.bin... opened: 33131 us, closed:     3 us, I/O:   1888 us, total:  40196 us, speed:  5296 KB/s, CRC: OK, Pattern: OK, Size: OK (0xC61C2AA0)
Reading /test_702.bin... opened: 27168 us, closed:     3 us, I/O:   1885 us, total:  34229 us, speed:  5305 KB/s, CRC: OK, Pattern: OK, Size: OK (0xC61C2AA0)
Reading /test_703.bin... opened: 27171 us, closed:     3 us, I/O:   1883 us, total:  34232 us, speed:  5310 KB/s, CRC: OK, Pattern: OK, Size: OK (0xC61C2AA0)
Reading /test_704.bin... opened: 32986 us, closed:     3 us, I/O:   1892 us, total:  40041 us, speed:  5285 KB/s, CRC: OK, Pattern: OK, Size: OK (0xC61C2AA0)
Reading /test_705.bin... opened: 27178 us, closed:     3 us, I/O:   1889 us, total:  34231 us, speed:  5293 KB/s, CRC: OK, Pattern: OK, Size: OK (0xC61C2AA0)
Reading /test_706.bin... opened: 27104 us, closed:     3 us, I/O:   1891 us, total:  34123 us, speed:  5288 KB/s, CRC: OK, Pattern: OK, Size: OK (0xC61C2AA0)
Reading /test_707.bin... opened: 27114 us, closed:     3 us, I/O:   1890 us, total:  34144 us, speed:  5291 KB/s, CRC: OK, Pattern: OK, Size: OK (0xC61C2AA0)
Reading /test_708.bin... opened: 27120 us, closed:     3 us, I/O:   1889 us, total:  34172 us, speed:  5293 KB/s, CRC: OK, Pattern: OK, Size: OK (0xC61C2AA0)
Reading /test_709.bin... opened: 32930 us, closed:     3 us, I/O:   1885 us, total:  39969 us, speed:  5305 KB/s, CRC: OK, Pattern: OK, Size: OK (0xC61C2AA0)
Reading /test_710.bin... opened: 27053 us, closed:     3 us, I/O:   1888 us, total:  34126 us, speed:  5296 KB/s, CRC: OK, Pattern: OK, Size: OK (0xC61C2AA0)
Reading /test_711.bin... opened: 27005 us, closed:     3 us, I/O:   1888 us, total:  34064 us, speed:  5296 KB/s, CRC: OK, Pattern: OK, Size: OK (0xC61C2AA0)
Reading /test_712.bin... opened: 32950 us, closed:     3 us, I/O:   1885 us, total:  40011 us, speed:  5305 KB/s, CRC: OK, Pattern: OK, Size: OK (0xC61C2AA0)
Reading /test_713.bin... opened: 27065 us, closed:     3 us, I/O:   1904 us, total:  34100 us, speed:  5252 KB/s, CRC: OK, Pattern: OK, Size: OK (0xC61C2AA0)
Reading /test_714.bin... opened: 27069 us, closed:     3 us, I/O:   1889 us, total:  40097 us, speed:  5293 KB/s, CRC: OK, Pattern: OK, Size: OK (0xC61C2AA0)
Reading /test_715.bin... opened: 27035 us, closed:     3 us, I/O:   1889 us, total:  34101 us, speed:  5293 KB/s, CRC: OK, Pattern: OK, Size: OK (0xC61C2AA0)
Reading /test_716.bin... opened: 26964 us, closed:     3 us, I/O:   1888 us, total:  34023 us, speed:  5296 KB/s, CRC: OK, Pattern: OK, Size: OK (0xC61C2AA0)
Reading /test_717.bin... opened: 32932 us, closed:     3 us, I/O:   1888 us, total:  40004 us, speed:  5296 KB/s, CRC: OK, Pattern: OK, Size: OK (0xC61C2AA0)
Reading /test_718.bin... opened: 26956 us, closed:     3 us, I/O:   1892 us, total:  33999 us, speed:  5285 KB/s, CRC: OK, Pattern: OK, Size: OK (0xC61C2AA0)
Reading /test_719.bin... opened: 26881 us, closed:     3 us, I/O:   1892 us, total:  33969 us, speed:  5285 KB/s, CRC: OK, Pattern: OK, Size: OK (0xC61C2AA0)
Reading /test_720.bin... opened: 32880 us, closed:     3 us, I/O:   1886 us, total:  39937 us, speed:  5302 KB/s, CRC: OK, Pattern: OK, Size: OK (0xC61C2AA0)
Reading /test_721.bin... opened: 26940 us, closed:     6 us, I/O:   1888 us, total:  33972 us, speed:  5296 KB/s, CRC: OK, Pattern: OK, Size: OK (0xC61C2AA0)
Reading /test_722.bin... opened: 26865 us, closed:     3 us, I/O:   1891 us, total:  33929 us, speed:  5288 KB/s, CRC: OK, Pattern: OK, Size: OK (0xC61C2AA0)
Reading /test_723.bin... opened: 26897 us, closed:     3 us, I/O:   1888 us, total:  33975 us, speed:  5296 KB/s, CRC: OK, Pattern: OK, Size: OK (0xC61C2AA0)
Reading /test_724.bin... opened: 26801 us, closed:     3 us, I/O:   1906 us, total:  33866 us, speed:  5246 KB/s, CRC: OK, Pattern: OK, Size: OK (0xC61C2AA0)
Reading /test_725.bin... opened: 32880 us, closed:     3 us, I/O:   1887 us, total:  39924 us, speed:  5299 KB/s, CRC: OK, Pattern: OK, Size: OK (0xC61C2AA0)
Reading /test_726.bin... opened: 26849 us, closed:     3 us, I/O:   1889 us, total:  33913 us, speed:  5293 KB/s, CRC: OK, Pattern: OK, Size: OK (0xC61C2AA0)
Reading /test_727.bin... opened: 26798 us, closed:     3 us, I/O:   1892 us, total:  33849 us, speed:  5285 KB/s, CRC: OK, Pattern: OK, Size: OK (0xC61C2AA0)
Reading /test_728.bin... opened: 32782 us, closed:     3 us, I/O:   1885 us, total:  39835 us, speed:  5305 KB/s, CRC: OK, Pattern: OK, Size: OK (0xC61C2AA0)
Reading /test_729.bin... opened: 26819 us, closed:     3 us, I/O:   1905 us, total:  33890 us, speed:  5249 KB/s, CRC: OK, Pattern: OK, Size: OK (0xC61C2AA0)
Reading /test_730.bin... opened: 26851 us, closed:     3 us, I/O:   1904 us, total:  33905 us, speed:  5252 KB/s, CRC: OK, Pattern: OK, Size: OK (0xC61C2AA0)
Reading /test_731.bin... opened: 26724 us, closed:     3 us, I/O:   1900 us, total:  33773 us, speed:  5263 KB/s, CRC: OK, Pattern: OK, Size: OK (0xC61C2AA0)
Reading /test_732.bin... opened: 26768 us, closed:     3 us, I/O:   1885 us, total:  33813 us, speed:  5305 KB/s, CRC: OK, Pattern: OK, Size: OK (0xC61C2AA0)
Reading /test_733.bin... opened: 32640 us, closed:     3 us, I/O:   1888 us, total:  39682 us, speed:  5296 KB/s, CRC: OK, Pattern: OK, Size: OK (0xC61C2AA0)
Reading /test_734.bin... opened: 26732 us, closed:     3 us, I/O:   1888 us, total:  33769 us, speed:  5296 KB/s, CRC: OK, Pattern: OK, Size: OK (0xC61C2AA0)
Reading /test_735.bin... opened: 26726 us, closed:     3 us, I/O:   1891 us, total:  33837 us, speed:  5288 KB/s, CRC: OK, Pattern: OK, Size: OK (0xC61C2AA0)
Reading /test_736.bin... opened: 32609 us, closed:     3 us, I/O:   1888 us, total:  39651 us, speed:  5296 KB/s, CRC: OK, Pattern: OK, Size: OK (0xC61C2AA0)
Reading /test_737.bin... opened: 26671 us, closed:     3 us, I/O:   1912 us, total:  33724 us, speed:  5230 KB/s, CRC: OK, Pattern: OK, Size: OK (0xC61C2AA0)
Reading /test_738.bin... opened: 26690 us, closed:     3 us, I/O:   1891 us, total:  33723 us, speed:  5288 KB/s, CRC: OK, Pattern: OK, Size: OK (0xC61C2AA0)
Reading /test_739.bin... opened: 32588 us, closed:     3 us, I/O:   1889 us, total:  39646 us, speed:  5293 KB/s, CRC: OK, Pattern: OK, Size: OK (0xC61C2AA0)
Reading /test_740.bin... opened: 28692 us, closed:     3 us, I/O:   1892 us, total:  35738 us, speed:  5285 KB/s, CRC: OK, Pattern: OK, Size: OK (0xC61C2AA0)
Reading /test_741.bin... opened: 34695 us, closed:     3 us, I/O:   1892 us, total:  41762 us, speed:  5285 KB/s, CRC: OK, Pattern: OK, Size: OK (0xC61C2AA0)
Reading /test_742.bin... opened: 28672 us, closed:     3 us, I/O:   1909 us, total:  35749 us, speed:  5238 KB/s, CRC: OK, Pattern: OK, Size: OK (0xC61C2AA0)
Reading /test_743.bin... opened: 28740 us, closed:     3 us, I/O:   1912 us, total:  35785 us, speed:  5230 KB/s, CRC: OK, Pattern: OK, Size: OK (0xC61C2AA0)
Reading /test_744.bin... opened: 34658 us, closed:     3 us, I/O:   1888 us, total:  41714 us, speed:  5296 KB/s, CRC: OK, Pattern: OK, Size: OK (0xC61C2AA0)
Reading /test_745.bin... opened: 28675 us, closed:     3 us, I/O:   1888 us, total:  35699 us, speed:  5296 KB/s, CRC: OK, Pattern: OK, Size: OK (0xC61C2AA0)
Reading /test_746.bin... opened: 34728 us, closed:     3 us, I/O:   1888 us, total:  41770 us, speed:  5296 KB/s, CRC: OK, Pattern: OK, Size: OK (0xC61C2AA0)
Reading /test_747.bin... opened: 28675 us, closed:     3 us, I/O:   1885 us, total:  35762 us, speed:  5305 KB/s, CRC: OK, Pattern: OK, Size: OK (0xC61C2AA0)
Reading /test_748.bin... opened: 28651 us, closed:     3 us, I/O:   1888 us, total:  35720 us, speed:  5296 KB/s, CRC: OK, Pattern: OK, Size: OK (0xC61C2AA0)
Reading /test_749.bin... opened: 34545 us, closed:     3 us, I/O:   1889 us, total:  41604 us, speed:  5293 KB/s, CRC: OK, Pattern: OK, Size: OK (0xC61C2AA0)
Reading /test_750.bin... opened: 28648 us, closed:     3 us, I/O:   1885 us, total:  35668 us, speed:  5305 KB/s, CRC: OK, Pattern: OK, Size: OK (0xC61C2AA0)
Reading /test_751.bin... opened: 28612 us, closed:     3 us, I/O:   1892 us, total:  41628 us, speed:  5285 KB/s, CRC: OK, Pattern: OK, Size: OK (0xC61C2AA0)
Reading /test_752.bin... opened: 28587 us, closed:     3 us, I/O:   1885 us, total:  35610 us, speed:  5305 KB/s, CRC: OK, Pattern: OK, Size: OK (0xC61C2AA0)
Reading /test_753.bin... opened: 28545 us, closed:     3 us, I/O:   1891 us, total:  35642 us, speed:  5288 KB/s, CRC: OK, Pattern: OK, Size: OK (0xC61C2AA0)
Reading /test_754.bin... opened: 34364 us, closed:     3 us, I/O:   1888 us, total:  41463 us, speed:  5296 KB/s, CRC: OK, Pattern: OK, Size: OK (0xC61C2AA0)
Reading /test_755.bin... opened: 28497 us, closed:     3 us, I/O:   1919 us, total:  35556 us, speed:  5211 KB/s, CRC: OK, Pattern: OK, Size: OK (0xC61C2AA0)
Reading /test_756.bin... opened: 28512 us, closed:     3 us, I/O:   1888 us, total:  41548 us, speed:  5296 KB/s, CRC: OK, Pattern: OK, Size: OK (0xC61C2AA0)
Reading /test_757.bin... opened: 28477 us, closed:     3 us, I/O:   1888 us, total:  35528 us, speed:  5296 KB/s, CRC: OK, Pattern: OK, Size: OK (0xC61C2AA0)
Reading /test_758.bin... opened: 28420 us, closed:     3 us, I/O:   1889 us, total:  35493 us, speed:  5293 KB/s, CRC: OK, Pattern: OK, Size: OK (0xC61C2AA0)
Reading /test_759.bin... opened: 34433 us, closed:     3 us, I/O:   1891 us, total:  41459 us, speed:  5288 KB/s, CRC: OK, Pattern: OK, Size: OK (0xC61C2AA0)
Reading /test_760.bin... opened: 28397 us, closed:     3 us, I/O:   1889 us, total:  35451 us, speed:  5293 KB/s, CRC: OK, Pattern: OK, Size: OK (0xC61C2AA0)
Reading /test_761.bin... opened: 28432 us, closed:     3 us, I/O:   1889 us, total:  35509 us, speed:  5293 KB/s, CRC: OK, Pattern: OK, Size: OK (0xC61C2AA0)
Reading /test_762.bin... opened: 34377 us, closed:     3 us, I/O:   1887 us, total:  41440 us, speed:  5299 KB/s, CRC: OK, Pattern: OK, Size: OK (0xC61C2AA0)
Reading /test_763.bin... opened: 28435 us, closed:     3 us, I/O:   1893 us, total:  35471 us, speed:  5282 KB/s, CRC: OK, Pattern: OK, Size: OK (0xC61C2AA0)
Reading /test_764.bin... opened: 34337 us, closed:     3 us, I/O:   1892 us, total:  41407 us, speed:  5285 KB/s, CRC: OK, Pattern: OK, Size: OK (0xC61C2AA0)
Reading /test_765.bin... opened: 28392 us, closed:     3 us, I/O:   1888 us, total:  35467 us, speed:  5296 KB/s, CRC: OK, Pattern: OK, Size: OK (0xC61C2AA0)
Reading /test_766.bin... opened: 28340 us, closed:     3 us, I/O:   1893 us, total:  35409 us, speed:  5282 KB/s, CRC: OK, Pattern: OK, Size: OK (0xC61C2AA0)
Reading /test_767.bin... opened: 34273 us, closed:     3 us, I/O:   1888 us, total:  41316 us, speed:  5296 KB/s, CRC: OK, Pattern: OK, Size: OK (0xC61C2AA0)
Reading /test_768.bin... opened: 28282 us, closed:     3 us, I/O:   1884 us, total:  35316 us, speed:  5307 KB/s, CRC: OK, Pattern: OK, Size: OK (0xC61C2AA0)
Reading /test_769.bin... opened: 34320 us, closed:     3 us, I/O:   1883 us, total:  41347 us, speed:  5310 KB/s, CRC: OK, Pattern: OK, Size: OK (0xC61C2AA0)
Reading /test_770.bin... opened: 28301 us, closed:     3 us, I/O:   1881 us, total:  35324 us, speed:  5316 KB/s, CRC: OK, Pattern: OK, Size: OK (0xC61C2AA0)
Reading /test_771.bin... opened: 28289 us, closed:     3 us, I/O:   1888 us, total:  35369 us, speed:  5296 KB/s, CRC: OK, Pattern: OK, Size: OK (0xC61C2AA0)
Reading /test_772.bin... opened: 34235 us, closed:     3 us, I/O:   1890 us, total:  41290 us, speed:  5291 KB/s, CRC: OK, Pattern: OK, Size: OK (0xC61C2AA0)
Reading /test_773.bin... opened: 28237 us, closed:     3 us, I/O:   1889 us, total:  35263 us, speed:  5293 KB/s, CRC: OK, Pattern: OK, Size: OK (0xC61C2AA0)
Reading /test_774.bin... opened: 28208 us, closed:     7 us, I/O:   1896 us, total:  41285 us, speed:  5274 KB/s, CRC: OK, Pattern: OK, Size: OK (0xC61C2AA0)
Reading /test_775.bin... opened: 28233 us, closed:     3 us, I/O:   1888 us, total:  35266 us, speed:  5296 KB/s, CRC: OK, Pattern: OK, Size: OK (0xC61C2AA0)
Reading /test_776.bin... opened: 28216 us, closed:     3 us, I/O:   1891 us, total:  35265 us, speed:  5288 KB/s, CRC: OK, Pattern: OK, Size: OK (0xC61C2AA0)
Reading /test_777.bin... opened: 34031 us, closed:     3 us, I/O:   1885 us, total:  41072 us, speed:  5305 KB/s, CRC: OK, Pattern: OK, Size: OK (0xC61C2AA0)
Reading /test_778.bin... opened: 28268 us, closed:     3 us, I/O:   1884 us, total:  35360 us, speed:  5307 KB/s, CRC: OK, Pattern: OK, Size: OK (0xC61C2AA0)
Reading /test_779.bin... opened: 28168 us, closed:     6 us, I/O:   1895 us, total:  35249 us, speed:  5277 KB/s, CRC: OK, Pattern: OK, Size: OK (0xC61C2AA0)
Reading /test_780.bin... opened: 34174 us, closed:     6 us, I/O:   1893 us, total:  41269 us, speed:  5282 KB/s, CRC: OK, Pattern: OK, Size: OK (0xC61C2AA0)
Reading /test_781.bin... opened: 30205 us, closed:     3 us, I/O:   1887 us, total:  37238 us, speed:  5299 KB/s, CRC: OK, Pattern: OK, Size: OK (0xC61C2AA0)
Reading /test_782.bin... opened: 36203 us, closed:     3 us, I/O:   1885 us, total:  43257 us, speed:  5305 KB/s, CRC: OK, Pattern: OK, Size: OK (0xC61C2AA0)
Reading /test_783.bin... opened: 30205 us, closed:     3 us, I/O:   1888 us, total:  37287 us, speed:  5296 KB/s, CRC: OK, Pattern: OK, Size: OK (0xC61C2AA0)
Reading /test_784.bin... opened: 30256 us, closed:     3 us, I/O:   1887 us, total:  37301 us, speed:  5299 KB/s, CRC: OK, Pattern: OK, Size: OK (0xC61C2AA0)
Reading /test_785.bin... opened: 30173 us, closed:     3 us, I/O:   1897 us, total:  37222 us, speed:  5271 KB/s, CRC: OK, Pattern: OK, Size: OK (0xC61C2AA0)
Reading /test_786.bin... opened: 30164 us, closed:     3 us, I/O:   1888 us, total:  37215 us, speed:  5296 KB/s, CRC: OK, Pattern: OK, Size: OK (0xC61C2AA0)
Reading /test_787.bin... opened: 36177 us, closed:     3 us, I/O:   1892 us, total:  43238 us, speed:  5285 KB/s, CRC: OK, Pattern: OK, Size: OK (0xC61C2AA0)
Reading /test_788.bin... opened: 30172 us, closed:     3 us, I/O:   1890 us, total:  37195 us, speed:  5291 KB/s, CRC: OK, Pattern: OK, Size: OK (0xC61C2AA0)
Reading /test_789.bin... opened: 30174 us, closed:     3 us, I/O:   1889 us, total:  43186 us, speed:  5293 KB/s, CRC: OK, Pattern: OK, Size: OK (0xC61C2AA0)
Reading /test_790.bin... opened: 30034 us, closed:     3 us, I/O:   1889 us, total:  37077 us, speed:  5293 KB/s, CRC: OK, Pattern: OK, Size: OK (0xC61C2AA0)
Reading /test_791.bin... opened: 30086 us, closed:     3 us, I/O:   1892 us, total:  37175 us, speed:  5285 KB/s, CRC: OK, Pattern: OK, Size: OK (0xC61C2AA0)
Reading /test_792.bin... opened: 36002 us, closed:     3 us, I/O:   1888 us, total:  43070 us, speed:  5296 KB/s, CRC: OK, Pattern: OK, Size: OK (0xC61C2AA0)
Reading /test_793.bin... opened: 30107 us, closed:     3 us, I/O:   1882 us, total:  37131 us, speed:  5313 KB/s, CRC: OK, Pattern: OK, Size: OK (0xC61C2AA0)
Reading /test_794.bin... opened: 36041 us, closed:     3 us, I/O:   1906 us, total:  43121 us, speed:  5246 KB/s, CRC: OK, Pattern: OK, Size: OK (0xC61C2AA0)
Reading /test_795.bin... opened: 30072 us, closed:     3 us, I/O:   1891 us, total:  37120 us, speed:  5288 KB/s, CRC: OK, Pattern: OK, Size: OK (0xC61C2AA0)
Reading /test_796.bin... opened: 30061 us, closed:     3 us, I/O:   1892 us, total:  37095 us, speed:  5285 KB/s, CRC: OK, Pattern: OK, Size: OK (0xC61C2AA0)
Reading /test_797.bin... opened: 35992 us, closed:     3 us, I/O:   1888 us, total:  43017 us, speed:  5296 KB/s, CRC: OK, Pattern: OK, Size: OK (0xC61C2AA0)
Reading /test_798.bin... opened: 30024 us, closed:     3 us, I/O:   1892 us, total:  37064 us, speed:  5285 KB/s, CRC: OK, Pattern: OK, Size: OK (0xC61C2AA0)
Reading /test_799.bin... opened: 35980 us, closed:     3 us, I/O:   1885 us, total:  43014 us, speed:  5305 KB/s, CRC: OK, Pattern: OK, Size: OK (0xC61C2AA0)
Reading /test_800.bin... opened: 29921 us, closed:     3 us, I/O:   1888 us, total:  36981 us, speed:  5296 KB/s, CRC: OK, Pattern: OK, Size: OK (0xC61C2AA0)
Reading /test_801.bin... opened: 29985 us, closed:     3 us, I/O:   1884 us, total:  37037 us, speed:  5307 KB/s, CRC: OK, Pattern: OK, Size: OK (0xC61C2AA0)
Reading /test_802.bin... opened: 35857 us, closed:     3 us, I/O:   1888 us, total:  42883 us, speed:  5296 KB/s, CRC: OK, Pattern: OK, Size: OK (0xC61C2AA0)
Reading /test_803.bin... opened: 29968 us, closed:     3 us, I/O:   1888 us, total:  37030 us, speed:  5296 KB/s, CRC: OK, Pattern: OK, Size: OK (0xC61C2AA0)
Reading /test_804.bin... opened: 35872 us, closed:     3 us, I/O:   1892 us, total:  42942 us, speed:  5285 KB/s, CRC: OK, Pattern: OK, Size: OK (0xC61C2AA0)
Reading /test_805.bin... opened: 29834 us, closed:     3 us, I/O:   1894 us, total:  36856 us, speed:  5279 KB/s, CRC: OK, Pattern: OK, Size: OK (0xC61C2AA0)
Reading /test_806.bin... opened: 29895 us, closed:     3 us, I/O:   1889 us, total:  36965 us, speed:  5293 KB/s, CRC: OK, Pattern: OK, Size: OK (0xC61C2AA0)
Reading /test_807.bin... opened: 35853 us, closed:     3 us, I/O:   1893 us, total:  42909 us, speed:  5282 KB/s, CRC: OK, Pattern: OK, Size: OK (0xC61C2AA0)
Reading /test_808.bin... opened: 29804 us, closed:     3 us, I/O:   1891 us, total:  36838 us, speed:  5288 KB/s, CRC: OK, Pattern: OK, Size: OK (0xC61C2AA0)
Reading /test_809.bin... opened: 35744 us, closed:     3 us, I/O:   1888 us, total:  42768 us, speed:  5296 KB/s, CRC: OK, Pattern: OK, Size: OK (0xC61C2AA0)
Reading /test_810.bin... opened: 29737 us, closed:     3 us, I/O:   1888 us, total:  36811 us, speed:  5296 KB/s, CRC: OK, Pattern: OK, Size: OK (0xC61C2AA0)
Reading /test_811.bin... opened: 29786 us, closed:     3 us, I/O:   1899 us, total:  36823 us, speed:  5265 KB/s, CRC: OK, Pattern: OK, Size: OK (0xC61C2AA0)
Reading /test_812.bin... opened: 35796 us, closed:     3 us, I/O:   1889 us, total:  42837 us, speed:  5293 KB/s, CRC: OK, Pattern: OK, Size: OK (0xC61C2AA0)
Reading /test_813.bin... opened: 29807 us, closed:     3 us, I/O:   1888 us, total:  36865 us, speed:  5296 KB/s, CRC: OK, Pattern: OK, Size: OK (0xC61C2AA0)
Reading /test_814.bin... opened: 35671 us, closed:     3 us, I/O:   1888 us, total:  42743 us, speed:  5296 KB/s, CRC: OK, Pattern: OK, Size: OK (0xC61C2AA0)
Reading /test_815.bin... opened: 29777 us, closed:     3 us, I/O:   1888 us, total:  36827 us, speed:  5296 KB/s, CRC: OK, Pattern: OK, Size: OK (0xC61C2AA0)
Reading /test_816.bin... opened: 29730 us, closed:     3 us, I/O:   1892 us, total:  42753 us, speed:  5285 KB/s, CRC: OK, Pattern: OK, Size: OK (0xC61C2AA0)
Reading /test_817.bin... opened: 29677 us, closed:     3 us, I/O:   1888 us, total:  36761 us, speed:  5296 KB/s, CRC: OK, Pattern: OK, Size: OK (0xC61C2AA0)
Reading /test_818.bin... opened: 29693 us, closed:     3 us, I/O:   1892 us, total:  36793 us, speed:  5285 KB/s, CRC: OK, Pattern: OK, Size: OK (0xC61C2AA0)
Reading /test_819.bin... opened: 35683 us, closed:     3 us, I/O:   1886 us, total:  42715 us, speed:  5302 KB/s, CRC: OK, Pattern: OK, Size: OK (0xC61C2AA0)
Reading /test_820.bin... opened: 29648 us, closed:     3 us, I/O:   1888 us, total:  36691 us, speed:  5296 KB/s, CRC: OK, Pattern: OK, Size: OK (0xC61C2AA0)
Reading /test_821.bin... opened: 29689 us, closed:     3 us, I/O:   1889 us, total:  42694 us, speed:  5293 KB/s, CRC: OK, Pattern: OK, Size: OK (0xC61C2AA0)
Reading /test_822.bin... opened: 31775 us, closed:     3 us, I/O:   1888 us, total:  38827 us, speed:  5296 KB/s, CRC: OK, Pattern: OK, Size: OK (0xC61C2AA0)
Reading /test_823.bin... opened: 31690 us, closed:     3 us, I/O:   1887 us, total:  38813 us, speed:  5299 KB/s, CRC: OK, Pattern: OK, Size: OK (0xC61C2AA0)
Reading /test_824.bin... opened: 37605 us, closed:     3 us, I/O:   1889 us, total:  44646 us, speed:  5293 KB/s, CRC: OK, Pattern: OK, Size: OK (0xC61C2AA0)
Reading /test_825.bin... opened: 31731 us, closed:     3 us, I/O:   1889 us, total:  38789 us, speed:  5293 KB/s, CRC: OK, Pattern: OK, Size: OK (0xC61C2AA0)
Reading /test_826.bin... opened: 37673 us, closed:     3 us, I/O:   1888 us, total:  44754 us, speed:  5296 KB/s, CRC: OK, Pattern: OK, Size: OK (0xC61C2AA0)
Reading /test_827.bin... opened: 31721 us, closed:     3 us, I/O:   1888 us, total:  38785 us, speed:  5296 KB/s, CRC: OK, Pattern: OK, Size: OK (0xC61C2AA0)
Reading /test_828.bin... opened: 31701 us, closed:     3 us, I/O:   1893 us, total:  44701 us, speed:  5282 KB/s, CRC: OK, Pattern: OK, Size: OK (0xC61C2AA0)
Reading /test_829.bin... opened: 31690 us, closed:     3 us, I/O:   1888 us, total:  38720 us, speed:  5296 KB/s, CRC: OK, Pattern: OK, Size: OK (0xC61C2AA0)
Reading /test_830.bin... opened: 31710 us, closed:     3 us, I/O:   1892 us, total:  38786 us, speed:  5285 KB/s, CRC: OK, Pattern: OK, Size: OK (0xC61C2AA0)
Reading /test_831.bin... opened: 37620 us, closed:     6 us, I/O:   1903 us, total:  44676 us, speed:  5254 KB/s, CRC: OK, Pattern: OK, Size: OK (0xC61C2AA0)
Reading /test_832.bin... opened: 31561 us, closed:     3 us, I/O:   1890 us, total:  38628 us, speed:  5291 KB/s, CRC: OK, Pattern: OK, Size: OK (0xC61C2AA0)
Reading /test_833.bin... opened: 37573 us, closed:     3 us, I/O:   1888 us, total:  44639 us, speed:  5296 KB/s, CRC: OK, Pattern: OK, Size: OK (0xC61C2AA0)
Reading /test_834.bin... opened: 31607 us, closed:     3 us, I/O:   1885 us, total:  38669 us, speed:  5305 KB/s, CRC: OK, Pattern: OK, Size: OK (0xC61C2AA0)
Reading /test_835.bin... opened: 31636 us, closed:     3 us, I/O:   1892 us, total:  38674 us, speed:  5285 KB/s, CRC: OK, Pattern: OK, Size: OK (0xC61C2AA0)
Reading /test_836.bin... opened: 37473 us, closed:     3 us, I/O:   1891 us, total:  44488 us, speed:  5288 KB/s, CRC: OK, Pattern: OK, Size: OK (0xC61C2AA0)
Reading /test_837.bin... opened: 31575 us, closed:     3 us, I/O:   1888 us, total:  38640 us, speed:  5296 KB/s, CRC: OK, Pattern: OK, Size: OK (0xC61C2AA0)
Reading /test_838.bin... opened: 37478 us, closed:     3 us, I/O:   1889 us, total:  44506 us, speed:  5293 KB/s, CRC: OK, Pattern: OK, Size: OK (0xC61C2AA0)
Reading /test_839.bin... opened: 31493 us, closed:     3 us, I/O:   1888 us, total:  38559 us, speed:  5296 KB/s, CRC: OK, Pattern: OK, Size: OK (0xC61C2AA0)
Reading /test_840.bin... opened: 37386 us, closed:     3 us, I/O:   1885 us, total:  44421 us, speed:  5305 KB/s, CRC: OK, Pattern: OK, Size: OK (0xC61C2AA0)
Reading /test_841.bin... opened: 31467 us, closed:     6 us, I/O:   1881 us, total:  38517 us, speed:  5316 KB/s, CRC: OK, Pattern: OK, Size: OK (0xC61C2AA0)
Reading /test_842.bin... opened: 31478 us, closed:     3 us, I/O:   1887 us, total:  38515 us, speed:  5299 KB/s, CRC: OK, Pattern: OK, Size: OK (0xC61C2AA0)
Reading /test_843.bin... opened: 37405 us, closed:     3 us, I/O:   1888 us, total:  44445 us, speed:  5296 KB/s, CRC: OK, Pattern: OK, Size: OK (0xC61C2AA0)
Reading /test_844.bin... opened: 31433 us, closed:     3 us, I/O:   1891 us, total:  38476 us, speed:  5288 KB/s, CRC: OK, Pattern: OK, Size: OK (0xC61C2AA0)
Reading /test_845.bin... opened: 37384 us, closed:     3 us, I/O:   1886 us, total:  44434 us, speed:  5302 KB/s, CRC: OK, Pattern: OK, Size: OK (0xC61C2AA0)
Reading /test_846.bin... opened: 31386 us, closed:     3 us, I/O:   1888 us, total:  38435 us, speed:  5296 KB/s, CRC: OK, Pattern: OK, Size: OK (0xC61C2AA0)
Reading /test_847.bin... opened: 31339 us, closed:     3 us, I/O:   1890 us, total:  44376 us, speed:  5291 KB/s, CRC: OK, Pattern: OK, Size: OK (0xC61C2AA0)
Reading /test_848.bin... opened: 31338 us, closed:     3 us, I/O:   1888 us, total:  38363 us, speed:  5296 KB/s, CRC: OK, Pattern: OK, Size: OK (0xC61C2AA0)
Reading /test_849.bin... opened: 31390 us, closed:     3 us, I/O:   1891 us, total:  38426 us, speed:  5288 KB/s, CRC: OK, Pattern: OK, Size: OK (0xC61C2AA0)
Reading /test_850.bin... opened: 37320 us, closed:     3 us, I/O:   1887 us, total:  44335 us, speed:  5299 KB/s, CRC: OK, Pattern: OK, Size: OK (0xC61C2AA0)
Reading /test_851.bin... opened: 31345 us, closed:     3 us, I/O:   1893 us, total:  38434 us, speed:  5282 KB/s, CRC: OK, Pattern: OK, Size: OK (0xC61C2AA0)
Reading /test_852.bin... opened: 37265 us, closed:     3 us, I/O:   1889 us, total:  44350 us, speed:  5293 KB/s, CRC: OK, Pattern: OK, Size: OK (0xC61C2AA0)
Reading /test_853.bin... opened: 31326 us, closed:     3 us, I/O:   1892 us, total:  38376 us, speed:  5285 KB/s, CRC: OK, Pattern: OK, Size: OK (0xC61C2AA0)
Reading /test_854.bin... opened: 31268 us, closed:     3 us, I/O:   1918 us, total:  38313 us, speed:  5213 KB/s, CRC: OK, Pattern: OK, Size: OK (0xC61C2AA0)
Reading /test_855.bin... opened: 31282 us, closed:     3 us, I/O:   1887 us, total:  38330 us, speed:  5299 KB/s, CRC: OK, Pattern: OK, Size: OK (0xC61C2AA0)
Reading /test_856.bin... opened: 31246 us, closed:     3 us, I/O:   1891 us, total:  38348 us, speed:  5288 KB/s, CRC: OK, Pattern: OK, Size: OK (0xC61C2AA0)
Reading /test_857.bin... opened: 37173 us, closed:     3 us, I/O:   1894 us, total:  44229 us, speed:  5279 KB/s, CRC: OK, Pattern: OK, Size: OK (0xC61C2AA0)
Reading /test_858.bin... opened: 31208 us, closed:     3 us, I/O:   1889 us, total:  38274 us, speed:  5293 KB/s, CRC: OK, Pattern: OK, Size: OK (0xC61C2AA0)
Reading /test_859.bin... opened: 37156 us, closed:     3 us, I/O:   1882 us, total:  44253 us, speed:  5313 KB/s, CRC: OK, Pattern: OK, Size: OK (0xC61C2AA0)
Reading /test_860.bin... opened: 31257 us, closed:     3 us, I/O:   1888 us, total:  38295 us, speed:  5296 KB/s, CRC: OK, Pattern: OK, Size: OK (0xC61C2AA0)
Reading /test_861.bin... opened: 31213 us, closed:     3 us, I/O:   1884 us, total:  38293 us, speed:  5307 KB/s, CRC: OK, Pattern: OK, Size: OK (0xC61C2AA0)
Reading /test_862.bin... opened: 37123 us, closed:     3 us, I/O:   1889 us, total:  44162 us, speed:  5293 KB/s, CRC: OK, Pattern: OK, Size: OK (0xC61C2AA0)
Reading /test_863.bin... opened: 33270 us, closed:     3 us, I/O:   1889 us, total:  40342 us, speed:  5293 KB/s, CRC: OK, Pattern: OK, Size: OK (0xC61C2AA0)
Reading /test_864.bin... opened: 39241 us, closed:     3 us, I/O:   1885 us, total:  46307 us, speed:  5305 KB/s, CRC: OK, Pattern: OK, Size: OK (0xC61C2AA0)
Reading /test_865.bin... opened: 33197 us, closed:     3 us, I/O:   1885 us, total:  40270 us, speed:  5305 KB/s, CRC: OK, Pattern: OK, Size: OK (0xC61C2AA0)
Reading /test_866.bin... opened: 39141 us, closed:     3 us, I/O:   1886 us, total:  46179 us, speed:  5302 KB/s, CRC: OK, Pattern: OK, Size: OK (0xC61C2AA0)
Reading /test_867.bin... opened: 33171 us, closed:     3 us, I/O:   1889 us, total:  40182 us, speed:  5293 KB/s, CRC: OK, Pattern: OK, Size: OK (0xC61C2AA0)
Reading /test_868.bin... opened: 33172 us, closed:     3 us, I/O:   1892 us, total:  46234 us, speed:  5285 KB/s, CRC: OK, Pattern: OK, Size: OK (0xC61C2AA0)
Reading /test_869.bin... opened: 33223 us, closed:     3 us, I/O:   1888 us, total:  40250 us, speed:  5296 KB/s, CRC: OK, Pattern: OK, Size: OK (0xC61C2AA0)
Reading /test_870.bin... opened: 33133 us, closed:     3 us, I/O:   1891 us, total:  40198 us, speed:  5288 KB/s, CRC: OK, Pattern: OK, Size: OK (0xC61C2AA0)
Reading /test_871.bin... opened: 39097 us, closed:     3 us, I/O:   1889 us, total:  46133 us, speed:  5293 KB/s, CRC: OK, Pattern: OK, Size: OK (0xC61C2AA0)
Reading /test_872.bin... opened: 33131 us, closed:     3 us, I/O:   1892 us, total:  40176 us, speed:  5285 KB/s, CRC: OK, Pattern: OK, Size: OK (0xC61C2AA0)
Reading /test_873.bin... opened: 39169 us, closed:     3 us, I/O:   1888 us, total:  46198 us, speed:  5296 KB/s, CRC: OK, Pattern: OK, Size: OK (0xC61C2AA0)
Reading /test_874.bin... opened: 33065 us, closed:     3 us, I/O:   1885 us, total:  40097 us, speed:  5305 KB/s, CRC: OK, Pattern: OK, Size: OK (0xC61C2AA0)
Reading /test_875.bin... opened: 38991 us, closed:     3 us, I/O:   1887 us, total:  46007 us, speed:  5299 KB/s, CRC: OK, Pattern: OK, Size: OK (0xC61C2AA0)
Reading /test_876.bin... opened: 33123 us, closed:     3 us, I/O:   1885 us, total:  40187 us, speed:  5305 KB/s, CRC: OK, Pattern: OK, Size: OK (0xC61C2AA0)
Reading /test_877.bin... opened: 33088 us, closed:     3 us, I/O:   1888 us, total:  40184 us, speed:  5296 KB/s, CRC: OK, Pattern: OK, Size: OK (0xC61C2AA0)
Reading /test_878.bin... opened: 38985 us, closed:     3 us, I/O:   1904 us, total:  46021 us, speed:  5252 KB/s, CRC: OK, Pattern: OK, Size: OK (0xC61C2AA0)
Reading /test_879.bin... opened: 33031 us, closed:     3 us, I/O:   1887 us, total:  40091 us, speed:  5299 KB/s, CRC: OK, Pattern: OK, Size: OK (0xC61C2AA0)
Reading /test_880.bin... opened: 38933 us, closed:     3 us, I/O:   1888 us, total:  45954 us, speed:  5296 KB/s, CRC: OK, Pattern: OK, Size: OK (0xC61C2AA0)
Reading /test_881.bin... opened: 32990 us, closed:     3 us, I/O:   1889 us, total:  40052 us, speed:  5293 KB/s, CRC: OK, Pattern: OK, Size: OK (0xC61C2AA0)
Reading /test_882.bin... opened: 38960 us, closed:     3 us, I/O:   1901 us, total:  46012 us, speed:  5260 KB/s, CRC: OK, Pattern: OK, Size: OK (0xC61C2AA0)
Reading /test_883.bin... opened: 33017 us, closed:     3 us, I/O:   1889 us, total:  40052 us, speed:  5293 KB/s, CRC: OK, Pattern: OK, Size: OK (0xC61C2AA0)
Reading /test_884.bin... opened: 32949 us, closed:     3 us, I/O:   1889 us, total:  45942 us, speed:  5293 KB/s, CRC: OK, Pattern: OK, Size: OK (0xC61C2AA0)
Reading /test_885.bin... opened: 32992 us, closed:     3 us, I/O:   1892 us, total:  40090 us, speed:  5285 KB/s, CRC: OK, Pattern: OK, Size: OK (0xC61C2AA0)
Reading /test_886.bin... opened: 32877 us, closed:     3 us, I/O:   1884 us, total:  39912 us, speed:  5307 KB/s, CRC: OK, Pattern: OK, Size: OK (0xC61C2AA0)
Reading /test_887.bin... opened: 38919 us, closed:     3 us, I/O:   1886 us, total:  45992 us, speed:  5302 KB/s, CRC: OK, Pattern: OK, Size: OK (0xC61C2AA0)
Reading /test_888.bin... opened: 32916 us, closed:     3 us, I/O:   1892 us, total:  39954 us, speed:  5285 KB/s, CRC: OK, Pattern: OK, Size: OK (0xC61C2AA0)
Reading /test_889.bin... opened: 38785 us, closed:     3 us, I/O:   1887 us, total:  45840 us, speed:  5299 KB/s, CRC: OK, Pattern: OK, Size: OK (0xC61C2AA0)
Reading /test_890.bin... opened: 32867 us, closed:     3 us, I/O:   1889 us, total:  39940 us, speed:  5293 KB/s, CRC: OK, Pattern: OK, Size: OK (0xC61C2AA0)
Reading /test_891.bin... opened: 38686 us, closed:     3 us, I/O:   1888 us, total:  45756 us, speed:  5296 KB/s, CRC: OK, Pattern: OK, Size: OK (0xC61C2AA0)
Reading /test_892.bin... opened: 32792 us, closed:     3 us, I/O:   1902 us, total:  39870 us, speed:  5257 KB/s, CRC: OK, Pattern: OK, Size: OK (0xC61C2AA0)
Reading /test_893.bin... opened: 32869 us, closed:     3 us, I/O:   1885 us, total:  39917 us, speed:  5305 KB/s, CRC: OK, Pattern: OK, Size: OK (0xC61C2AA0)
Reading /test_894.bin... opened: 32868 us, closed:     3 us, I/O:   1888 us, total:  39914 us, speed:  5296 KB/s, CRC: OK, Pattern: OK, Size: OK (0xC61C2AA0)
Reading /test_895.bin... opened: 32788 us, closed:     3 us, I/O:   1892 us, total:  39891 us, speed:  5285 KB/s, CRC: OK, Pattern: OK, Size: OK (0xC61C2AA0)
Reading /test_896.bin... opened: 38731 us, closed:     3 us, I/O:   1907 us, total:  45807 us, speed:  5243 KB/s, CRC: OK, Pattern: OK, Size: OK (0xC61C2AA0)
Reading /test_897.bin... opened: 32776 us, closed:     3 us, I/O:   1892 us, total:  39859 us, speed:  5285 KB/s, CRC: OK, Pattern: OK, Size: OK (0xC61C2AA0)
Reading /test_898.bin... opened: 38579 us, closed:     3 us, I/O:   1892 us, total:  45635 us, speed:  5285 KB/s, CRC: OK, Pattern: OK, Size: OK (0xC61C2AA0)
Reading /test_899.bin... opened: 32708 us, closed:     3 us, I/O:   1887 us, total:  39774 us, speed:  5299 KB/s, CRC: OK, Pattern: OK, Size: OK (0xC61C2AA0)
Reading /test_900.bin... opened: 32718 us, closed:     3 us, I/O:   1892 us, total:  45748 us, speed:  5285 KB/s, CRC: OK, Pattern: OK, Size: OK (0xC61C2AA0)
Reading /test_901.bin... opened: 32655 us, closed:     3 us, I/O:   1888 us, total:  39721 us, speed:  5296 KB/s, CRC: OK, Pattern: OK, Size: OK (0xC61C2AA0)
Reading /test_902.bin... opened: 32617 us, closed:     3 us, I/O:   1884 us, total:  39638 us, speed:  5307 KB/s, CRC: OK, Pattern: OK, Size: OK (0xC61C2AA0)
Reading /test_903.bin... opened: 38565 us, closed:     3 us, I/O:   1889 us, total:  45624 us, speed:  5293 KB/s, CRC: OK, Pattern: OK, Size: OK (0xC61C2AA0)
Reading /test_904.bin... opened: 34787 us, closed:     3 us, I/O:   1887 us, total:  41821 us, speed:  5299 KB/s, CRC: OK, Pattern: OK, Size: OK (0xC61C2AA0)
Reading /test_905.bin... opened: 40714 us, closed:     3 us, I/O:   1888 us, total:  47751 us, speed:  5296 KB/s, CRC: OK, Pattern: OK, Size: OK (0xC61C2AA0)
Reading /test_906.bin... opened: 34756 us, closed:     3 us, I/O:   1893 us, total:  41813 us, speed:  5282 KB/s, CRC: OK, Pattern: OK, Size: OK (0xC61C2AA0)
Reading /test_907.bin... opened: 40614 us, closed:     3 us, I/O:   1888 us, total:  47658 us, speed:  5296 KB/s, CRC: OK, Pattern: OK, Size: OK (0xC61C2AA0)
Reading /test_908.bin... opened: 34697 us, closed:     6 us, I/O:   1888 us, total:  41741 us, speed:  5296 KB/s, CRC: OK, Pattern: OK, Size: OK (0xC61C2AA0)
Reading /test_909.bin... opened: 40715 us, closed:     3 us, I/O:   1889 us, total:  47792 us, speed:  5293 KB/s, CRC: OK, Pattern: OK, Size: OK (0xC61C2AA0)
Reading /test_910.bin... opened: 34772 us, closed:     3 us, I/O:   1893 us, total:  41854 us, speed:  5282 KB/s, CRC: OK, Pattern: OK, Size: OK (0xC61C2AA0)
Reading /test_911.bin... opened: 34691 us, closed:     3 us, I/O:   1892 us, total:  47687 us, speed:  5285 KB/s, CRC: OK, Pattern: OK, Size: OK (0xC61C2AA0)
Reading /test_912.bin... opened: 34681 us, closed:     3 us, I/O:   1892 us, total:  41748 us, speed:  5285 KB/s, CRC: OK, Pattern: OK, Size: OK (0xC61C2AA0)
Reading /test_913.bin... opened: 34613 us, closed:     3 us, I/O:   1887 us, total:  41643 us, speed:  5299 KB/s, CRC: OK, Pattern: OK, Size: OK (0xC61C2AA0)
Reading /test_914.bin... opened: 40533 us, closed:     3 us, I/O:   1882 us, total:  47582 us, speed:  5313 KB/s, CRC: OK, Pattern: OK, Size: OK (0xC61C2AA0)
Reading /test_915.bin... opened: 34575 us, closed:     3 us, I/O:   1881 us, total:  41685 us, speed:  5316 KB/s, CRC: OK, Pattern: OK, Size: OK (0xC61C2AA0)
Reading /test_916.bin... opened: 40412 us, closed:     3 us, I/O:   1915 us, total:  47487 us, speed:  5221 KB/s, CRC: OK, Pattern: OK, Size: OK (0xC61C2AA0)
Reading /test_917.bin... opened: 34585 us, closed:     3 us, I/O:   1890 us, total:  41651 us, speed:  5291 KB/s, CRC: OK, Pattern: OK, Size: OK (0xC61C2AA0)
Reading /test_918.bin... opened: 40543 us, closed:     3 us, I/O:   1885 us, total:  47602 us, speed:  5305 KB/s, CRC: OK, Pattern: OK, Size: OK (0xC61C2AA0)
Reading /test_919.bin... opened: 34579 us, closed:     3 us, I/O:   1894 us, total:  41634 us, speed:  5279 KB/s, CRC: OK, Pattern: OK, Size: OK (0xC61C2AA0)
Reading /test_920.bin... opened: 40411 us, closed:     3 us, I/O:   1882 us, total:  47540 us, speed:  5313 KB/s, CRC: OK, Pattern: OK, Size: OK (0xC61C2AA0)
Reading /test_921.bin... opened: 34505 us, closed:     3 us, I/O:   1890 us, total:  41560 us, speed:  5291 KB/s, CRC: OK, Pattern: OK, Size: OK (0xC61C2AA0)
Reading /test_922.bin... opened: 34527 us, closed:     3 us, I/O:   1889 us, total:  47554 us, speed:  5293 KB/s, CRC: OK, Pattern: OK, Size: OK (0xC61C2AA0)
Reading /test_923.bin... opened: 34520 us, closed:     3 us, I/O:   1889 us, total:  41591 us, speed:  5293 KB/s, CRC: OK, Pattern: OK, Size: OK (0xC61C2AA0)
Reading /test_924.bin... opened: 34414 us, closed:     3 us, I/O:   1884 us, total:  41461 us, speed:  5307 KB/s, CRC: OK, Pattern: OK, Size: OK (0xC61C2AA0)
Reading /test_925.bin... opened: 40453 us, closed:     3 us, I/O:   1885 us, total:  47552 us, speed:  5305 KB/s, CRC: OK, Pattern: OK, Size: OK (0xC61C2AA0)
Reading /test_926.bin... opened: 34438 us, closed:     3 us, I/O:   1887 us, total:  41522 us, speed:  5299 KB/s, CRC: OK, Pattern: OK, Size: OK (0xC61C2AA0)
Reading /test_927.bin... opened: 40410 us, closed:     3 us, I/O:   1885 us, total:  47431 us, speed:  5305 KB/s, CRC: OK, Pattern: OK, Size: OK (0xC61C2AA0)
Reading /test_928.bin... opened: 34433 us, closed:     3 us, I/O:   1903 us, total:  41469 us, speed:  5254 KB/s, CRC: OK, Pattern: OK, Size: OK (0xC61C2AA0)
Reading /test_929.bin... opened: 40402 us, closed:     3 us, I/O:   1887 us, total:  47458 us, speed:  5299 KB/s, CRC: OK, Pattern: OK, Size: OK (0xC61C2AA0)
Reading /test_930.bin... opened: 34363 us, closed:     3 us, I/O:   1888 us, total:  41434 us, speed:  5296 KB/s, CRC: OK, Pattern: OK, Size: OK (0xC61C2AA0)
Reading /test_931.bin... opened: 40210 us, closed:     3 us, I/O:   1885 us, total:  47254 us, speed:  5305 KB/s, CRC: OK, Pattern: OK, Size: OK (0xC61C2AA0)
Reading /test_932.bin... opened: 34338 us, closed:     3 us, I/O:   1881 us, total:  41365 us, speed:  5316 KB/s, CRC: OK, Pattern: OK, Size: OK (0xC61C2AA0)
Reading /test_933.bin... opened: 34322 us, closed:     3 us, I/O:   1893 us, total:  47347 us, speed:  5282 KB/s, CRC: OK, Pattern: OK, Size: OK (0xC61C2AA0)
Reading /test_934.bin... opened: 34323 us, closed:     3 us, I/O:   1889 us, total:  41387 us, speed:  5293 KB/s, CRC: OK, Pattern: OK, Size: OK (0xC61C2AA0)
Reading /test_935.bin... opened: 34420 us, closed:     3 us, I/O:   1886 us, total:  41478 us, speed:  5302 KB/s, CRC: OK, Pattern: OK, Size: OK (0xC61C2AA0)
Reading /test_936.bin... opened: 40244 us, closed:     3 us, I/O:   1888 us, total:  47340 us, speed:  5296 KB/s, CRC: OK, Pattern: OK, Size: OK (0xC61C2AA0)
Reading /test_937.bin... opened: 34306 us, closed:     5 us, I/O:   1893 us, total:  41375 us, speed:  5282 KB/s, CRC: OK, Pattern: OK, Size: OK (0xC61C2AA0)
Reading /test_938.bin... opened: 40217 us, closed:     3 us, I/O:   1888 us, total:  47279 us, speed:  5296 KB/s, CRC: OK, Pattern: OK, Size: OK (0xC61C2AA0)
Reading /test_939.bin... opened: 34282 us, closed:     3 us, I/O:   1890 us, total:  41358 us, speed:  5291 KB/s, CRC: OK, Pattern: OK, Size: OK (0xC61C2AA0)
Reading /test_940.bin... opened: 40175 us, closed:     3 us, I/O:   1892 us, total:  47222 us, speed:  5285 KB/s, CRC: OK, Pattern: OK, Size: OK (0xC61C2AA0)
Reading /test_941.bin... opened: 34237 us, closed:     3 us, I/O:   1889 us, total:  41272 us, speed:  5293 KB/s, CRC: OK, Pattern: OK, Size: OK (0xC61C2AA0)
Reading /test_942.bin... opened: 40109 us, closed:     3 us, I/O:   1892 us, total:  47128 us, speed:  5285 KB/s, CRC: OK, Pattern: OK, Size: OK (0xC61C2AA0)
Reading /test_943.bin... opened: 34137 us, closed:     3 us, I/O:   1888 us, total:  41173 us, speed:  5296 KB/s, CRC: OK, Pattern: OK, Size: OK (0xC61C2AA0)
Reading /test_944.bin... opened: 34170 us, closed:     3 us, I/O:   1882 us, total:  41183 us, speed:  5313 KB/s, CRC: OK, Pattern: OK, Size: OK (0xC61C2AA0)
Reading /test_945.bin... opened: 37829 us, closed:     3 us, I/O:   1888 us, total:  44901 us, speed:  5296 KB/s, CRC: OK, Pattern: OK, Size: OK (0xC61C2AA0)
Reading /test_946.bin... opened: 37878 us, closed:     3 us, I/O:   1915 us, total:  44927 us, speed:  5221 KB/s, CRC: OK, Pattern: OK, Size: OK (0xC61C2AA0)
Reading /test_947.bin... opened: 43721 us, closed:     3 us, I/O:   1895 us, total:  50776 us, speed:  5277 KB/s, CRC: OK, Pattern: OK, Size: OK (0xC61C2AA0)
Reading /test_948.bin... opened: 37785 us, closed:     6 us, I/O:   1889 us, total:  44865 us, speed:  5293 KB/s, CRC: OK, Pattern: OK, Size: OK (0xC61C2AA0)
Reading /test_949.bin... opened: 43670 us, closed:     6 us, I/O:   1885 us, total:  50743 us, speed:  5305 KB/s, CRC: OK, Pattern: OK, Size: OK (0xC61C2AA0)
Reading /test_950.bin... opened: 37786 us, closed:     3 us, I/O:   1891 us, total:  44875 us, speed:  5288 KB/s, CRC: OK, Pattern: OK, Size: OK (0xC61C2AA0)
Reading /test_951.bin... opened: 43790 us, closed:     3 us, I/O:   1887 us, total:  50850 us, speed:  5299 KB/s, CRC: OK, Pattern: OK, Size: OK (0xC61C2AA0)
Reading /test_952.bin... opened: 37761 us, closed:     3 us, I/O:   1884 us, total:  44831 us, speed:  5307 KB/s, CRC: OK, Pattern: OK, Size: OK (0xC61C2AA0)
Reading /test_953.bin... opened: 43666 us, closed:     3 us, I/O:   1888 us, total:  50740 us, speed:  5296 KB/s, CRC: OK, Pattern: OK, Size: OK (0xC61C2AA0)
Reading /test_954.bin... opened: 37700 us, closed:     3 us, I/O:   1891 us, total:  44790 us, speed:  5288 KB/s, CRC: OK, Pattern: OK, Size: OK (0xC61C2AA0)
Reading /test_955.bin... opened: 43685 us, closed:     3 us, I/O:   1888 us, total:  50719 us, speed:  5296 KB/s, CRC: OK, Pattern: OK, Size: OK (0xC61C2AA0)
Reading /test_956.bin... opened: 37589 us, closed:     3 us, I/O:   1888 us, total:  44701 us, speed:  5296 KB/s, CRC: OK, Pattern: OK, Size: OK (0xC61C2AA0)
Reading /test_957.bin... opened: 43555 us, closed:     3 us, I/O:   1885 us, total:  50650 us, speed:  5305 KB/s, CRC: OK, Pattern: OK, Size: OK (0xC61C2AA0)
Reading /test_958.bin... opened: 37602 us, closed:     3 us, I/O:   1893 us, total:  44708 us, speed:  5282 KB/s, CRC: OK, Pattern: OK, Size: OK (0xC61C2AA0)
Reading /test_959.bin... opened: 43573 us, closed:     3 us, I/O:   1885 us, total:  50652 us, speed:  5305 KB/s, CRC: OK, Pattern: OK, Size: OK (0xC61C2AA0)
Reading /test_960.bin... opened: 37662 us, closed:     3 us, I/O:   1891 us, total:  44745 us, speed:  5288 KB/s, CRC: OK, Pattern: OK, Size: OK (0xC61C2AA0)
Reading /test_961.bin... opened: 43550 us, closed:     3 us, I/O:   1892 us, total:  50596 us, speed:  5285 KB/s, CRC: OK, Pattern: OK, Size: OK (0xC61C2AA0)
Reading /test_962.bin... opened: 37511 us, closed:     3 us, I/O:   1888 us, total:  44561 us, speed:  5296 KB/s, CRC: OK, Pattern: OK, Size: OK (0xC61C2AA0)
Reading /test_963.bin... opened: 43557 us, closed:     3 us, I/O:   1885 us, total:  50615 us, speed:  5305 KB/s, CRC: OK, Pattern: OK, Size: OK (0xC61C2AA0)
Reading /test_964.bin... opened: 37600 us, closed:     3 us, I/O:   1888 us, total:  44669 us, speed:  5296 KB/s, CRC: OK, Pattern: OK, Size: OK (0xC61C2AA0)
Reading /test_965.bin... opened: 43509 us, closed:     3 us, I/O:   1892 us, total:  50561 us, speed:  5285 KB/s, CRC: OK, Pattern: OK, Size: OK (0xC61C2AA0)
Reading /test_966.bin... opened: 37514 us, closed:     3 us, I/O:   1892 us, total:  44534 us, speed:  5285 KB/s, CRC: OK, Pattern: OK, Size: OK (0xC61C2AA0)
Reading /test_967.bin... opened: 43346 us, closed:     3 us, I/O:   1893 us, total:  50437 us, speed:  5282 KB/s, CRC: OK, Pattern: OK, Size: OK (0xC61C2AA0)
Reading /test_968.bin... opened: 37486 us, closed:     3 us, I/O:   1892 us, total:  44516 us, speed:  5285 KB/s, CRC: OK, Pattern: OK, Size: OK (0xC61C2AA0)
Reading /test_969.bin... opened: 43429 us, closed:     3 us, I/O:   1892 us, total:  50479 us, speed:  5285 KB/s, CRC: OK, Pattern: OK, Size: OK (0xC61C2AA0)
Reading /test_970.bin... opened: 37447 us, closed:     3 us, I/O:   1885 us, total:  44478 us, speed:  5305 KB/s, CRC: OK, Pattern: OK, Size: OK (0xC61C2AA0)
Reading /test_971.bin... opened: 43270 us, closed:     3 us, I/O:   1885 us, total:  50320 us, speed:  5305 KB/s, CRC: OK, Pattern: OK, Size: OK (0xC61C2AA0)
Reading /test_972.bin... opened: 37377 us, closed:     3 us, I/O:   1885 us, total:  44447 us, speed:  5305 KB/s, CRC: OK, Pattern: OK, Size: OK (0xC61C2AA0)
Reading /test_973.bin... opened: 43350 us, closed:     3 us, I/O:   1889 us, total:  50425 us, speed:  5293 KB/s, CRC: OK, Pattern: OK, Size: OK (0xC61C2AA0)
Reading /test_974.bin... opened: 37348 us, closed:     3 us, I/O:   1888 us, total:  44414 us, speed:  5296 KB/s, CRC: OK, Pattern: OK, Size: OK (0xC61C2AA0)
Reading /test_975.bin... opened: 43399 us, closed:     3 us, I/O:   1892 us, total:  50444 us, speed:  5285 KB/s, CRC: OK, Pattern: OK, Size: OK (0xC61C2AA0)
Reading /test_976.bin... opened: 37419 us, closed:     3 us, I/O:   1893 us, total:  44480 us, speed:  5282 KB/s, CRC: OK, Pattern: OK, Size: OK (0xC61C2AA0)
Reading /test_977.bin... opened: 43312 us, closed:     3 us, I/O:   1889 us, total:  50345 us, speed:  5293 KB/s, CRC: OK, Pattern: OK, Size: OK (0xC61C2AA0)
Reading /test_978.bin... opened: 37393 us, closed:     3 us, I/O:   1891 us, total:  44455 us, speed:  5288 KB/s, CRC: OK, Pattern: OK, Size: OK (0xC61C2AA0)
Reading /test_979.bin... opened: 37413 us, closed:     3 us, I/O:   1889 us, total:  50373 us, speed:  5293 KB/s, CRC: OK, Pattern: OK, Size: OK (0xC61C2AA0)
Reading /test_980.bin... opened: 37337 us, closed:     3 us, I/O:   1890 us, total:  44345 us, speed:  5291 KB/s, CRC: OK, Pattern: OK, Size: OK (0xC61C2AA0)
Reading /test_981.bin... opened: 37281 us, closed:     3 us, I/O:   1887 us, total:  50289 us, speed:  5299 KB/s, CRC: OK, Pattern: OK, Size: OK (0xC61C2AA0)
Reading /test_982.bin... opened: 37161 us, closed:     3 us, I/O:   1889 us, total:  44240 us, speed:  5293 KB/s, CRC: OK, Pattern: OK, Size: OK (0xC61C2AA0)
Reading /test_983.bin... opened: 37261 us, closed:     3 us, I/O:   1889 us, total:  50255 us, speed:  5293 KB/s, CRC: OK, Pattern: OK, Size: OK (0xC61C2AA0)
Reading /test_984.bin... opened: 37201 us, closed:     3 us, I/O:   1888 us, total:  44258 us, speed:  5296 KB/s, CRC: OK, Pattern: OK, Size: OK (0xC61C2AA0)
Reading /test_985.bin... opened: 37245 us, closed:     3 us, I/O:   1920 us, total:  44303 us, speed:  5208 KB/s, CRC: OK, Pattern: OK, Size: OK (0xC61C2AA0)
Reading /test_986.bin... opened: 43192 us, closed:     3 us, I/O:   1888 us, total:  50271 us, speed:  5296 KB/s, CRC: OK, Pattern: OK, Size: OK (0xC61C2AA0)
Reading /test_987.bin... opened: 37183 us, closed:     3 us, I/O:   1886 us, total:  44272 us, speed:  5302 KB/s, CRC: OK, Pattern: OK, Size: OK (0xC61C2AA0)
Reading /test_988.bin... opened: 42996 us, closed:     3 us, I/O:   1885 us, total:  50018 us, speed:  5305 KB/s, CRC: OK, Pattern: OK, Size: OK (0xC61C2AA0)
Reading /test_989.bin... opened: 37057 us, closed:     3 us, I/O:   1888 us, total:  44162 us, speed:  5296 KB/s, CRC: OK, Pattern: OK, Size: OK (0xC61C2AA0)
Reading /test_990.bin... opened: 42880 us, closed:     3 us, I/O:   1890 us, total:  49954 us, speed:  5291 KB/s, CRC: OK, Pattern: OK, Size: OK (0xC61C2AA0)
Reading /test_991.bin... opened: 36899 us, closed:     3 us, I/O:   1891 us, total:  43950 us, speed:  5288 KB/s, CRC: OK, Pattern: OK, Size: OK (0xC61C2AA0)
Reading /test_992.bin... opened: 42772 us, closed:     3 us, I/O:   1893 us, total:  49824 us, speed:  5282 KB/s, CRC: OK, Pattern: OK, Size: OK (0xC61C2AA0)
Reading /test_993.bin... opened: 36745 us, closed:     3 us, I/O:   1888 us, total:  43790 us, speed:  5296 KB/s, CRC: OK, Pattern: OK, Size: OK (0xC61C2AA0)
Reading /test_994.bin... opened: 42653 us, closed:     4 us, I/O:   1888 us, total:  49735 us, speed:  5296 KB/s, CRC: OK, Pattern: OK, Size: OK (0xC61C2AA0)
Reading /test_995.bin... opened: 36730 us, closed:     3 us, I/O:   1890 us, total:  43818 us, speed:  5291 KB/s, CRC: OK, Pattern: OK, Size: OK (0xC61C2AA0)
Reading /test_996.bin... opened: 42653 us, closed:     3 us, I/O:   1888 us, total:  49694 us, speed:  5296 KB/s, CRC: OK, Pattern: OK, Size: OK (0xC61C2AA0)
Reading /test_997.bin... opened: 36660 us, closed:     3 us, I/O:   1891 us, total:  43689 us, speed:  5288 KB/s, CRC: OK, Pattern: OK, Size: OK (0xC61C2AA0)
Reading /test_998.bin... opened: 42692 us, closed:     3 us, I/O:   1888 us, total:  49747 us, speed:  5296 KB/s, CRC: OK, Pattern: OK, Size: OK (0xC61C2AA0)
Reading /test_999.bin... opened: 36647 us, closed:     3 us, I/O:   1892 us, total:  43693 us, speed:  5285 KB/s, CRC: OK, Pattern: OK, Size: OK (0xC61C2AA0)
Reading /test_1000.bin... opened:  4040 us, closed:     3 us, I/O:   1894 us, total:  11167 us, speed:  5279 KB/s, CRC: OK, Pattern: OK, Size: OK (0xC61C2AA0)

=== Read Test Statistics ===
Successful operations: 1000
Failed operations:     0
Data processed: 10000 KB (10240000 bytes)

Timing breakdown:
  Open time     - Avg: 20196.9 us, Min:   1358 us, Max:  43790 us, Diff: 3124.6%
  Close time    - Avg:    3.1 us, Min:      3 us, Max:     19 us, Diff: 533.3%

Speed statistics:
  Max speed:     5316 KB/s
  Avg speed:     5001 KB/s
  Min speed:     1270 KB/s

Data integrity:
  CRC errors    : 0
  Pattern errors: 0
  Size errors   : 0
  Total errors  : 0

Press any key to continue...
