
=== YAFFS2 Write Test ===

=== Test Configuration ===
Files count      : 1000
File size        : 10240 bytes (10.0 KB)
Block size       : 65536 bytes (64.0 KB)
Data pattern     : Constant (0xAA)
Data verification: Enabled
Writing 1000 files of 10240 bytes each...
File /test_001.bin: opened:  2740 us, closed:     5 us, I/O:  22730 us, total:  30563 us, speed:   439 KB/s, CRC32: 0xC61C2AA0
File /test_002.bin: opened:  2293 us, closed:     5 us, I/O:  16879 us, total:  24292 us, speed:   592 KB/s, CRC32: 0xC61C2AA0
File /test_003.bin: opened:  2306 us, closed:     5 us, I/O:  16948 us, total:  24319 us, speed:   590 KB/s, CRC32: 0xC61C2AA0
File /test_004.bin: opened:  2323 us, closed:     5 us, I/O:  18740 us, total:  26143 us, speed:   533 KB/s, CRC32: 0xC61C2AA0
File /test_005.bin: opened:  2292 us, closed:     5 us, I/O:  22880 us, total:  30247 us, speed:   437 KB/s, CRC32: 0xC61C2AA0
File /test_006.bin: opened:  2305 us, closed:     5 us, I/O:  16919 us, total:  24229 us, speed:   591 KB/s, CRC32: 0xC61C2AA0
File /test_007.bin: opened:  2315 us, closed:     5 us, I/O:  16927 us, total:  24318 us, speed:   590 KB/s, CRC32: 0xC61C2AA0
File /test_008.bin: opened:  2316 us, closed:     5 us, I/O:  18697 us, total:  26157 us, speed:   534 KB/s, CRC32: 0xC61C2AA0
File /test_009.bin: opened:  2309 us, closed:     5 us, I/O:  22862 us, total:  30237 us, speed:   437 KB/s, CRC32: 0xC61C2AA0
File /test_010.bin: opened:  2327 us, closed:     5 us, I/O:  16956 us, total:  24321 us, speed:   589 KB/s, CRC32: 0xC61C2AA0
File /test_011.bin: opened:  2296 us, closed:     5 us, I/O:  16970 us, total:  24328 us, speed:   589 KB/s, CRC32: 0xC61C2AA0
File /test_012.bin: opened:  2317 us, closed:     5 us, I/O:  18700 us, total:  26066 us, speed:   534 KB/s, CRC32: 0xC61C2AA0
File /test_013.bin: opened:  8234 us, closed:     5 us, I/O:  16905 us, total:  30220 us, speed:   591 KB/s, CRC32: 0xC61C2AA0
File /test_014.bin: opened:  2313 us, closed:     5 us, I/O:  16929 us, total:  24350 us, speed:   590 KB/s, CRC32: 0xC61C2AA0
File /test_015.bin: opened:  2320 us, closed:     5 us, I/O:  16941 us, total:  24311 us, speed:   590 KB/s, CRC32: 0xC61C2AA0
File /test_016.bin: opened:  2327 us, closed:     5 us, I/O:  24667 us, total:  32094 us, speed:   405 KB/s, CRC32: 0xC61C2AA0
File /test_017.bin: opened:  2319 us, closed:     5 us, I/O:  16935 us, total:  24307 us, speed:   590 KB/s, CRC32: 0xC61C2AA0
File /test_018.bin: opened:  2319 us, closed:     5 us, I/O:  16953 us, total:  24352 us, speed:   589 KB/s, CRC32: 0xC61C2AA0
File /test_019.bin: opened:  2316 us, closed:     5 us, I/O:  16892 us, total:  24335 us, speed:   591 KB/s, CRC32: 0xC61C2AA0
File /test_020.bin: opened:  2321 us, closed:     5 us, I/O:  24616 us, total:  31975 us, speed:   406 KB/s, CRC32: 0xC61C2AA0
File /test_021.bin: opened:  2322 us, closed:     5 us, I/O:  16940 us, total:  24321 us, speed:   590 KB/s, CRC32: 0xC61C2AA0
File /test_022.bin: opened:  2301 us, closed:     5 us, I/O:  16956 us, total:  24327 us, speed:   589 KB/s, CRC32: 0xC61C2AA0
File /test_023.bin: opened:  2300 us, closed:     5 us, I/O:  16959 us, total:  24324 us, speed:   589 KB/s, CRC32: 0xC61C2AA0
File /test_024.bin: opened:  2304 us, closed:     5 us, I/O:  18705 us, total:  32032 us, speed:   534 KB/s, CRC32: 0xC61C2AA0
File /test_025.bin: opened:  2323 us, closed:     5 us, I/O:  16916 us, total:  24332 us, speed:   591 KB/s, CRC32: 0xC61C2AA0
File /test_026.bin: opened:  2343 us, closed:     5 us, I/O:  16980 us, total:  24390 us, speed:   588 KB/s, CRC32: 0xC61C2AA0
File /test_027.bin: opened:  2304 us, closed:     5 us, I/O:  22854 us, total:  30225 us, speed:   437 KB/s, CRC32: 0xC61C2AA0
File /test_028.bin: opened:  2323 us, closed:     5 us, I/O:  18732 us, total:  26403 us, speed:   533 KB/s, CRC32: 0xC61C2AA0
File /test_029.bin: opened:  2314 us, closed:     5 us, I/O:  16908 us, total:  24280 us, speed:   591 KB/s, CRC32: 0xC61C2AA0
File /test_030.bin: opened:  2331 us, closed:     5 us, I/O:  16889 us, total:  24297 us, speed:   592 KB/s, CRC32: 0xC61C2AA0
File /test_031.bin: opened:  2318 us, closed:     5 us, I/O:  22863 us, total:  30219 us, speed:   437 KB/s, CRC32: 0xC61C2AA0
File /test_032.bin: opened:  2320 us, closed:     5 us, I/O:  18716 us, total:  26108 us, speed:   534 KB/s, CRC32: 0xC61C2AA0
File /test_033.bin: opened:  2313 us, closed:     5 us, I/O:  16953 us, total:  24429 us, speed:   589 KB/s, CRC32: 0xC61C2AA0
File /test_034.bin: opened:  2313 us, closed:     5 us, I/O:  16926 us, total:  24402 us, speed:   590 KB/s, CRC32: 0xC61C2AA0
File /test_035.bin: opened:  2320 us, closed:     5 us, I/O:  22907 us, total:  30379 us, speed:   436 KB/s, CRC32: 0xC61C2AA0
File /test_036.bin: opened:  2317 us, closed:     5 us, I/O:  18713 us, total:  26152 us, speed:   534 KB/s, CRC32: 0xC61C2AA0
File /test_037.bin: opened:  2343 us, closed:     5 us, I/O:  16954 us, total:  24320 us, speed:   589 KB/s, CRC32: 0xC61C2AA0
File /test_038.bin: opened:  2326 us, closed:     5 us, I/O:  16922 us, total:  24379 us, speed:   590 KB/s, CRC32: 0xC61C2AA0
File /test_039.bin: opened:  8288 us, closed:     5 us, I/O:  16913 us, total:  30247 us, speed:   591 KB/s, CRC32: 0xC61C2AA0
File /test_040.bin: opened:  2336 us, closed:     5 us, I/O:  18692 us, total:  26135 us, speed:   534 KB/s, CRC32: 0xC61C2AA0
File /test_041.bin: opened:  2334 us, closed:     5 us, I/O:  16928 us, total:  24400 us, speed:   590 KB/s, CRC32: 0xC61C2AA0
File /test_042.bin: opened:  2359 us, closed:     5 us, I/O:  22877 us, total:  30316 us, speed:   437 KB/s, CRC32: 0xC61C2AA0
File /test_043.bin: opened:  2321 us, closed:     5 us, I/O:  16921 us, total:  24351 us, speed:   590 KB/s, CRC32: 0xC61C2AA0
File /test_044.bin: opened:  2329 us, closed:     5 us, I/O:  18721 us, total:  26071 us, speed:   534 KB/s, CRC32: 0xC61C2AA0
File /test_045.bin: opened:  2361 us, closed:     5 us, I/O:  16908 us, total:  24436 us, speed:   591 KB/s, CRC32: 0xC61C2AA0
File /test_046.bin: opened:  2336 us, closed:     5 us, I/O:  22863 us, total:  30243 us, speed:   437 KB/s, CRC32: 0xC61C2AA0
File /test_047.bin: opened:  2340 us, closed:     5 us, I/O:  16903 us, total:  24351 us, speed:   591 KB/s, CRC32: 0xC61C2AA0
File /test_048.bin: opened:  2337 us, closed:     5 us, I/O:  18724 us, total:  26139 us, speed:   534 KB/s, CRC32: 0xC61C2AA0
File /test_049.bin: opened:  2333 us, closed:     5 us, I/O:  16947 us, total:  24330 us, speed:   590 KB/s, CRC32: 0xC61C2AA0
File /test_050.bin: opened:  2331 us, closed:     5 us, I/O:  16933 us, total:  30282 us, speed:   590 KB/s, CRC32: 0xC61C2AA0
File /test_051.bin: opened:  2347 us, closed:     5 us, I/O:  16952 us, total:  24334 us, speed:   589 KB/s, CRC32: 0xC61C2AA0
File /test_052.bin: opened:  2333 us, closed:     5 us, I/O:  18751 us, total:  26160 us, speed:   533 KB/s, CRC32: 0xC61C2AA0
File /test_053.bin: opened:  2361 us, closed:     5 us, I/O:  22860 us, total:  30308 us, speed:   437 KB/s, CRC32: 0xC61C2AA0
File /test_054.bin: opened:  2345 us, closed:     5 us, I/O:  16942 us, total:  24346 us, speed:   590 KB/s, CRC32: 0xC61C2AA0
File /test_055.bin: opened:  2347 us, closed:     5 us, I/O:  16950 us, total:  24346 us, speed:   589 KB/s, CRC32: 0xC61C2AA0
File /test_056.bin: opened:  3683 us, closed:     5 us, I/O:  17378 us, total:  26174 us, speed:   575 KB/s, CRC32: 0xC61C2AA0
File /test_057.bin: opened:  2329 us, closed:     5 us, I/O:  22878 us, total:  30263 us, speed:   437 KB/s, CRC32: 0xC61C2AA0
File /test_058.bin: opened:  2337 us, closed:     5 us, I/O:  16934 us, total:  24318 us, speed:   590 KB/s, CRC32: 0xC61C2AA0
File /test_059.bin: opened:  2337 us, closed:     5 us, I/O:  16942 us, total:  24315 us, speed:   590 KB/s, CRC32: 0xC61C2AA0
File /test_060.bin: opened:  4122 us, closed:     5 us, I/O:  16920 us, total:  26109 us, speed:   591 KB/s, CRC32: 0xC61C2AA0
File /test_061.bin: opened:  2338 us, closed:     5 us, I/O:  16904 us, total:  30247 us, speed:   591 KB/s, CRC32: 0xC61C2AA0
File /test_062.bin: opened:  2353 us, closed:     5 us, I/O:  16982 us, total:  24374 us, speed:   588 KB/s, CRC32: 0xC61C2AA0
File /test_063.bin: opened:  2336 us, closed:     5 us, I/O:  18254 us, total:  25665 us, speed:   547 KB/s, CRC32: 0xC61C2AA0
File /test_064.bin: opened:  2829 us, closed:     5 us, I/O:  22816 us, total:  30734 us, speed:   438 KB/s, CRC32: 0xC61C2AA0
File /test_065.bin: opened:  2359 us, closed:     5 us, I/O:  16936 us, total:  24333 us, speed:   590 KB/s, CRC32: 0xC61C2AA0
File /test_066.bin: opened:  2357 us, closed:     5 us, I/O:  16973 us, total:  24378 us, speed:   589 KB/s, CRC32: 0xC61C2AA0
File /test_067.bin: opened:  2369 us, closed:     5 us, I/O:  18668 us, total:  26128 us, speed:   535 KB/s, CRC32: 0xC61C2AA0
File /test_068.bin: opened:  2372 us, closed:     5 us, I/O:  22817 us, total:  30244 us, speed:   438 KB/s, CRC32: 0xC61C2AA0
File /test_069.bin: opened:  2361 us, closed:     5 us, I/O:  16923 us, total:  24389 us, speed:   590 KB/s, CRC32: 0xC61C2AA0
File /test_070.bin: opened:  2342 us, closed:     5 us, I/O:  16937 us, total:  24334 us, speed:   590 KB/s, CRC32: 0xC61C2AA0
File /test_071.bin: opened:  2370 us, closed:     5 us, I/O:  18716 us, total:  26172 us, speed:   534 KB/s, CRC32: 0xC61C2AA0
File /test_072.bin: opened:  2381 us, closed:     5 us, I/O:  22855 us, total:  30342 us, speed:   437 KB/s, CRC32: 0xC61C2AA0
File /test_073.bin: opened:  2351 us, closed:     5 us, I/O:  16965 us, total:  24380 us, speed:   589 KB/s, CRC32: 0xC61C2AA0
File /test_074.bin: opened:  2376 us, closed:     5 us, I/O:  16909 us, total:  24394 us, speed:   591 KB/s, CRC32: 0xC61C2AA0
File /test_075.bin: opened:  2365 us, closed:     5 us, I/O:  18701 us, total:  26142 us, speed:   534 KB/s, CRC32: 0xC61C2AA0
File /test_076.bin: opened:  8320 us, closed:     5 us, I/O:  16966 us, total:  30354 us, speed:   589 KB/s, CRC32: 0xC61C2AA0
File /test_077.bin: opened:  2355 us, closed:     5 us, I/O:  16938 us, total:  24392 us, speed:   590 KB/s, CRC32: 0xC61C2AA0
File /test_078.bin: opened:  2355 us, closed:     5 us, I/O:  16936 us, total:  24372 us, speed:   590 KB/s, CRC32: 0xC61C2AA0
File /test_079.bin: opened:  2354 us, closed:     5 us, I/O:  24667 us, total:  32083 us, speed:   405 KB/s, CRC32: 0xC61C2AA0
File /test_080.bin: opened:  2380 us, closed:     5 us, I/O:  16928 us, total:  24376 us, speed:   590 KB/s, CRC32: 0xC61C2AA0
File /test_081.bin: opened:  2368 us, closed:     5 us, I/O:  16956 us, total:  24379 us, speed:   589 KB/s, CRC32: 0xC61C2AA0
File /test_082.bin: opened:  2387 us, closed:     5 us, I/O:  16909 us, total:  24337 us, speed:   591 KB/s, CRC32: 0xC61C2AA0
File /test_083.bin: opened:  2377 us, closed:     5 us, I/O:  24678 us, total:  32170 us, speed:   405 KB/s, CRC32: 0xC61C2AA0
File /test_084.bin: opened:  2378 us, closed:     5 us, I/O:  16928 us, total:  24387 us, speed:   590 KB/s, CRC32: 0xC61C2AA0
File /test_085.bin: opened:  2363 us, closed:     5 us, I/O:  16929 us, total:  24400 us, speed:   590 KB/s, CRC32: 0xC61C2AA0
File /test_086.bin: opened:  2388 us, closed:     5 us, I/O:  16961 us, total:  24408 us, speed:   589 KB/s, CRC32: 0xC61C2AA0
File /test_087.bin: opened:  2373 us, closed:     5 us, I/O:  18730 us, total:  32111 us, speed:   533 KB/s, CRC32: 0xC61C2AA0
File /test_088.bin: opened:  2363 us, closed:     5 us, I/O:  17005 us, total:  24443 us, speed:   588 KB/s, CRC32: 0xC61C2AA0
File /test_089.bin: opened:  2355 us, closed:     5 us, I/O:  16926 us, total:  24329 us, speed:   590 KB/s, CRC32: 0xC61C2AA0
File /test_090.bin: opened:  2372 us, closed:     5 us, I/O:  22902 us, total:  30332 us, speed:   436 KB/s, CRC32: 0xC61C2AA0
File /test_091.bin: opened:  2378 us, closed:     5 us, I/O:  18731 us, total:  26236 us, speed:   533 KB/s, CRC32: 0xC61C2AA0
File /test_092.bin: opened:  2370 us, closed:     5 us, I/O:  16980 us, total:  24428 us, speed:   588 KB/s, CRC32: 0xC61C2AA0
File /test_093.bin: opened:  2373 us, closed:     5 us, I/O:  16933 us, total:  24391 us, speed:   590 KB/s, CRC32: 0xC61C2AA0
File /test_094.bin: opened:  2375 us, closed:     5 us, I/O:  22856 us, total:  30338 us, speed:   437 KB/s, CRC32: 0xC61C2AA0
File /test_095.bin: opened:  2368 us, closed:     5 us, I/O:  18704 us, total:  26138 us, speed:   534 KB/s, CRC32: 0xC61C2AA0
File /test_096.bin: opened:  2379 us, closed:     5 us, I/O:  16930 us, total:  24382 us, speed:   590 KB/s, CRC32: 0xC61C2AA0
File /test_097.bin: opened:  2375 us, closed:     5 us, I/O:  16963 us, total:  24388 us, speed:   589 KB/s, CRC32: 0xC61C2AA0
File /test_098.bin: opened:  2377 us, closed:     5 us, I/O:  16911 us, total:  30333 us, speed:   591 KB/s, CRC32: 0xC61C2AA0
File /test_099.bin: opened:  2382 us, closed:     5 us, I/O:  18780 us, total:  26200 us, speed:   532 KB/s, CRC32: 0xC61C2AA0
File /test_100.bin: opened:  2375 us, closed:     5 us, I/O:  16997 us, total:  24408 us, speed:   588 KB/s, CRC32: 0xC61C2AA0
File /test_101.bin: opened:  2400 us, closed:     5 us, I/O:  22838 us, total:  30286 us, speed:   437 KB/s, CRC32: 0xC61C2AA0
File /test_102.bin: opened:  2378 us, closed:     5 us, I/O:  16960 us, total:  24389 us, speed:   589 KB/s, CRC32: 0xC61C2AA0
File /test_103.bin: opened:  2397 us, closed:     5 us, I/O:  18729 us, total:  26218 us, speed:   533 KB/s, CRC32: 0xC61C2AA0
File /test_104.bin: opened:  2389 us, closed:     5 us, I/O:  16924 us, total:  24393 us, speed:   590 KB/s, CRC32: 0xC61C2AA0
File /test_105.bin: opened:  2417 us, closed:     5 us, I/O:  22848 us, total:  30351 us, speed:   437 KB/s, CRC32: 0xC61C2AA0
File /test_106.bin: opened:  2397 us, closed:     5 us, I/O:  16958 us, total:  24423 us, speed:   589 KB/s, CRC32: 0xC61C2AA0
File /test_107.bin: opened:  2407 us, closed:     5 us, I/O:  18752 us, total:  26225 us, speed:   533 KB/s, CRC32: 0xC61C2AA0
File /test_108.bin: opened:  2395 us, closed:     5 us, I/O:  16935 us, total:  24395 us, speed:   590 KB/s, CRC32: 0xC61C2AA0
File /test_109.bin: opened:  2382 us, closed:     5 us, I/O:  22851 us, total:  30314 us, speed:   437 KB/s, CRC32: 0xC61C2AA0
File /test_110.bin: opened:  2386 us, closed:     5 us, I/O:  16911 us, total:  24407 us, speed:   591 KB/s, CRC32: 0xC61C2AA0
File /test_111.bin: opened:  2384 us, closed:     5 us, I/O:  18764 us, total:  26229 us, speed:   532 KB/s, CRC32: 0xC61C2AA0
File /test_112.bin: opened:  2393 us, closed:     5 us, I/O:  16924 us, total:  24332 us, speed:   590 KB/s, CRC32: 0xC61C2AA0
File /test_113.bin: opened:  8330 us, closed:     5 us, I/O:  16930 us, total:  30329 us, speed:   590 KB/s, CRC32: 0xC61C2AA0
File /test_114.bin: opened:  2415 us, closed:     5 us, I/O:  16930 us, total:  24410 us, speed:   590 KB/s, CRC32: 0xC61C2AA0
File /test_115.bin: opened:  2396 us, closed:     5 us, I/O:  18666 us, total:  26193 us, speed:   535 KB/s, CRC32: 0xC61C2AA0
File /test_116.bin: opened:  2413 us, closed:     5 us, I/O:  22857 us, total:  30350 us, speed:   437 KB/s, CRC32: 0xC61C2AA0
File /test_117.bin: opened:  2392 us, closed:     5 us, I/O:  16941 us, total:  24447 us, speed:   590 KB/s, CRC32: 0xC61C2AA0
File /test_118.bin: opened:  2404 us, closed:     5 us, I/O:  16960 us, total:  24448 us, speed:   589 KB/s, CRC32: 0xC61C2AA0
File /test_119.bin: opened:  3741 us, closed:     5 us, I/O:  17343 us, total:  26193 us, speed:   576 KB/s, CRC32: 0xC61C2AA0
File /test_120.bin: opened:  2402 us, closed:     5 us, I/O:  22887 us, total:  30347 us, speed:   436 KB/s, CRC32: 0xC61C2AA0
File /test_121.bin: opened:  2414 us, closed:     5 us, I/O:  16920 us, total:  24435 us, speed:   591 KB/s, CRC32: 0xC61C2AA0
File /test_122.bin: opened:  2414 us, closed:     5 us, I/O:  16948 us, total:  24465 us, speed:   590 KB/s, CRC32: 0xC61C2AA0
File /test_123.bin: opened:  4201 us, closed:     5 us, I/O:  16931 us, total:  26173 us, speed:   590 KB/s, CRC32: 0xC61C2AA0
File /test_124.bin: opened:  8366 us, closed:     5 us, I/O:  16984 us, total:  30390 us, speed:   588 KB/s, CRC32: 0xC61C2AA0
File /test_125.bin: opened:  2389 us, closed:     5 us, I/O:  16980 us, total:  24434 us, speed:   588 KB/s, CRC32: 0xC61C2AA0
File /test_126.bin: opened:  2401 us, closed:     5 us, I/O:  18247 us, total:  25707 us, speed:   548 KB/s, CRC32: 0xC61C2AA0
File /test_127.bin: opened:  2895 us, closed:     5 us, I/O:  22835 us, total:  30779 us, speed:   437 KB/s, CRC32: 0xC61C2AA0
File /test_128.bin: opened:  2424 us, closed:     5 us, I/O:  16977 us, total:  24469 us, speed:   589 KB/s, CRC32: 0xC61C2AA0
File /test_129.bin: opened:  2423 us, closed:     5 us, I/O:  16928 us, total:  24436 us, speed:   590 KB/s, CRC32: 0xC61C2AA0
File /test_130.bin: opened:  2395 us, closed:     5 us, I/O:  18715 us, total:  26188 us, speed:   534 KB/s, CRC32: 0xC61C2AA0
File /test_131.bin: opened:  2432 us, closed:     5 us, I/O:  22863 us, total:  30354 us, speed:   437 KB/s, CRC32: 0xC61C2AA0
File /test_132.bin: opened:  2414 us, closed:     5 us, I/O:  16947 us, total:  24414 us, speed:   590 KB/s, CRC32: 0xC61C2AA0
File /test_133.bin: opened:  2425 us, closed:     5 us, I/O:  16943 us, total:  24459 us, speed:   590 KB/s, CRC32: 0xC61C2AA0
File /test_134.bin: opened:  2430 us, closed:     8 us, I/O:  18724 us, total:  26222 us, speed:   534 KB/s, CRC32: 0xC61C2AA0
File /test_135.bin: opened:  2406 us, closed:     5 us, I/O:  16913 us, total:  30338 us, speed:   591 KB/s, CRC32: 0xC61C2AA0
File /test_136.bin: opened:  2424 us, closed:     5 us, I/O:  16960 us, total:  24479 us, speed:   589 KB/s, CRC32: 0xC61C2AA0
File /test_137.bin: opened:  2429 us, closed:     5 us, I/O:  16890 us, total:  24356 us, speed:   592 KB/s, CRC32: 0xC61C2AA0
File /test_138.bin: opened:  2413 us, closed:     5 us, I/O:  24531 us, total:  32022 us, speed:   407 KB/s, CRC32: 0xC61C2AA0
File /test_139.bin: opened:  2427 us, closed:     5 us, I/O:  16982 us, total:  24499 us, speed:   588 KB/s, CRC32: 0xC61C2AA0
File /test_140.bin: opened:  2418 us, closed:     5 us, I/O:  16968 us, total:  24495 us, speed:   589 KB/s, CRC32: 0xC61C2AA0
File /test_141.bin: opened:  2428 us, closed:     5 us, I/O:  16952 us, total:  24469 us, speed:   589 KB/s, CRC32: 0xC61C2AA0
File /test_142.bin: opened:  2446 us, closed:     5 us, I/O:  24642 us, total:  32122 us, speed:   405 KB/s, CRC32: 0xC61C2AA0
File /test_143.bin: opened:  2416 us, closed:     5 us, I/O:  16955 us, total:  24475 us, speed:   589 KB/s, CRC32: 0xC61C2AA0
File /test_144.bin: opened:  2410 us, closed:     5 us, I/O:  16958 us, total:  24467 us, speed:   589 KB/s, CRC32: 0xC61C2AA0
File /test_145.bin: opened:  2428 us, closed:     5 us, I/O:  16910 us, total:  24398 us, speed:   591 KB/s, CRC32: 0xC61C2AA0
File /test_146.bin: opened:  2411 us, closed:     5 us, I/O:  24655 us, total:  32174 us, speed:   405 KB/s, CRC32: 0xC61C2AA0
File /test_147.bin: opened:  2434 us, closed:     5 us, I/O:  16932 us, total:  24449 us, speed:   590 KB/s, CRC32: 0xC61C2AA0
File /test_148.bin: opened:  2433 us, closed:     5 us, I/O:  16982 us, total:  24497 us, speed:   588 KB/s, CRC32: 0xC61C2AA0
File /test_149.bin: opened:  2426 us, closed:     5 us, I/O:  16944 us, total:  24477 us, speed:   590 KB/s, CRC32: 0xC61C2AA0
File /test_150.bin: opened:  2430 us, closed:     5 us, I/O:  18714 us, total:  26211 us, speed:   534 KB/s, CRC32: 0xC61C2AA0
File /test_151.bin: opened:  2431 us, closed:     5 us, I/O:  16947 us, total:  24503 us, speed:   590 KB/s, CRC32: 0xC61C2AA0
File /test_152.bin: opened:  2427 us, closed:     5 us, I/O:  16897 us, total:  24457 us, speed:   591 KB/s, CRC32: 0xC61C2AA0
File /test_153.bin: opened:  2442 us, closed:     5 us, I/O:  22819 us, total:  30342 us, speed:   438 KB/s, CRC32: 0xC61C2AA0
File /test_154.bin: opened:  2422 us, closed:     5 us, I/O:  18719 us, total:  26256 us, speed:   534 KB/s, CRC32: 0xC61C2AA0
File /test_155.bin: opened:  2424 us, closed:     5 us, I/O:  16937 us, total:  24444 us, speed:   590 KB/s, CRC32: 0xC61C2AA0
File /test_156.bin: opened:  2421 us, closed:     5 us, I/O:  16887 us, total:  24398 us, speed:   592 KB/s, CRC32: 0xC61C2AA0
File /test_157.bin: opened:  2430 us, closed:     5 us, I/O:  22900 us, total:  30420 us, speed:   436 KB/s, CRC32: 0xC61C2AA0
File /test_158.bin: opened:  2422 us, closed:     5 us, I/O:  18715 us, total:  26234 us, speed:   534 KB/s, CRC32: 0xC61C2AA0
File /test_159.bin: opened:  2433 us, closed:     5 us, I/O:  16903 us, total:  24384 us, speed:   591 KB/s, CRC32: 0xC61C2AA0
File /test_160.bin: opened:  2416 us, closed:     5 us, I/O:  16947 us, total:  24392 us, speed:   590 KB/s, CRC32: 0xC61C2AA0
File /test_161.bin: opened:  8370 us, closed:     5 us, I/O:  16950 us, total:  30365 us, speed:   589 KB/s, CRC32: 0xC61C2AA0
File /test_162.bin: opened:  2437 us, closed:     5 us, I/O:  18740 us, total:  26256 us, speed:   533 KB/s, CRC32: 0xC61C2AA0
File /test_163.bin: opened:  2434 us, closed:     5 us, I/O:  16906 us, total:  24467 us, speed:   591 KB/s, CRC32: 0xC61C2AA0
File /test_164.bin: opened:  2455 us, closed:     5 us, I/O:  22881 us, total:  30422 us, speed:   437 KB/s, CRC32: 0xC61C2AA0
File /test_165.bin: opened:  2426 us, closed:     5 us, I/O:  16925 us, total:  24413 us, speed:   590 KB/s, CRC32: 0xC61C2AA0
File /test_166.bin: opened:  2431 us, closed:     5 us, I/O:  18734 us, total:  26250 us, speed:   533 KB/s, CRC32: 0xC61C2AA0
File /test_167.bin: opened:  2442 us, closed:     5 us, I/O:  16923 us, total:  24439 us, speed:   590 KB/s, CRC32: 0xC61C2AA0
File /test_168.bin: opened:  2450 us, closed:     5 us, I/O:  22868 us, total:  30351 us, speed:   437 KB/s, CRC32: 0xC61C2AA0
File /test_169.bin: opened:  2451 us, closed:     5 us, I/O:  16955 us, total:  24485 us, speed:   589 KB/s, CRC32: 0xC61C2AA0
File /test_170.bin: opened:  2458 us, closed:     5 us, I/O:  18710 us, total:  26240 us, speed:   534 KB/s, CRC32: 0xC61C2AA0
File /test_171.bin: opened:  2449 us, closed:     5 us, I/O:  16935 us, total:  24907 us, speed:   590 KB/s, CRC32: 0xC61C2AA0
File /test_172.bin: opened:  2444 us, closed:     5 us, I/O:  16918 us, total:  30321 us, speed:   591 KB/s, CRC32: 0xC61C2AA0
File /test_173.bin: opened:  2439 us, closed:     5 us, I/O:  16955 us, total:  24501 us, speed:   589 KB/s, CRC32: 0xC61C2AA0
File /test_174.bin: opened:  2439 us, closed:     5 us, I/O:  18743 us, total:  26272 us, speed:   533 KB/s, CRC32: 0xC61C2AA0
File /test_175.bin: opened:  2445 us, closed:     5 us, I/O:  22830 us, total:  30373 us, speed:   438 KB/s, CRC32: 0xC61C2AA0
File /test_176.bin: opened:  2441 us, closed:     5 us, I/O:  16942 us, total:  24476 us, speed:   590 KB/s, CRC32: 0xC61C2AA0
File /test_177.bin: opened:  2462 us, closed:     5 us, I/O:  16960 us, total:  24497 us, speed:   589 KB/s, CRC32: 0xC61C2AA0
File /test_178.bin: opened:  2456 us, closed:     5 us, I/O:  18685 us, total:  26263 us, speed:   535 KB/s, CRC32: 0xC61C2AA0
File /test_179.bin: opened:  2434 us, closed:     5 us, I/O:  22879 us, total:  30388 us, speed:   437 KB/s, CRC32: 0xC61C2AA0
File /test_180.bin: opened:  2443 us, closed:     5 us, I/O:  16925 us, total:  24456 us, speed:   590 KB/s, CRC32: 0xC61C2AA0
File /test_181.bin: opened:  2453 us, closed:     5 us, I/O:  16938 us, total:  24468 us, speed:   590 KB/s, CRC32: 0xC61C2AA0
File /test_182.bin: opened:  3776 us, closed:     5 us, I/O:  17375 us, total:  26213 us, speed:   575 KB/s, CRC32: 0xC61C2AA0
File /test_183.bin: opened:  2483 us, closed:     5 us, I/O:  16925 us, total:  30403 us, speed:   590 KB/s, CRC32: 0xC61C2AA0
File /test_184.bin: opened:  2492 us, closed:     5 us, I/O:  16921 us, total:  24480 us, speed:   590 KB/s, CRC32: 0xC61C2AA0
File /test_185.bin: opened:  2433 us, closed:     5 us, I/O:  16906 us, total:  24408 us, speed:   591 KB/s, CRC32: 0xC61C2AA0
File /test_186.bin: opened:  4234 us, closed:     5 us, I/O:  22899 us, total:  32233 us, speed:   436 KB/s, CRC32: 0xC61C2AA0
File /test_187.bin: opened:  2455 us, closed:     5 us, I/O:  16914 us, total:  24442 us, speed:   591 KB/s, CRC32: 0xC61C2AA0
File /test_188.bin: opened:  2442 us, closed:     5 us, I/O:  16949 us, total:  24477 us, speed:   590 KB/s, CRC32: 0xC61C2AA0
File /test_189.bin: opened:  2491 us, closed:     5 us, I/O:  18269 us, total:  25883 us, speed:   547 KB/s, CRC32: 0xC61C2AA0
File /test_190.bin: opened:  2913 us, closed:     5 us, I/O:  22861 us, total:  30836 us, speed:   437 KB/s, CRC32: 0xC61C2AA0
File /test_191.bin: opened:  2454 us, closed:     5 us, I/O:  16943 us, total:  24447 us, speed:   590 KB/s, CRC32: 0xC61C2AA0
File /test_192.bin: opened:  2461 us, closed:     5 us, I/O:  16993 us, total:  24577 us, speed:   588 KB/s, CRC32: 0xC61C2AA0
File /test_193.bin: opened:  2450 us, closed:     5 us, I/O:  18725 us, total:  26231 us, speed:   534 KB/s, CRC32: 0xC61C2AA0
File /test_194.bin: opened:  2437 us, closed:     5 us, I/O:  16906 us, total:  30351 us, speed:   591 KB/s, CRC32: 0xC61C2AA0
File /test_195.bin: opened:  2459 us, closed:     5 us, I/O:  16919 us, total:  24433 us, speed:   591 KB/s, CRC32: 0xC61C2AA0
File /test_196.bin: opened:  2439 us, closed:     5 us, I/O:  16950 us, total:  24407 us, speed:   589 KB/s, CRC32: 0xC61C2AA0
File /test_197.bin: opened:  2438 us, closed:     5 us, I/O:  24636 us, total:  32164 us, speed:   405 KB/s, CRC32: 0xC61C2AA0
File /test_198.bin: opened:  2457 us, closed:     5 us, I/O:  16929 us, total:  24485 us, speed:   590 KB/s, CRC32: 0xC61C2AA0
File /test_199.bin: opened:  2440 us, closed:     5 us, I/O:  16931 us, total:  24465 us, speed:   590 KB/s, CRC32: 0xC61C2AA0
File /test_200.bin: opened:  2447 us, closed:     5 us, I/O:  16943 us, total:  24480 us, speed:   590 KB/s, CRC32: 0xC61C2AA0
File /test_201.bin: opened:  2466 us, closed:     5 us, I/O:  24665 us, total:  32200 us, speed:   405 KB/s, CRC32: 0xC61C2AA0
File /test_202.bin: opened:  2469 us, closed:     5 us, I/O:  16945 us, total:  24484 us, speed:   590 KB/s, CRC32: 0xC61C2AA0
File /test_203.bin: opened:  2462 us, closed:     5 us, I/O:  16940 us, total:  24498 us, speed:   590 KB/s, CRC32: 0xC61C2AA0
File /test_204.bin: opened:  2484 us, closed:     5 us, I/O:  16932 us, total:  24450 us, speed:   590 KB/s, CRC32: 0xC61C2AA0
File /test_205.bin: opened:  2474 us, closed:     5 us, I/O:  24702 us, total:  32202 us, speed:   404 KB/s, CRC32: 0xC61C2AA0
File /test_206.bin: opened:  2473 us, closed:     5 us, I/O:  16957 us, total:  24497 us, speed:   589 KB/s, CRC32: 0xC61C2AA0
File /test_207.bin: opened:  2460 us, closed:     8 us, I/O:  16958 us, total:  24493 us, speed:   589 KB/s, CRC32: 0xC61C2AA0
File /test_208.bin: opened:  2468 us, closed:     5 us, I/O:  16928 us, total:  24493 us, speed:   590 KB/s, CRC32: 0xC61C2AA0
File /test_209.bin: opened:  8386 us, closed:     5 us, I/O:  18718 us, total:  32161 us, speed:   534 KB/s, CRC32: 0xC61C2AA0
File /test_210.bin: opened:  2461 us, closed:     5 us, I/O:  16949 us, total:  24476 us, speed:   590 KB/s, CRC32: 0xC61C2AA0
File /test_211.bin: opened:  2471 us, closed:     5 us, I/O:  16951 us, total:  24488 us, speed:   589 KB/s, CRC32: 0xC61C2AA0
File /test_212.bin: opened:  2469 us, closed:     5 us, I/O:  22899 us, total:  30442 us, speed:   436 KB/s, CRC32: 0xC61C2AA0
File /test_213.bin: opened:  2468 us, closed:     5 us, I/O:  18759 us, total:  26288 us, speed:   533 KB/s, CRC32: 0xC61C2AA0
File /test_214.bin: opened:  2471 us, closed:     5 us, I/O:  16936 us, total:  24445 us, speed:   590 KB/s, CRC32: 0xC61C2AA0
File /test_215.bin: opened:  2493 us, closed:     5 us, I/O:  16927 us, total:  24508 us, speed:   590 KB/s, CRC32: 0xC61C2AA0
File /test_216.bin: opened:  2484 us, closed:     5 us, I/O:  22890 us, total:  30420 us, speed:   436 KB/s, CRC32: 0xC61C2AA0
File /test_217.bin: opened:  2490 us, closed:     5 us, I/O:  18678 us, total:  26237 us, speed:   535 KB/s, CRC32: 0xC61C2AA0
File /test_218.bin: opened:  2488 us, closed:     5 us, I/O:  16910 us, total:  24516 us, speed:   591 KB/s, CRC32: 0xC61C2AA0
File /test_219.bin: opened:  2471 us, closed:     5 us, I/O:  16917 us, total:  24434 us, speed:   591 KB/s, CRC32: 0xC61C2AA0
File /test_220.bin: opened:  8399 us, closed:     5 us, I/O:  16917 us, total:  30406 us, speed:   591 KB/s, CRC32: 0xC61C2AA0
File /test_221.bin: opened:  2474 us, closed:     5 us, I/O:  18758 us, total:  26280 us, speed:   533 KB/s, CRC32: 0xC61C2AA0
File /test_222.bin: opened:  2478 us, closed:     5 us, I/O:  16954 us, total:  24505 us, speed:   589 KB/s, CRC32: 0xC61C2AA0
File /test_223.bin: opened:  2511 us, closed:     5 us, I/O:  22838 us, total:  30445 us, speed:   437 KB/s, CRC32: 0xC61C2AA0
File /test_224.bin: opened:  2482 us, closed:     5 us, I/O:  16930 us, total:  24483 us, speed:   590 KB/s, CRC32: 0xC61C2AA0
File /test_225.bin: opened:  2505 us, closed:     5 us, I/O:  18736 us, total:  26319 us, speed:   533 KB/s, CRC32: 0xC61C2AA0
File /test_226.bin: opened:  2484 us, closed:     5 us, I/O:  16944 us, total:  24482 us, speed:   590 KB/s, CRC32: 0xC61C2AA0
File /test_227.bin: opened:  2492 us, closed:     5 us, I/O:  22878 us, total:  30465 us, speed:   437 KB/s, CRC32: 0xC61C2AA0
File /test_228.bin: opened:  2492 us, closed:     5 us, I/O:  16956 us, total:  24516 us, speed:   589 KB/s, CRC32: 0xC61C2AA0
File /test_229.bin: opened:  2479 us, closed:     5 us, I/O:  18694 us, total:  26227 us, speed:   534 KB/s, CRC32: 0xC61C2AA0
File /test_230.bin: opened:  2469 us, closed:     5 us, I/O:  16916 us, total:  24432 us, speed:   591 KB/s, CRC32: 0xC61C2AA0
File /test_231.bin: opened:  2475 us, closed:     5 us, I/O:  16931 us, total:  30412 us, speed:   590 KB/s, CRC32: 0xC61C2AA0
File /test_232.bin: opened:  2480 us, closed:     5 us, I/O:  16988 us, total:  24495 us, speed:   588 KB/s, CRC32: 0xC61C2AA0
File /test_233.bin: opened:  2502 us, closed:     5 us, I/O:  18707 us, total:  26291 us, speed:   534 KB/s, CRC32: 0xC61C2AA0
File /test_234.bin: opened:  2531 us, closed:     5 us, I/O:  22818 us, total:  30418 us, speed:   438 KB/s, CRC32: 0xC61C2AA0
File /test_235.bin: opened:  2502 us, closed:     5 us, I/O:  16964 us, total:  24551 us, speed:   589 KB/s, CRC32: 0xC61C2AA0
File /test_236.bin: opened:  2521 us, closed:     5 us, I/O:  16967 us, total:  24539 us, speed:   589 KB/s, CRC32: 0xC61C2AA0
File /test_237.bin: opened:  2503 us, closed:     5 us, I/O:  18665 us, total:  26243 us, speed:   535 KB/s, CRC32: 0xC61C2AA0
File /test_238.bin: opened:  2486 us, closed:     5 us, I/O:  22900 us, total:  30803 us, speed:   436 KB/s, CRC32: 0xC61C2AA0
File /test_239.bin: opened:  2509 us, closed:     5 us, I/O:  16960 us, total:  24615 us, speed:   589 KB/s, CRC32: 0xC61C2AA0
File /test_240.bin: opened:  2503 us, closed:     8 us, I/O:  16957 us, total:  24572 us, speed:   589 KB/s, CRC32: 0xC61C2AA0
File /test_241.bin: opened:  2507 us, closed:     5 us, I/O:  18781 us, total:  26360 us, speed:   532 KB/s, CRC32: 0xC61C2AA0
File /test_242.bin: opened:  2512 us, closed:     5 us, I/O:  16950 us, total:  30539 us, speed:   589 KB/s, CRC32: 0xC61C2AA0
File /test_243.bin: opened:  2499 us, closed:     5 us, I/O:  16963 us, total:  24535 us, speed:   589 KB/s, CRC32: 0xC61C2AA0
File /test_244.bin: opened:  2521 us, closed:     5 us, I/O:  16962 us, total:  24582 us, speed:   589 KB/s, CRC32: 0xC61C2AA0
File /test_245.bin: opened:  3847 us, closed:     5 us, I/O:  23284 us, total:  32170 us, speed:   429 KB/s, CRC32: 0xC61C2AA0
File /test_246.bin: opened:  2531 us, closed:     5 us, I/O:  16952 us, total:  24547 us, speed:   589 KB/s, CRC32: 0xC61C2AA0
File /test_247.bin: opened:  2522 us, closed:     5 us, I/O:  16928 us, total:  24821 us, speed:   590 KB/s, CRC32: 0xC61C2AA0
File /test_248.bin: opened:  2489 us, closed:     5 us, I/O:  16927 us, total:  24518 us, speed:   590 KB/s, CRC32: 0xC61C2AA0
File /test_249.bin: opened:  4277 us, closed:     5 us, I/O:  22869 us, total:  32229 us, speed:   437 KB/s, CRC32: 0xC61C2AA0
File /test_250.bin: opened:  2508 us, closed:     5 us, I/O:  16944 us, total:  24531 us, speed:   590 KB/s, CRC32: 0xC61C2AA0
File /test_251.bin: opened:  2492 us, closed:     8 us, I/O:  16996 us, total:  24530 us, speed:   588 KB/s, CRC32: 0xC61C2AA0
File /test_252.bin: opened:  2511 us, closed:     5 us, I/O:  18244 us, total:  25829 us, speed:   548 KB/s, CRC32: 0xC61C2AA0
File /test_253.bin: opened:  3007 us, closed:     5 us, I/O:  16934 us, total:  30993 us, speed:   590 KB/s, CRC32: 0xC61C2AA0
File /test_254.bin: opened:  2545 us, closed:     5 us, I/O:  16979 us, total:  24607 us, speed:   588 KB/s, CRC32: 0xC61C2AA0
File /test_255.bin: opened:  2517 us, closed:     5 us, I/O:  16926 us, total:  24503 us, speed:   590 KB/s, CRC32: 0xC61C2AA0
File /test_256.bin: opened:  2509 us, closed:     5 us, I/O:  24619 us, total:  32226 us, speed:   406 KB/s, CRC32: 0xC61C2AA0
File /test_257.bin: opened:  2511 us, closed:     5 us, I/O:  16961 us, total:  24544 us, speed:   589 KB/s, CRC32: 0xC61C2AA0
File /test_258.bin: opened:  2538 us, closed:     9 us, I/O:  16918 us, total:  24564 us, speed:   591 KB/s, CRC32: 0xC61C2AA0
File /test_259.bin: opened:  2536 us, closed:     5 us, I/O:  16966 us, total:  24574 us, speed:   589 KB/s, CRC32: 0xC61C2AA0
File /test_260.bin: opened:  2507 us, closed:     5 us, I/O:  24637 us, total:  32232 us, speed:   405 KB/s, CRC32: 0xC61C2AA0
File /test_261.bin: opened:  2518 us, closed:     5 us, I/O:  16951 us, total:  24531 us, speed:   589 KB/s, CRC32: 0xC61C2AA0
File /test_262.bin: opened:  2534 us, closed:     5 us, I/O:  16980 us, total:  24619 us, speed:   588 KB/s, CRC32: 0xC61C2AA0
File /test_263.bin: opened:  2543 us, closed:     5 us, I/O:  16944 us, total:  24516 us, speed:   590 KB/s, CRC32: 0xC61C2AA0
File /test_264.bin: opened:  2512 us, closed:     5 us, I/O:  18691 us, total:  32255 us, speed:   535 KB/s, CRC32: 0xC61C2AA0
File /test_265.bin: opened:  2495 us, closed:     5 us, I/O:  16947 us, total:  24460 us, speed:   590 KB/s, CRC32: 0xC61C2AA0
File /test_266.bin: opened:  2502 us, closed:     5 us, I/O:  16985 us, total:  24537 us, speed:   588 KB/s, CRC32: 0xC61C2AA0
File /test_267.bin: opened:  2496 us, closed:     5 us, I/O:  22895 us, total:  30469 us, speed:   436 KB/s, CRC32: 0xC61C2AA0
File /test_268.bin: opened:  2507 us, closed:     5 us, I/O:  18676 us, total:  26295 us, speed:   535 KB/s, CRC32: 0xC61C2AA0
File /test_269.bin: opened:  2537 us, closed:     5 us, I/O:  16986 us, total:  24590 us, speed:   588 KB/s, CRC32: 0xC61C2AA0
File /test_270.bin: opened:  2518 us, closed:     5 us, I/O:  16947 us, total:  24568 us, speed:   590 KB/s, CRC32: 0xC61C2AA0
File /test_271.bin: opened:  2523 us, closed:     5 us, I/O:  22878 us, total:  30490 us, speed:   437 KB/s, CRC32: 0xC61C2AA0
File /test_272.bin: opened:  2528 us, closed:     5 us, I/O:  18680 us, total:  26305 us, speed:   535 KB/s, CRC32: 0xC61C2AA0
File /test_273.bin: opened:  2517 us, closed:     5 us, I/O:  16937 us, total:  24544 us, speed:   590 KB/s, CRC32: 0xC61C2AA0
File /test_274.bin: opened:  2552 us, closed:     5 us, I/O:  16930 us, total:  24517 us, speed:   590 KB/s, CRC32: 0xC61C2AA0
File /test_275.bin: opened:  2509 us, closed:     5 us, I/O:  16949 us, total:  30459 us, speed:   590 KB/s, CRC32: 0xC61C2AA0
File /test_276.bin: opened:  2532 us, closed:     5 us, I/O:  18700 us, total:  26256 us, speed:   534 KB/s, CRC32: 0xC61C2AA0
File /test_277.bin: opened:  2528 us, closed:     5 us, I/O:  16975 us, total:  24590 us, speed:   589 KB/s, CRC32: 0xC61C2AA0
File /test_278.bin: opened:  2532 us, closed:     5 us, I/O:  22821 us, total:  30406 us, speed:   438 KB/s, CRC32: 0xC61C2AA0
File /test_279.bin: opened:  2520 us, closed:     5 us, I/O:  16974 us, total:  24562 us, speed:   589 KB/s, CRC32: 0xC61C2AA0
File /test_280.bin: opened:  2564 us, closed:     9 us, I/O:  18715 us, total:  26360 us, speed:   534 KB/s, CRC32: 0xC61C2AA0
File /test_281.bin: opened:  2563 us, closed:     5 us, I/O:  16919 us, total:  24571 us, speed:   591 KB/s, CRC32: 0xC61C2AA0
File /test_282.bin: opened:  2545 us, closed:     5 us, I/O:  22866 us, total:  30529 us, speed:   437 KB/s, CRC32: 0xC61C2AA0
File /test_283.bin: opened:  2562 us, closed:     5 us, I/O:  16955 us, total:  24613 us, speed:   589 KB/s, CRC32: 0xC61C2AA0
File /test_284.bin: opened:  2535 us, closed:     5 us, I/O:  18726 us, total:  26332 us, speed:   534 KB/s, CRC32: 0xC61C2AA0
File /test_285.bin: opened:  2529 us, closed:     5 us, I/O:  16916 us, total:  24835 us, speed:   591 KB/s, CRC32: 0xC61C2AA0
File /test_286.bin: opened:  2520 us, closed:     5 us, I/O:  16940 us, total:  30493 us, speed:   590 KB/s, CRC32: 0xC61C2AA0
File /test_287.bin: opened:  2526 us, closed:     5 us, I/O:  16968 us, total:  24521 us, speed:   589 KB/s, CRC32: 0xC61C2AA0
File /test_288.bin: opened:  2524 us, closed:     5 us, I/O:  18716 us, total:  26288 us, speed:   534 KB/s, CRC32: 0xC61C2AA0
File /test_289.bin: opened:  2509 us, closed:     5 us, I/O:  22860 us, total:  30429 us, speed:   437 KB/s, CRC32: 0xC61C2AA0
File /test_290.bin: opened:  2569 us, closed:     5 us, I/O:  16905 us, total:  24528 us, speed:   591 KB/s, CRC32: 0xC61C2AA0
File /test_291.bin: opened:  2551 us, closed:     5 us, I/O:  16938 us, total:  24573 us, speed:   590 KB/s, CRC32: 0xC61C2AA0
File /test_292.bin: opened:  2543 us, closed:     5 us, I/O:  18738 us, total:  26408 us, speed:   533 KB/s, CRC32: 0xC61C2AA0
File /test_293.bin: opened:  2558 us, closed:     5 us, I/O:  22853 us, total:  30437 us, speed:   437 KB/s, CRC32: 0xC61C2AA0
File /test_294.bin: opened:  2540 us, closed:     5 us, I/O:  16983 us, total:  24561 us, speed:   588 KB/s, CRC32: 0xC61C2AA0
File /test_295.bin: opened:  2559 us, closed:     5 us, I/O:  16941 us, total:  24580 us, speed:   590 KB/s, CRC32: 0xC61C2AA0
File /test_296.bin: opened:  2524 us, closed:     5 us, I/O:  18691 us, total:  26299 us, speed:   535 KB/s, CRC32: 0xC61C2AA0
File /test_297.bin: opened:  2543 us, closed:     5 us, I/O:  16909 us, total:  30421 us, speed:   591 KB/s, CRC32: 0xC61C2AA0
File /test_298.bin: opened:  2526 us, closed:     5 us, I/O:  16932 us, total:  24547 us, speed:   590 KB/s, CRC32: 0xC61C2AA0
File /test_299.bin: opened:  2539 us, closed:     5 us, I/O:  16979 us, total:  24575 us, speed:   588 KB/s, CRC32: 0xC61C2AA0
File /test_300.bin: opened:  2528 us, closed:     5 us, I/O:  24692 us, total:  32288 us, speed:   404 KB/s, CRC32: 0xC61C2AA0
File /test_301.bin: opened:  2554 us, closed:     5 us, I/O:  16983 us, total:  24580 us, speed:   588 KB/s, CRC32: 0xC61C2AA0
File /test_302.bin: opened:  2552 us, closed:     5 us, I/O:  16931 us, total:  24596 us, speed:   590 KB/s, CRC32: 0xC61C2AA0
File /test_303.bin: opened:  2554 us, closed:     5 us, I/O:  16924 us, total:  24592 us, speed:   590 KB/s, CRC32: 0xC61C2AA0
File /test_304.bin: opened:  2551 us, closed:     5 us, I/O:  24673 us, total:  32320 us, speed:   405 KB/s, CRC32: 0xC61C2AA0
File /test_305.bin: opened:  2554 us, closed:     5 us, I/O:  16935 us, total:  24573 us, speed:   590 KB/s, CRC32: 0xC61C2AA0
File /test_306.bin: opened:  2571 us, closed:     5 us, I/O:  16979 us, total:  24596 us, speed:   588 KB/s, CRC32: 0xC61C2AA0
File /test_307.bin: opened:  2560 us, closed:     5 us, I/O:  16935 us, total:  24533 us, speed:   590 KB/s, CRC32: 0xC61C2AA0
File /test_308.bin: opened:  3879 us, closed:     5 us, I/O:  23353 us, total:  32311 us, speed:   428 KB/s, CRC32: 0xC61C2AA0
File /test_309.bin: opened:  2570 us, closed:     5 us, I/O:  16953 us, total:  24601 us, speed:   589 KB/s, CRC32: 0xC61C2AA0
File /test_310.bin: opened:  2524 us, closed:     5 us, I/O:  16973 us, total:  24579 us, speed:   589 KB/s, CRC32: 0xC61C2AA0
File /test_311.bin: opened:  2531 us, closed:     5 us, I/O:  16949 us, total:  24566 us, speed:   590 KB/s, CRC32: 0xC61C2AA0
File /test_312.bin: opened: 10314 us, closed:     5 us, I/O:  16941 us, total:  32305 us, speed:   590 KB/s, CRC32: 0xC61C2AA0
File /test_313.bin: opened:  2576 us, closed:     5 us, I/O:  16930 us, total:  24591 us, speed:   590 KB/s, CRC32: 0xC61C2AA0
File /test_314.bin: opened:  2583 us, closed:     5 us, I/O:  16912 us, total:  24547 us, speed:   591 KB/s, CRC32: 0xC61C2AA0
File /test_315.bin: opened:  2568 us, closed:     8 us, I/O:  24226 us, total:  31873 us, speed:   412 KB/s, CRC32: 0xC61C2AA0
File /test_316.bin: opened:  3025 us, closed:     5 us, I/O:  16919 us, total:  24995 us, speed:   591 KB/s, CRC32: 0xC61C2AA0
File /test_317.bin: opened:  2565 us, closed:     5 us, I/O:  16947 us, total:  24532 us, speed:   590 KB/s, CRC32: 0xC61C2AA0
File /test_318.bin: opened:  2564 us, closed:     5 us, I/O:  16903 us, total:  24568 us, speed:   591 KB/s, CRC32: 0xC61C2AA0
File /test_319.bin: opened:  2561 us, closed:     5 us, I/O:  24677 us, total:  32262 us, speed:   405 KB/s, CRC32: 0xC61C2AA0
File /test_320.bin: opened:  2547 us, closed:     5 us, I/O:  16938 us, total:  24584 us, speed:   590 KB/s, CRC32: 0xC61C2AA0
File /test_321.bin: opened:  2565 us, closed:     5 us, I/O:  16949 us, total:  24592 us, speed:   590 KB/s, CRC32: 0xC61C2AA0
File /test_322.bin: opened:  2573 us, closed:     5 us, I/O:  16950 us, total:  24578 us, speed:   589 KB/s, CRC32: 0xC61C2AA0
File /test_323.bin: opened:  8465 us, closed:     5 us, I/O:  18717 us, total:  32230 us, speed:   534 KB/s, CRC32: 0xC61C2AA0
File /test_324.bin: opened:  2581 us, closed:     5 us, I/O:  16940 us, total:  24584 us, speed:   590 KB/s, CRC32: 0xC61C2AA0
File /test_325.bin: opened:  2592 us, closed:     5 us, I/O:  16926 us, total:  24673 us, speed:   590 KB/s, CRC32: 0xC61C2AA0
File /test_326.bin: opened:  2553 us, closed:     5 us, I/O:  22843 us, total:  30432 us, speed:   437 KB/s, CRC32: 0xC61C2AA0
File /test_327.bin: opened:  2581 us, closed:     5 us, I/O:  18765 us, total:  26395 us, speed:   532 KB/s, CRC32: 0xC61C2AA0
File /test_328.bin: opened:  2561 us, closed:     5 us, I/O:  16983 us, total:  24587 us, speed:   588 KB/s, CRC32: 0xC61C2AA0
File /test_329.bin: opened:  2570 us, closed:     5 us, I/O:  16928 us, total:  24530 us, speed:   590 KB/s, CRC32: 0xC61C2AA0
File /test_330.bin: opened:  2595 us, closed:     5 us, I/O:  22860 us, total:  30533 us, speed:   437 KB/s, CRC32: 0xC61C2AA0
File /test_331.bin: opened:  2573 us, closed:     5 us, I/O:  18708 us, total:  26367 us, speed:   534 KB/s, CRC32: 0xC61C2AA0
File /test_332.bin: opened:  2601 us, closed:     5 us, I/O:  16964 us, total:  24608 us, speed:   589 KB/s, CRC32: 0xC61C2AA0
File /test_333.bin: opened:  2588 us, closed:     5 us, I/O:  16956 us, total:  24599 us, speed:   589 KB/s, CRC32: 0xC61C2AA0
File /test_334.bin: opened:  8538 us, closed:     5 us, I/O:  16917 us, total:  30535 us, speed:   591 KB/s, CRC32: 0xC61C2AA0
File /test_335.bin: opened:  2589 us, closed:     5 us, I/O:  18747 us, total:  26416 us, speed:   533 KB/s, CRC32: 0xC61C2AA0
File /test_336.bin: opened:  2598 us, closed:     5 us, I/O:  16931 us, total:  24600 us, speed:   590 KB/s, CRC32: 0xC61C2AA0
File /test_337.bin: opened:  2612 us, closed:     5 us, I/O:  22895 us, total:  30598 us, speed:   436 KB/s, CRC32: 0xC61C2AA0
File /test_338.bin: opened:  2603 us, closed:     5 us, I/O:  16948 us, total:  24634 us, speed:   590 KB/s, CRC32: 0xC61C2AA0
File /test_339.bin: opened:  2578 us, closed:     5 us, I/O:  18715 us, total:  26304 us, speed:   534 KB/s, CRC32: 0xC61C2AA0
File /test_340.bin: opened:  2574 us, closed:     5 us, I/O:  16918 us, total:  24581 us, speed:   591 KB/s, CRC32: 0xC61C2AA0
File /test_341.bin: opened:  2636 us, closed:     5 us, I/O:  22864 us, total:  30549 us, speed:   437 KB/s, CRC32: 0xC61C2AA0
File /test_342.bin: opened:  2574 us, closed:     5 us, I/O:  16936 us, total:  24597 us, speed:   590 KB/s, CRC32: 0xC61C2AA0
File /test_343.bin: opened:  2621 us, closed:     5 us, I/O:  18787 us, total:  26502 us, speed:   532 KB/s, CRC32: 0xC61C2AA0
File /test_344.bin: opened:  2608 us, closed:     5 us, I/O:  16903 us, total:  24603 us, speed:   591 KB/s, CRC32: 0xC61C2AA0
File /test_345.bin: opened:  8539 us, closed:     5 us, I/O:  16945 us, total:  30558 us, speed:   590 KB/s, CRC32: 0xC61C2AA0
File /test_346.bin: opened:  2595 us, closed:     5 us, I/O:  16926 us, total:  24582 us, speed:   590 KB/s, CRC32: 0xC61C2AA0
File /test_347.bin: opened:  2590 us, closed:     5 us, I/O:  18745 us, total:  26406 us, speed:   533 KB/s, CRC32: 0xC61C2AA0
File /test_348.bin: opened:  2590 us, closed:     5 us, I/O:  22866 us, total:  30500 us, speed:   437 KB/s, CRC32: 0xC61C2AA0
File /test_349.bin: opened:  2571 us, closed:     5 us, I/O:  16969 us, total:  24592 us, speed:   589 KB/s, CRC32: 0xC61C2AA0
File /test_350.bin: opened:  2593 us, closed:     5 us, I/O:  16941 us, total:  24626 us, speed:   590 KB/s, CRC32: 0xC61C2AA0
File /test_351.bin: opened:  2608 us, closed:     5 us, I/O:  18691 us, total:  26439 us, speed:   535 KB/s, CRC32: 0xC61C2AA0
File /test_352.bin: opened:  2608 us, closed:     5 us, I/O:  22839 us, total:  30530 us, speed:   437 KB/s, CRC32: 0xC61C2AA0
File /test_353.bin: opened:  2629 us, closed:     5 us, I/O:  16984 us, total:  24677 us, speed:   588 KB/s, CRC32: 0xC61C2AA0
File /test_354.bin: opened:  2620 us, closed:     5 us, I/O:  16969 us, total:  24631 us, speed:   589 KB/s, CRC32: 0xC61C2AA0
File /test_355.bin: opened:  2587 us, closed:     5 us, I/O:  18690 us, total:  26362 us, speed:   535 KB/s, CRC32: 0xC61C2AA0
File /test_356.bin: opened:  2593 us, closed:     5 us, I/O:  16946 us, total:  30554 us, speed:   590 KB/s, CRC32: 0xC61C2AA0
File /test_357.bin: opened:  2617 us, closed:     8 us, I/O:  16946 us, total:  24627 us, speed:   590 KB/s, CRC32: 0xC61C2AA0
File /test_358.bin: opened:  2603 us, closed:     5 us, I/O:  16932 us, total:  24617 us, speed:   590 KB/s, CRC32: 0xC61C2AA0
File /test_359.bin: opened:  2608 us, closed:     5 us, I/O:  24649 us, total:  32378 us, speed:   405 KB/s, CRC32: 0xC61C2AA0
File /test_360.bin: opened:  2593 us, closed:     5 us, I/O:  16914 us, total:  24577 us, speed:   591 KB/s, CRC32: 0xC61C2AA0
File /test_361.bin: opened:  2599 us, closed:     5 us, I/O:  16911 us, total:  24612 us, speed:   591 KB/s, CRC32: 0xC61C2AA0
File /test_362.bin: opened:  2625 us, closed:     5 us, I/O:  16917 us, total:  24623 us, speed:   591 KB/s, CRC32: 0xC61C2AA0
File /test_363.bin: opened:  2612 us, closed:     5 us, I/O:  24619 us, total:  32303 us, speed:   406 KB/s, CRC32: 0xC61C2AA0
File /test_364.bin: opened:  2613 us, closed:     5 us, I/O:  16945 us, total:  24666 us, speed:   590 KB/s, CRC32: 0xC61C2AA0
File /test_365.bin: opened:  2602 us, closed:     5 us, I/O:  16957 us, total:  24666 us, speed:   589 KB/s, CRC32: 0xC61C2AA0
File /test_366.bin: opened:  2599 us, closed:     5 us, I/O:  16951 us, total:  24589 us, speed:   589 KB/s, CRC32: 0xC61C2AA0
File /test_367.bin: opened:  8510 us, closed:     5 us, I/O:  18717 us, total:  32278 us, speed:   534 KB/s, CRC32: 0xC61C2AA0
File /test_368.bin: opened:  2600 us, closed:     5 us, I/O:  16965 us, total:  24634 us, speed:   589 KB/s, CRC32: 0xC61C2AA0
File /test_369.bin: opened:  2593 us, closed:     5 us, I/O:  16911 us, total:  24593 us, speed:   591 KB/s, CRC32: 0xC61C2AA0
File /test_370.bin: opened:  2620 us, closed:     5 us, I/O:  22806 us, total:  30527 us, speed:   438 KB/s, CRC32: 0xC61C2AA0
File /test_371.bin: opened:  3944 us, closed:     5 us, I/O:  17384 us, total:  26422 us, speed:   575 KB/s, CRC32: 0xC61C2AA0
File /test_372.bin: opened:  2620 us, closed:     5 us, I/O:  16930 us, total:  24625 us, speed:   590 KB/s, CRC32: 0xC61C2AA0
File /test_373.bin: opened:  2616 us, closed:     5 us, I/O:  16930 us, total:  24635 us, speed:   590 KB/s, CRC32: 0xC61C2AA0
File /test_374.bin: opened:  2617 us, closed:     5 us, I/O:  22855 us, total:  30573 us, speed:   437 KB/s, CRC32: 0xC61C2AA0
File /test_375.bin: opened:  4390 us, closed:     5 us, I/O:  16941 us, total:  26404 us, speed:   590 KB/s, CRC32: 0xC61C2AA0
File /test_376.bin: opened:  2624 us, closed:     5 us, I/O:  16950 us, total:  24626 us, speed:   589 KB/s, CRC32: 0xC61C2AA0
File /test_377.bin: opened:  2607 us, closed:     5 us, I/O:  16952 us, total:  24638 us, speed:   589 KB/s, CRC32: 0xC61C2AA0
File /test_378.bin: opened:  8565 us, closed:     5 us, I/O:  18312 us, total:  31955 us, speed:   546 KB/s, CRC32: 0xC61C2AA0
File /test_379.bin: opened:  3062 us, closed:     5 us, I/O:  16937 us, total:  25088 us, speed:   590 KB/s, CRC32: 0xC61C2AA0
File /test_380.bin: opened:  2615 us, closed:     5 us, I/O:  16888 us, total:  24560 us, speed:   592 KB/s, CRC32: 0xC61C2AA0
File /test_381.bin: opened:  2611 us, closed:     5 us, I/O:  22868 us, total:  30577 us, speed:   437 KB/s, CRC32: 0xC61C2AA0
File /test_382.bin: opened:  2646 us, closed:     5 us, I/O:  18748 us, total:  26446 us, speed:   533 KB/s, CRC32: 0xC61C2AA0
File /test_383.bin: opened:  2612 us, closed:     5 us, I/O:  16968 us, total:  24628 us, speed:   589 KB/s, CRC32: 0xC61C2AA0
File /test_384.bin: opened:  2620 us, closed:     5 us, I/O:  16886 us, total:  24597 us, speed:   592 KB/s, CRC32: 0xC61C2AA0
File /test_385.bin: opened:  2609 us, closed:     5 us, I/O:  22903 us, total:  30536 us, speed:   436 KB/s, CRC32: 0xC61C2AA0
File /test_386.bin: opened:  2591 us, closed:     5 us, I/O:  18691 us, total:  26370 us, speed:   535 KB/s, CRC32: 0xC61C2AA0
File /test_387.bin: opened:  2596 us, closed:     5 us, I/O:  16970 us, total:  24645 us, speed:   589 KB/s, CRC32: 0xC61C2AA0
File /test_388.bin: opened:  2579 us, closed:     5 us, I/O:  16961 us, total:  24619 us, speed:   589 KB/s, CRC32: 0xC61C2AA0
File /test_389.bin: opened:  8540 us, closed:     5 us, I/O:  16943 us, total:  30561 us, speed:   590 KB/s, CRC32: 0xC61C2AA0
File /test_390.bin: opened:  2632 us, closed:     5 us, I/O:  18722 us, total:  26490 us, speed:   534 KB/s, CRC32: 0xC61C2AA0
File /test_391.bin: opened:  2646 us, closed:     5 us, I/O:  16943 us, total:  24673 us, speed:   590 KB/s, CRC32: 0xC61C2AA0
File /test_392.bin: opened:  2647 us, closed:     5 us, I/O:  22879 us, total:  30616 us, speed:   437 KB/s, CRC32: 0xC61C2AA0
File /test_393.bin: opened:  2642 us, closed:     5 us, I/O:  16927 us, total:  24657 us, speed:   590 KB/s, CRC32: 0xC61C2AA0
File /test_394.bin: opened:  2627 us, closed:     5 us, I/O:  18729 us, total:  26458 us, speed:   533 KB/s, CRC32: 0xC61C2AA0
File /test_395.bin: opened:  2609 us, closed:     5 us, I/O:  16930 us, total:  24601 us, speed:   590 KB/s, CRC32: 0xC61C2AA0
File /test_396.bin: opened:  2615 us, closed:     5 us, I/O:  22832 us, total:  30586 us, speed:   437 KB/s, CRC32: 0xC61C2AA0
File /test_397.bin: opened:  2611 us, closed:     5 us, I/O:  16919 us, total:  24626 us, speed:   591 KB/s, CRC32: 0xC61C2AA0
File /test_398.bin: opened:  2604 us, closed:     5 us, I/O:  18734 us, total:  26437 us, speed:   533 KB/s, CRC32: 0xC61C2AA0
File /test_399.bin: opened:  2605 us, closed:     5 us, I/O:  16884 us, total:  24568 us, speed:   592 KB/s, CRC32: 0xC61C2AA0
File /test_400.bin: opened:  2627 us, closed:     5 us, I/O:  16959 us, total:  24630 us, speed:   589 KB/s, CRC32: 0xC61C2AA0
File /test_401.bin: opened:  2629 us, closed:     5 us, I/O:  16906 us, total:  24605 us, speed:   591 KB/s, CRC32: 0xC61C2AA0
File /test_402.bin: opened:  2624 us, closed:     5 us, I/O:  18747 us, total:  26467 us, speed:   533 KB/s, CRC32: 0xC61C2AA0
File /test_403.bin: opened:  2650 us, closed:     5 us, I/O:  22850 us, total:  30576 us, speed:   437 KB/s, CRC32: 0xC61C2AA0
File /test_404.bin: opened:  2657 us, closed:     5 us, I/O:  16900 us, total:  24618 us, speed:   591 KB/s, CRC32: 0xC61C2AA0
File /test_405.bin: opened:  2653 us, closed:     5 us, I/O:  16953 us, total:  24653 us, speed:   589 KB/s, CRC32: 0xC61C2AA0
File /test_406.bin: opened:  2644 us, closed:     5 us, I/O:  18730 us, total:  26494 us, speed:   533 KB/s, CRC32: 0xC61C2AA0
File /test_407.bin: opened:  2664 us, closed:     5 us, I/O:  16934 us, total:  30611 us, speed:   590 KB/s, CRC32: 0xC61C2AA0
File /test_408.bin: opened:  2631 us, closed:     5 us, I/O:  16911 us, total:  24637 us, speed:   591 KB/s, CRC32: 0xC61C2AA0
File /test_409.bin: opened:  2689 us, closed:     5 us, I/O:  16956 us, total:  24711 us, speed:   589 KB/s, CRC32: 0xC61C2AA0
File /test_410.bin: opened:  2624 us, closed:     5 us, I/O:  24727 us, total:  32446 us, speed:   404 KB/s, CRC32: 0xC61C2AA0
File /test_411.bin: opened:  2649 us, closed:     5 us, I/O:  16931 us, total:  24602 us, speed:   590 KB/s, CRC32: 0xC61C2AA0
File /test_412.bin: opened:  2650 us, closed:     5 us, I/O:  16922 us, total:  24669 us, speed:   590 KB/s, CRC32: 0xC61C2AA0
File /test_413.bin: opened:  2668 us, closed:     5 us, I/O:  16951 us, total:  24684 us, speed:   589 KB/s, CRC32: 0xC61C2AA0
File /test_414.bin: opened:  2654 us, closed:     5 us, I/O:  24638 us, total:  32344 us, speed:   405 KB/s, CRC32: 0xC61C2AA0
File /test_415.bin: opened:  2662 us, closed:     5 us, I/O:  16966 us, total:  24673 us, speed:   589 KB/s, CRC32: 0xC61C2AA0
File /test_416.bin: opened:  2655 us, closed:     5 us, I/O:  16965 us, total:  24708 us, speed:   589 KB/s, CRC32: 0xC61C2AA0
File /test_417.bin: opened:  2647 us, closed:     5 us, I/O:  16927 us, total:  24695 us, speed:   590 KB/s, CRC32: 0xC61C2AA0
File /test_418.bin: opened:  2690 us, closed:     5 us, I/O:  24612 us, total:  32374 us, speed:   406 KB/s, CRC32: 0xC61C2AA0
File /test_419.bin: opened:  2695 us, closed:     5 us, I/O:  16955 us, total:  24771 us, speed:   589 KB/s, CRC32: 0xC61C2AA0
File /test_420.bin: opened:  2644 us, closed:     9 us, I/O:  16940 us, total:  24613 us, speed:   590 KB/s, CRC32: 0xC61C2AA0
File /test_421.bin: opened:  2645 us, closed:     5 us, I/O:  16905 us, total:  24653 us, speed:   591 KB/s, CRC32: 0xC61C2AA0
File /test_422.bin: opened:  2651 us, closed:     5 us, I/O:  18728 us, total:  26419 us, speed:   533 KB/s, CRC32: 0xC61C2AA0
File /test_423.bin: opened:  2666 us, closed:     5 us, I/O:  16970 us, total:  24692 us, speed:   589 KB/s, CRC32: 0xC61C2AA0
File /test_424.bin: opened:  2684 us, closed:     9 us, I/O:  16944 us, total:  24729 us, speed:   590 KB/s, CRC32: 0xC61C2AA0
File /test_425.bin: opened:  2653 us, closed:     5 us, I/O:  22883 us, total:  30600 us, speed:   437 KB/s, CRC32: 0xC61C2AA0
File /test_426.bin: opened:  2671 us, closed:     5 us, I/O:  18784 us, total:  26515 us, speed:   532 KB/s, CRC32: 0xC61C2AA0
File /test_427.bin: opened:  2653 us, closed:     5 us, I/O:  16935 us, total:  24654 us, speed:   590 KB/s, CRC32: 0xC61C2AA0
File /test_428.bin: opened:  2653 us, closed:     5 us, I/O:  16907 us, total:  24600 us, speed:   591 KB/s, CRC32: 0xC61C2AA0
File /test_429.bin: opened:  2652 us, closed:     5 us, I/O:  16944 us, total:  30629 us, speed:   590 KB/s, CRC32: 0xC61C2AA0
File /test_430.bin: opened:  2635 us, closed:     5 us, I/O:  18728 us, total:  26434 us, speed:   533 KB/s, CRC32: 0xC61C2AA0
File /test_431.bin: opened:  2647 us, closed:     5 us, I/O:  16902 us, total:  24607 us, speed:   591 KB/s, CRC32: 0xC61C2AA0
File /test_432.bin: opened:  2681 us, closed:     9 us, I/O:  22801 us, total:  30569 us, speed:   438 KB/s, CRC32: 0xC61C2AA0
File /test_433.bin: opened:  2699 us, closed:     5 us, I/O:  16946 us, total:  24660 us, speed:   590 KB/s, CRC32: 0xC61C2AA0
File /test_434.bin: opened:  4002 us, closed:     5 us, I/O:  17357 us, total:  26438 us, speed:   576 KB/s, CRC32: 0xC61C2AA0
File /test_435.bin: opened:  2699 us, closed:     5 us, I/O:  16954 us, total:  24754 us, speed:   589 KB/s, CRC32: 0xC61C2AA0
File /test_436.bin: opened:  2670 us, closed:     5 us, I/O:  22860 us, total:  30593 us, speed:   437 KB/s, CRC32: 0xC61C2AA0
File /test_437.bin: opened:  2669 us, closed:     5 us, I/O:  16934 us, total:  24668 us, speed:   590 KB/s, CRC32: 0xC61C2AA0
File /test_438.bin: opened:  4460 us, closed:     5 us, I/O:  16936 us, total:  26549 us, speed:   590 KB/s, CRC32: 0xC61C2AA0
File /test_439.bin: opened:  2683 us, closed:     5 us, I/O:  16954 us, total:  24704 us, speed:   589 KB/s, CRC32: 0xC61C2AA0
File /test_440.bin: opened:  2645 us, closed:     5 us, I/O:  16935 us, total:  30599 us, speed:   590 KB/s, CRC32: 0xC61C2AA0
File /test_441.bin: opened:  2661 us, closed:     5 us, I/O:  18230 us, total:  25998 us, speed:   548 KB/s, CRC32: 0xC61C2AA0
File /test_442.bin: opened:  3164 us, closed:     5 us, I/O:  16972 us, total:  25179 us, speed:   589 KB/s, CRC32: 0xC61C2AA0
File /test_443.bin: opened:  2667 us, closed:     5 us, I/O:  22870 us, total:  30657 us, speed:   437 KB/s, CRC32: 0xC61C2AA0
File /test_444.bin: opened:  2675 us, closed:     5 us, I/O:  16931 us, total:  24685 us, speed:   590 KB/s, CRC32: 0xC61C2AA0
File /test_445.bin: opened:  2676 us, closed:     5 us, I/O:  18729 us, total:  26513 us, speed:   533 KB/s, CRC32: 0xC61C2AA0
File /test_446.bin: opened:  2661 us, closed:     5 us, I/O:  16937 us, total:  24669 us, speed:   590 KB/s, CRC32: 0xC61C2AA0
File /test_447.bin: opened:  2664 us, closed:     5 us, I/O:  22840 us, total:  30591 us, speed:   437 KB/s, CRC32: 0xC61C2AA0
File /test_448.bin: opened:  2674 us, closed:     5 us, I/O:  16953 us, total:  24669 us, speed:   589 KB/s, CRC32: 0xC61C2AA0
File /test_449.bin: opened:  2664 us, closed:     6 us, I/O: 344721 us, total: 352469 us, speed:    29 KB/s, CRC32: 0xC61C2AA0
File /test_450.bin: opened:  2676 us, closed:     5 us, I/O:  16928 us, total:  30611 us, speed:   590 KB/s, CRC32: 0xC61C2AA0
File /test_451.bin: opened:  2704 us, closed:     5 us, I/O:  16914 us, total:  24695 us, speed:   591 KB/s, CRC32: 0xC61C2AA0
File /test_452.bin: opened:  2672 us, closed:     5 us, I/O:  16932 us, total:  24676 us, speed:   590 KB/s, CRC32: 0xC61C2AA0
File /test_453.bin: opened:  2674 us, closed:     5 us, I/O: 277678 us, total: 285420 us, speed:    36 KB/s, CRC32: 0xC61C2AA0
File /test_454.bin: opened:  2683 us, closed:     8 us, I/O:  16921 us, total:  24661 us, speed:   590 KB/s, CRC32: 0xC61C2AA0
File /test_455.bin: opened:  2664 us, closed:     5 us, I/O:  22913 us, total:  30681 us, speed:   436 KB/s, CRC32: 0xC61C2AA0
File /test_456.bin: opened:  2680 us, closed:     5 us, I/O:  16925 us, total:  24696 us, speed:   590 KB/s, CRC32: 0xC61C2AA0
File /test_457.bin: opened:  2689 us, closed:     5 us, I/O:  18728 us, total:  26537 us, speed:   533 KB/s, CRC32: 0xC61C2AA0
File /test_458.bin: opened:  2669 us, closed:     5 us, I/O:  16961 us, total:  24686 us, speed:   589 KB/s, CRC32: 0xC61C2AA0
File /test_459.bin: opened:  8582 us, closed:     5 us, I/O:  16950 us, total:  30574 us, speed:   589 KB/s, CRC32: 0xC61C2AA0
File /test_460.bin: opened:  2673 us, closed:     5 us, I/O:  16968 us, total:  24692 us, speed:   589 KB/s, CRC32: 0xC61C2AA0
File /test_461.bin: opened:  2694 us, closed:     5 us, I/O: 314279 us, total: 322025 us, speed:    31 KB/s, CRC32: 0xC61C2AA0
File /test_462.bin: opened:  2711 us, closed:     5 us, I/O:  22852 us, total:  30597 us, speed:   437 KB/s, CRC32: 0xC61C2AA0
File /test_463.bin: opened:  2695 us, closed:     5 us, I/O:  16977 us, total:  24737 us, speed:   589 KB/s, CRC32: 0xC61C2AA0
File /test_464.bin: opened:  2677 us, closed:     5 us, I/O:  16953 us, total:  24736 us, speed:   589 KB/s, CRC32: 0xC61C2AA0
File /test_465.bin: opened:  2681 us, closed:     5 us, I/O: 346104 us, total: 353917 us, speed:    28 KB/s, CRC32: 0xC61C2AA0
File /test_466.bin: opened:  2675 us, closed:     5 us, I/O:  16937 us, total:  24701 us, speed:   590 KB/s, CRC32: 0xC61C2AA0
File /test_467.bin: opened:  2653 us, closed:     5 us, I/O:  16942 us, total:  24621 us, speed:   590 KB/s, CRC32: 0xC61C2AA0
File /test_468.bin: opened:  2673 us, closed:     5 us, I/O:  16934 us, total:  24636 us, speed:   590 KB/s, CRC32: 0xC61C2AA0
File /test_469.bin: opened:  2671 us, closed:     5 us, I/O: 296566 us, total: 304326 us, speed:    33 KB/s, CRC32: 0xC61C2AA0
File /test_470.bin: opened:  2690 us, closed:     5 us, I/O:  16926 us, total:  30660 us, speed:   590 KB/s, CRC32: 0xC61C2AA0
File /test_471.bin: opened:  2693 us, closed:     8 us, I/O:  16925 us, total:  24680 us, speed:   590 KB/s, CRC32: 0xC61C2AA0
File /test_472.bin: opened:  2719 us, closed:     5 us, I/O:  16941 us, total:  24773 us, speed:   590 KB/s, CRC32: 0xC61C2AA0
File /test_473.bin: opened:  2699 us, closed:     5 us, I/O: 347517 us, total: 355377 us, speed:    28 KB/s, CRC32: 0xC61C2AA0
File /test_474.bin: opened:  2705 us, closed:     5 us, I/O:  16949 us, total:  24732 us, speed:   590 KB/s, CRC32: 0xC61C2AA0
File /test_475.bin: opened:  2682 us, closed:     5 us, I/O:  16937 us, total:  24730 us, speed:   590 KB/s, CRC32: 0xC61C2AA0
File /test_476.bin: opened:  2685 us, closed:     5 us, I/O:  22885 us, total:  30650 us, speed:   436 KB/s, CRC32: 0xC61C2AA0
File /test_477.bin: opened:  2680 us, closed:     5 us, I/O: 299966 us, total: 307732 us, speed:    33 KB/s, CRC32: 0xC61C2AA0
File /test_478.bin: opened:  2669 us, closed:     5 us, I/O:  16950 us, total:  24776 us, speed:   589 KB/s, CRC32: 0xC61C2AA0
File /test_479.bin: opened:  2691 us, closed:     5 us, I/O:  16925 us, total:  24715 us, speed:   590 KB/s, CRC32: 0xC61C2AA0
File /test_480.bin: opened:  2687 us, closed:     5 us, I/O:  16908 us, total:  24648 us, speed:   591 KB/s, CRC32: 0xC61C2AA0
File /test_481.bin: opened:  8676 us, closed:     5 us, I/O:  18779 us, total:  32530 us, speed:   532 KB/s, CRC32: 0xC61C2AA0
File /test_482.bin: opened:  2698 us, closed:     5 us, I/O:  16912 us, total:  24768 us, speed:   591 KB/s, CRC32: 0xC61C2AA0
File /test_483.bin: opened:  2700 us, closed:     5 us, I/O:  16922 us, total:  24686 us, speed:   590 KB/s, CRC32: 0xC61C2AA0
File /test_484.bin: opened:  2708 us, closed:     5 us, I/O:  22895 us, total:  30680 us, speed:   436 KB/s, CRC32: 0xC61C2AA0
File /test_485.bin: opened:  2714 us, closed:     5 us, I/O: 297883 us, total: 305683 us, speed:    33 KB/s, CRC32: 0xC61C2AA0
File /test_486.bin: opened:  2681 us, closed:     5 us, I/O:  16890 us, total:  24616 us, speed:   592 KB/s, CRC32: 0xC61C2AA0
File /test_487.bin: opened:  2702 us, closed:     5 us, I/O:  17002 us, total:  24740 us, speed:   588 KB/s, CRC32: 0xC61C2AA0
File /test_488.bin: opened:  2685 us, closed:     5 us, I/O:  16948 us, total:  24678 us, speed:   590 KB/s, CRC32: 0xC61C2AA0
File /test_489.bin: opened:  2677 us, closed:     5 us, I/O: 327121 us, total: 340843 us, speed:    30 KB/s, CRC32: 0xC61C2AA0
File /test_490.bin: opened:  2732 us, closed:     5 us, I/O:  16938 us, total:  24731 us, speed:   590 KB/s, CRC32: 0xC61C2AA0
File /test_491.bin: opened:  2721 us, closed:     5 us, I/O:  16941 us, total:  24707 us, speed:   590 KB/s, CRC32: 0xC61C2AA0
File /test_492.bin: opened:  2712 us, closed:     5 us, I/O:  22895 us, total:  30716 us, speed:   436 KB/s, CRC32: 0xC61C2AA0
File /test_493.bin: opened:  2710 us, closed:     5 us, I/O: 270452 us, total: 278246 us, speed:    36 KB/s, CRC32: 0xC61C2AA0
File /test_494.bin: opened:  2716 us, closed:     5 us, I/O:  16980 us, total:  30709 us, speed:   588 KB/s, CRC32: 0xC61C2AA0
File /test_495.bin: opened:  2707 us, closed:     5 us, I/O:  16984 us, total:  24766 us, speed:   588 KB/s, CRC32: 0xC61C2AA0
File /test_496.bin: opened:  2692 us, closed:     5 us, I/O:  16938 us, total:  24727 us, speed:   590 KB/s, CRC32: 0xC61C2AA0
File /test_497.bin: opened:  4015 us, closed:     5 us, I/O: 311240 us, total: 320315 us, speed:    32 KB/s, CRC32: 0xC61C2AA0
File /test_498.bin: opened:  8563 us, closed:     5 us, I/O:  16975 us, total:  30574 us, speed:   589 KB/s, CRC32: 0xC61C2AA0
File /test_499.bin: opened:  2681 us, closed:     5 us, I/O:  16950 us, total:  24736 us, speed:   589 KB/s, CRC32: 0xC61C2AA0
File /test_500.bin: opened:  2704 us, closed:     5 us, I/O:  16964 us, total:  24759 us, speed:   589 KB/s, CRC32: 0xC61C2AA0
File /test_501.bin: opened:  4487 us, closed:     5 us, I/O:  22893 us, total:  32451 us, speed:   436 KB/s, CRC32: 0xC61C2AA0
File /test_502.bin: opened:  2720 us, closed:     5 us, I/O:  16958 us, total:  24749 us, speed:   589 KB/s, CRC32: 0xC61C2AA0
File /test_503.bin: opened:  2742 us, closed:     5 us, I/O:  16960 us, total:  24756 us, speed:   589 KB/s, CRC32: 0xC61C2AA0
File /test_504.bin: opened:  2744 us, closed:     5 us, I/O:  18274 us, total:  26043 us, speed:   547 KB/s, CRC32: 0xC61C2AA0
File /test_505.bin: opened: 305572 us, closed:     5 us, I/O:  16922 us, total: 333488 us, speed:   590 KB/s, CRC32: 0xC61C2AA0
File /test_506.bin: opened:  2768 us, closed:     5 us, I/O:  16935 us, total:  24910 us, speed:   590 KB/s, CRC32: 0xC61C2AA0
File /test_507.bin: opened:  2749 us, closed:     5 us, I/O:  16983 us, total:  24779 us, speed:   588 KB/s, CRC32: 0xC61C2AA0
File /test_508.bin: opened:  2709 us, closed:     5 us, I/O:  24618 us, total:  32420 us, speed:   406 KB/s, CRC32: 0xC61C2AA0
File /test_509.bin: opened: 272816 us, closed:     5 us, I/O:  22896 us, total: 300806 us, speed:   436 KB/s, CRC32: 0xC61C2AA0
File /test_510.bin: opened:  2729 us, closed:     5 us, I/O:  16952 us, total:  24782 us, speed:   589 KB/s, CRC32: 0xC61C2AA0
File /test_511.bin: opened:  2702 us, closed:     5 us, I/O:  16956 us, total:  24665 us, speed:   589 KB/s, CRC32: 0xC61C2AA0
File /test_512.bin: opened:  2732 us, closed:     5 us, I/O: 343255 us, total: 351091 us, speed:    29 KB/s, CRC32: 0xC61C2AA0
File /test_513.bin: opened:  2734 us, closed:     5 us, I/O:  16958 us, total:  24784 us, speed:   589 KB/s, CRC32: 0xC61C2AA0
File /test_514.bin: opened:  2754 us, closed:     5 us, I/O:  16919 us, total:  24744 us, speed:   591 KB/s, CRC32: 0xC61C2AA0
File /test_515.bin: opened:  2777 us, closed:     5 us, I/O:  16922 us, total:  24784 us, speed:   590 KB/s, CRC32: 0xC61C2AA0
File /test_516.bin: opened:  2741 us, closed:     5 us, I/O: 311827 us, total: 319632 us, speed:    32 KB/s, CRC32: 0xC61C2AA0
File /test_517.bin: opened:  2739 us, closed:     5 us, I/O:  16929 us, total:  24757 us, speed:   590 KB/s, CRC32: 0xC61C2AA0
File /test_518.bin: opened:  2759 us, closed:     8 us, I/O:  16958 us, total:  24750 us, speed:   589 KB/s, CRC32: 0xC61C2AA0
File /test_519.bin: opened:  2749 us, closed:     5 us, I/O:  16944 us, total:  24745 us, speed:   590 KB/s, CRC32: 0xC61C2AA0
File /test_520.bin: opened:  2713 us, closed:     5 us, I/O: 297855 us, total: 305639 us, speed:    33 KB/s, CRC32: 0xC61C2AA0
File /test_521.bin: opened:  2750 us, closed:     5 us, I/O:  22839 us, total:  30647 us, speed:   437 KB/s, CRC32: 0xC61C2AA0
File /test_522.bin: opened:  2734 us, closed:     5 us, I/O:  16946 us, total:  24763 us, speed:   590 KB/s, CRC32: 0xC61C2AA0
File /test_523.bin: opened:  2735 us, closed:     5 us, I/O:  16983 us, total:  24824 us, speed:   588 KB/s, CRC32: 0xC61C2AA0
File /test_524.bin: opened:  2752 us, closed:     5 us, I/O:  18717 us, total:  26515 us, speed:   534 KB/s, CRC32: 0xC61C2AA0
File /test_525.bin: opened:  2753 us, closed:     5 us, I/O:  16926 us, total:  24743 us, speed:   590 KB/s, CRC32: 0xC61C2AA0
File /test_526.bin: opened:  2763 us, closed:     5 us, I/O:  16962 us, total:  24850 us, speed:   589 KB/s, CRC32: 0xC61C2AA0
File /test_527.bin: opened:  2746 us, closed:     5 us, I/O:  16950 us, total:  24804 us, speed:   589 KB/s, CRC32: 0xC61C2AA0
File /test_528.bin: opened:  2740 us, closed:     5 us, I/O: 351446 us, total: 359295 us, speed:    28 KB/s, CRC32: 0xC61C2AA0
File /test_529.bin: opened:  2727 us, closed:     5 us, I/O:  16965 us, total:  24820 us, speed:   589 KB/s, CRC32: 0xC61C2AA0
File /test_530.bin: opened:  2720 us, closed:     5 us, I/O:  16906 us, total:  24715 us, speed:   591 KB/s, CRC32: 0xC61C2AA0
File /test_531.bin: opened:  2755 us, closed:     5 us, I/O:  16948 us, total:  30706 us, speed:   590 KB/s, CRC32: 0xC61C2AA0
File /test_532.bin: opened:  2749 us, closed:     5 us, I/O: 277977 us, total: 285839 us, speed:    35 KB/s, CRC32: 0xC61C2AA0
File /test_533.bin: opened:  2777 us, closed:     5 us, I/O:  16933 us, total:  24760 us, speed:   590 KB/s, CRC32: 0xC61C2AA0
File /test_534.bin: opened:  2760 us, closed:     5 us, I/O:  16934 us, total:  24739 us, speed:   590 KB/s, CRC32: 0xC61C2AA0
File /test_535.bin: opened:  2761 us, closed:     5 us, I/O:  16909 us, total:  24781 us, speed:   591 KB/s, CRC32: 0xC61C2AA0
File /test_536.bin: opened:  2746 us, closed:     5 us, I/O: 326556 us, total: 334408 us, speed:    30 KB/s, CRC32: 0xC61C2AA0
File /test_537.bin: opened:  2749 us, closed:     5 us, I/O:  16940 us, total:  24744 us, speed:   590 KB/s, CRC32: 0xC61C2AA0
File /test_538.bin: opened:  2729 us, closed:     5 us, I/O:  16979 us, total:  24818 us, speed:   588 KB/s, CRC32: 0xC61C2AA0
File /test_539.bin: opened:  2752 us, closed:     5 us, I/O:  16955 us, total:  24773 us, speed:   589 KB/s, CRC32: 0xC61C2AA0
File /test_540.bin: opened:  8680 us, closed:     5 us, I/O: 349920 us, total: 363640 us, speed:    28 KB/s, CRC32: 0xC61C2AA0
File /test_541.bin: opened:  2774 us, closed:     5 us, I/O:  16963 us, total:  24810 us, speed:   589 KB/s, CRC32: 0xC61C2AA0
File /test_542.bin: opened:  2776 us, closed:     5 us, I/O:  22877 us, total:  30727 us, speed:   437 KB/s, CRC32: 0xC61C2AA0
File /test_543.bin: opened:  2778 us, closed:     5 us, I/O:  16955 us, total:  24835 us, speed:   589 KB/s, CRC32: 0xC61C2AA0
File /test_544.bin: opened:  2747 us, closed:     5 us, I/O:  18771 us, total:  26657 us, speed:   532 KB/s, CRC32: 0xC61C2AA0
File /test_545.bin: opened:  2752 us, closed:     5 us, I/O:  16939 us, total:  24813 us, speed:   590 KB/s, CRC32: 0xC61C2AA0
File /test_546.bin: opened:  2757 us, closed:     5 us, I/O:  16941 us, total:  30745 us, speed:   590 KB/s, CRC32: 0xC61C2AA0
File /test_547.bin: opened:  2749 us, closed:     5 us, I/O:  16959 us, total:  24722 us, speed:   589 KB/s, CRC32: 0xC61C2AA0
File /test_548.bin: opened:  2742 us, closed:     5 us, I/O: 281567 us, total: 289417 us, speed:    35 KB/s, CRC32: 0xC61C2AA0
File /test_549.bin: opened:  2739 us, closed:     5 us, I/O:  16947 us, total:  24724 us, speed:   590 KB/s, CRC32: 0xC61C2AA0
File /test_550.bin: opened:  2766 us, closed:     5 us, I/O:  16935 us, total:  24778 us, speed:   590 KB/s, CRC32: 0xC61C2AA0
File /test_551.bin: opened:  2748 us, closed:     5 us, I/O:  16940 us, total:  30707 us, speed:   590 KB/s, CRC32: 0xC61C2AA0
File /test_552.bin: opened:  2803 us, closed:     5 us, I/O: 385860 us, total: 393760 us, speed:    25 KB/s, CRC32: 0xC61C2AA0
File /test_553.bin: opened:  2770 us, closed:     5 us, I/O:  16931 us, total:  24776 us, speed:   590 KB/s, CRC32: 0xC61C2AA0
File /test_554.bin: opened:  2767 us, closed:     5 us, I/O:  16955 us, total:  24801 us, speed:   589 KB/s, CRC32: 0xC61C2AA0
File /test_555.bin: opened:  2788 us, closed:     5 us, I/O:  16929 us, total:  24897 us, speed:   590 KB/s, CRC32: 0xC61C2AA0
File /test_556.bin: opened:  2759 us, closed:     5 us, I/O: 374362 us, total: 388128 us, speed:    26 KB/s, CRC32: 0xC61C2AA0
File /test_557.bin: opened:  2769 us, closed:     5 us, I/O:  22826 us, total:  30633 us, speed:   438 KB/s, CRC32: 0xC61C2AA0
File /test_558.bin: opened:  2752 us, closed:     5 us, I/O:  16992 us, total:  24812 us, speed:   588 KB/s, CRC32: 0xC61C2AA0
File /test_559.bin: opened:  2766 us, closed:     5 us, I/O:  16965 us, total:  24783 us, speed:   589 KB/s, CRC32: 0xC61C2AA0
File /test_560.bin: opened:  4097 us, closed:     5 us, I/O: 368264 us, total: 377469 us, speed:    27 KB/s, CRC32: 0xC61C2AA0
File /test_561.bin: opened:  2805 us, closed:     5 us, I/O:  16937 us, total:  24811 us, speed:   590 KB/s, CRC32: 0xC61C2AA0
File /test_562.bin: opened:  2789 us, closed:     5 us, I/O:  16910 us, total:  24780 us, speed:   591 KB/s, CRC32: 0xC61C2AA0
File /test_563.bin: opened:  2788 us, closed:     5 us, I/O:  16941 us, total:  30749 us, speed:   590 KB/s, CRC32: 0xC61C2AA0
File /test_564.bin: opened: 331842 us, closed:     5 us, I/O:  16936 us, total: 353897 us, speed:   590 KB/s, CRC32: 0xC61C2AA0
File /test_565.bin: opened:  2779 us, closed:     5 us, I/O:  22838 us, total:  30708 us, speed:   437 KB/s, CRC32: 0xC61C2AA0
File /test_566.bin: opened:  2763 us, closed:     5 us, I/O:  16931 us, total:  24797 us, speed:   590 KB/s, CRC32: 0xC61C2AA0
File /test_567.bin: opened:  2738 us, closed:     5 us, I/O:  18295 us, total:  26136 us, speed:   546 KB/s, CRC32: 0xC61C2AA0
File /test_568.bin: opened:  3192 us, closed:     5 us, I/O:  16925 us, total:  25182 us, speed:   590 KB/s, CRC32: 0xC61C2AA0
File /test_569.bin: opened:  2764 us, closed:     5 us, I/O:  22914 us, total:  30887 us, speed:   436 KB/s, CRC32: 0xC61C2AA0
File /test_570.bin: opened:  2782 us, closed:     5 us, I/O:  16974 us, total:  24817 us, speed:   589 KB/s, CRC32: 0xC61C2AA0
File /test_571.bin: opened:  2803 us, closed:     5 us, I/O:  18746 us, total:  26589 us, speed:   533 KB/s, CRC32: 0xC61C2AA0
File /test_572.bin: opened: 271382 us, closed:     5 us, I/O:  16953 us, total: 293452 us, speed:   589 KB/s, CRC32: 0xC61C2AA0
File /test_573.bin: opened:  2820 us, closed:     5 us, I/O:  16925 us, total:  24819 us, speed:   590 KB/s, CRC32: 0xC61C2AA0
File /test_574.bin: opened:  2778 us, closed:     5 us, I/O:  16944 us, total:  30734 us, speed:   590 KB/s, CRC32: 0xC61C2AA0
File /test_575.bin: opened:  2780 us, closed:     5 us, I/O: 325499 us, total: 333357 us, speed:    30 KB/s, CRC32: 0xC61C2AA0
File /test_576.bin: opened:  2758 us, closed:     5 us, I/O:  16953 us, total:  24778 us, speed:   589 KB/s, CRC32: 0xC61C2AA0
File /test_577.bin: opened:  2773 us, closed:     5 us, I/O:  22846 us, total:  30660 us, speed:   437 KB/s, CRC32: 0xC61C2AA0
File /test_578.bin: opened:  2759 us, closed:     5 us, I/O:  16947 us, total:  24786 us, speed:   590 KB/s, CRC32: 0xC61C2AA0
File /test_579.bin: opened:  2754 us, closed:     5 us, I/O: 342385 us, total: 350159 us, speed:    29 KB/s, CRC32: 0xC61C2AA0
File /test_580.bin: opened:  2792 us, closed:     5 us, I/O:  22890 us, total:  30709 us, speed:   436 KB/s, CRC32: 0xC61C2AA0
File /test_581.bin: opened:  2783 us, closed:     5 us, I/O:  16943 us, total:  24847 us, speed:   590 KB/s, CRC32: 0xC61C2AA0
File /test_582.bin: opened:  2810 us, closed:     5 us, I/O:  17000 us, total:  24859 us, speed:   588 KB/s, CRC32: 0xC61C2AA0
File /test_583.bin: opened:  2765 us, closed:     5 us, I/O: 285324 us, total: 293183 us, speed:    35 KB/s, CRC32: 0xC61C2AA0
File /test_584.bin: opened:  2769 us, closed:     5 us, I/O:  16934 us, total:  24747 us, speed:   590 KB/s, CRC32: 0xC61C2AA0
File /test_585.bin: opened:  2767 us, closed:     5 us, I/O:  16940 us, total:  30844 us, speed:   590 KB/s, CRC32: 0xC61C2AA0
File /test_586.bin: opened:  2755 us, closed:     5 us, I/O:  16912 us, total:  24726 us, speed:   591 KB/s, CRC32: 0xC61C2AA0
File /test_587.bin: opened:  2744 us, closed:     5 us, I/O:  18765 us, total:  26575 us, speed:   532 KB/s, CRC32: 0xC61C2AA0
File /test_588.bin: opened:  2780 us, closed:     5 us, I/O:  22841 us, total:  30654 us, speed:   437 KB/s, CRC32: 0xC61C2AA0
File /test_589.bin: opened:  2762 us, closed:     5 us, I/O:  16938 us, total:  24842 us, speed:   590 KB/s, CRC32: 0xC61C2AA0
File /test_590.bin: opened:  2797 us, closed:     5 us, I/O:  16954 us, total:  24848 us, speed:   589 KB/s, CRC32: 0xC61C2AA0
File /test_591.bin: opened:  2818 us, closed:     5 us, I/O: 354186 us, total: 362051 us, speed:    28 KB/s, CRC32: 0xC61C2AA0
File /test_592.bin: opened:  2786 us, closed:     5 us, I/O:  16919 us, total:  24801 us, speed:   591 KB/s, CRC32: 0xC61C2AA0
File /test_593.bin: opened:  2797 us, closed:     5 us, I/O:  16947 us, total:  24832 us, speed:   590 KB/s, CRC32: 0xC61C2AA0
File /test_594.bin: opened:  2781 us, closed:     9 us, I/O:  16915 us, total:  24735 us, speed:   591 KB/s, CRC32: 0xC61C2AA0
File /test_595.bin: opened:  8562 us, closed:     5 us, I/O: 372796 us, total: 386420 us, speed:    26 KB/s, CRC32: 0xC61C2AA0
File /test_596.bin: opened:  2762 us, closed:     5 us, I/O:  22891 us, total:  30697 us, speed:   436 KB/s, CRC32: 0xC61C2AA0
File /test_597.bin: opened:  2762 us, closed:     5 us, I/O:  16967 us, total:  24778 us, speed:   589 KB/s, CRC32: 0xC61C2AA0
File /test_598.bin: opened:  2756 us, closed:     5 us, I/O:  16960 us, total:  24783 us, speed:   589 KB/s, CRC32: 0xC61C2AA0
File /test_599.bin: opened:  2774 us, closed:     5 us, I/O: 368866 us, total: 376680 us, speed:    27 KB/s, CRC32: 0xC61C2AA0
File /test_600.bin: opened:  2785 us, closed:     5 us, I/O:  16913 us, total:  24798 us, speed:   591 KB/s, CRC32: 0xC61C2AA0
File /test_601.bin: opened:  2788 us, closed:     5 us, I/O:  16932 us, total:  24778 us, speed:   590 KB/s, CRC32: 0xC61C2AA0
File /test_602.bin: opened:  2796 us, closed:     5 us, I/O:  16930 us, total:  30723 us, speed:   590 KB/s, CRC32: 0xC61C2AA0
File /test_603.bin: opened:  2829 us, closed:     5 us, I/O: 351408 us, total: 359309 us, speed:    28 KB/s, CRC32: 0xC61C2AA0
File /test_604.bin: opened:  2797 us, closed:     5 us, I/O:  22849 us, total:  30783 us, speed:   437 KB/s, CRC32: 0xC61C2AA0
File /test_605.bin: opened:  2828 us, closed:     5 us, I/O:  16952 us, total:  24812 us, speed:   589 KB/s, CRC32: 0xC61C2AA0
File /test_606.bin: opened:  2800 us, closed:     5 us, I/O:  16930 us, total:  24832 us, speed:   590 KB/s, CRC32: 0xC61C2AA0
File /test_607.bin: opened:  2819 us, closed:     5 us, I/O:  18761 us, total:  26643 us, speed:   533 KB/s, CRC32: 0xC61C2AA0
File /test_608.bin: opened:  2807 us, closed:     5 us, I/O:  16944 us, total:  30728 us, speed:   590 KB/s, CRC32: 0xC61C2AA0
File /test_609.bin: opened:  2808 us, closed:     5 us, I/O:  16912 us, total:  24754 us, speed:   591 KB/s, CRC32: 0xC61C2AA0
File /test_610.bin: opened:  2778 us, closed:     5 us, I/O:  17003 us, total:  24869 us, speed:   588 KB/s, CRC32: 0xC61C2AA0
File /test_611.bin: opened:  2800 us, closed:     5 us, I/O: 283703 us, total: 291608 us, speed:    35 KB/s, CRC32: 0xC61C2AA0
File /test_612.bin: opened:  2827 us, closed:     5 us, I/O:  16906 us, total:  24781 us, speed:   591 KB/s, CRC32: 0xC61C2AA0
File /test_613.bin: opened:  2808 us, closed:     5 us, I/O:  16929 us, total:  30749 us, speed:   590 KB/s, CRC32: 0xC61C2AA0
File /test_614.bin: opened:  2828 us, closed:     5 us, I/O:  16921 us, total:  24849 us, speed:   590 KB/s, CRC32: 0xC61C2AA0
File /test_615.bin: opened:  2832 us, closed:     5 us, I/O: 319760 us, total: 327671 us, speed:    31 KB/s, CRC32: 0xC61C2AA0
File /test_616.bin: opened:  2825 us, closed:     5 us, I/O:  22858 us, total:  30783 us, speed:   437 KB/s, CRC32: 0xC61C2AA0
File /test_617.bin: opened:  2821 us, closed:     5 us, I/O:  16979 us, total:  24881 us, speed:   588 KB/s, CRC32: 0xC61C2AA0
File /test_618.bin: opened:  2822 us, closed:     5 us, I/O:  16938 us, total:  24820 us, speed:   590 KB/s, CRC32: 0xC61C2AA0
File /test_619.bin: opened:  2826 us, closed:     5 us, I/O: 349253 us, total: 357159 us, speed:    28 KB/s, CRC32: 0xC61C2AA0
File /test_620.bin: opened:  2790 us, closed:     5 us, I/O:  16936 us, total:  24814 us, speed:   590 KB/s, CRC32: 0xC61C2AA0
File /test_621.bin: opened:  2846 us, closed:     5 us, I/O:  16946 us, total:  24856 us, speed:   590 KB/s, CRC32: 0xC61C2AA0
File /test_622.bin: opened:  2826 us, closed:     5 us, I/O:  16949 us, total:  24844 us, speed:   590 KB/s, CRC32: 0xC61C2AA0
File /test_623.bin: opened: 10138 us, closed:     5 us, I/O: 297202 us, total: 312378 us, speed:    33 KB/s, CRC32: 0xC61C2AA0
File /test_624.bin: opened:  2852 us, closed:     5 us, I/O:  16976 us, total:  24894 us, speed:   589 KB/s, CRC32: 0xC61C2AA0
File /test_625.bin: opened:  2841 us, closed:     5 us, I/O:  16944 us, total:  24835 us, speed:   590 KB/s, CRC32: 0xC61C2AA0
File /test_626.bin: opened:  2821 us, closed:     5 us, I/O:  16930 us, total:  24853 us, speed:   590 KB/s, CRC32: 0xC61C2AA0
File /test_627.bin: opened: 342546 us, closed:     5 us, I/O:  16939 us, total: 364541 us, speed:   590 KB/s, CRC32: 0xC61C2AA0
File /test_628.bin: opened:  2826 us, closed:     5 us, I/O:  16993 us, total:  24892 us, speed:   588 KB/s, CRC32: 0xC61C2AA0
File /test_629.bin: opened:  2820 us, closed:     5 us, I/O:  22808 us, total:  30749 us, speed:   438 KB/s, CRC32: 0xC61C2AA0
File /test_630.bin: opened:  2814 us, closed:     5 us, I/O:  18282 us, total:  26188 us, speed:   546 KB/s, CRC32: 0xC61C2AA0
File /test_631.bin: opened:  3312 us, closed:     5 us, I/O:  16934 us, total:  25316 us, speed:   590 KB/s, CRC32: 0xC61C2AA0
File /test_632.bin: opened:  2838 us, closed:     5 us, I/O:  16959 us, total:  24889 us, speed:   589 KB/s, CRC32: 0xC61C2AA0
File /test_633.bin: opened:  2828 us, closed:     5 us, I/O:  22876 us, total:  30816 us, speed:   437 KB/s, CRC32: 0xC61C2AA0
File /test_634.bin: opened:  2837 us, closed:     5 us, I/O:  18763 us, total:  26641 us, speed:   532 KB/s, CRC32: 0xC61C2AA0
File /test_635.bin: opened: 362852 us, closed:     5 us, I/O:  16952 us, total: 384900 us, speed:   589 KB/s, CRC32: 0xC61C2AA0
File /test_636.bin: opened:  2824 us, closed:     5 us, I/O:  16966 us, total:  24902 us, speed:   589 KB/s, CRC32: 0xC61C2AA0
File /test_637.bin: opened:  2837 us, closed:     5 us, I/O:  16965 us, total:  24874 us, speed:   589 KB/s, CRC32: 0xC61C2AA0
File /test_638.bin: opened:  2836 us, closed:     5 us, I/O: 383051 us, total: 390962 us, speed:    26 KB/s, CRC32: 0xC61C2AA0
File /test_639.bin: opened:  2844 us, closed:     5 us, I/O:  16940 us, total:  24866 us, speed:   590 KB/s, CRC32: 0xC61C2AA0
File /test_640.bin: opened:  8795 us, closed:     5 us, I/O:  16921 us, total:  30778 us, speed:   590 KB/s, CRC32: 0xC61C2AA0
File /test_641.bin: opened:  2837 us, closed:     5 us, I/O:  16952 us, total:  24848 us, speed:   589 KB/s, CRC32: 0xC61C2AA0
File /test_642.bin: opened:  2852 us, closed:     5 us, I/O: 361837 us, total: 369793 us, speed:    27 KB/s, CRC32: 0xC61C2AA0
File /test_643.bin: opened:  2846 us, closed:     5 us, I/O:  16953 us, total:  24835 us, speed:   589 KB/s, CRC32: 0xC61C2AA0
File /test_644.bin: opened:  2834 us, closed:     5 us, I/O:  16945 us, total:  24896 us, speed:   590 KB/s, CRC32: 0xC61C2AA0
File /test_645.bin: opened:  2830 us, closed:     5 us, I/O:  22890 us, total:  30812 us, speed:   436 KB/s, CRC32: 0xC61C2AA0
File /test_646.bin: opened:  2836 us, closed:     5 us, I/O: 294040 us, total: 301945 us, speed:    34 KB/s, CRC32: 0xC61C2AA0
File /test_647.bin: opened:  2825 us, closed:     5 us, I/O:  16949 us, total:  24863 us, speed:   590 KB/s, CRC32: 0xC61C2AA0
File /test_648.bin: opened:  2818 us, closed:     5 us, I/O:  16928 us, total:  24789 us, speed:   590 KB/s, CRC32: 0xC61C2AA0
File /test_649.bin: opened:  2826 us, closed:     5 us, I/O:  16949 us, total:  24892 us, speed:   590 KB/s, CRC32: 0xC61C2AA0
File /test_650.bin: opened:  2863 us, closed:     5 us, I/O:  24597 us, total:  32509 us, speed:   406 KB/s, CRC32: 0xC61C2AA0
File /test_651.bin: opened:  2869 us, closed:     9 us, I/O:  16954 us, total:  24881 us, speed:   589 KB/s, CRC32: 0xC61C2AA0
File /test_652.bin: opened:  2853 us, closed:     5 us, I/O:  16989 us, total:  24933 us, speed:   588 KB/s, CRC32: 0xC61C2AA0
File /test_653.bin: opened:  2858 us, closed:     5 us, I/O:  16939 us, total:  24920 us, speed:   590 KB/s, CRC32: 0xC61C2AA0
File /test_654.bin: opened:  2853 us, closed:     5 us, I/O: 330014 us, total: 343859 us, speed:    30 KB/s, CRC32: 0xC61C2AA0
File /test_655.bin: opened:  2847 us, closed:     5 us, I/O:  16969 us, total:  24958 us, speed:   589 KB/s, CRC32: 0xC61C2AA0
File /test_656.bin: opened:  2830 us, closed:     5 us, I/O:  16920 us, total:  24827 us, speed:   591 KB/s, CRC32: 0xC61C2AA0
File /test_657.bin: opened:  2849 us, closed:     5 us, I/O:  22863 us, total:  30804 us, speed:   437 KB/s, CRC32: 0xC61C2AA0
File /test_658.bin: opened:  2836 us, closed:     5 us, I/O: 344309 us, total: 352264 us, speed:    29 KB/s, CRC32: 0xC61C2AA0
File /test_659.bin: opened:  2848 us, closed:     5 us, I/O:  22853 us, total:  30787 us, speed:   437 KB/s, CRC32: 0xC61C2AA0
File /test_660.bin: opened:  2874 us, closed:     5 us, I/O:  16964 us, total:  24888 us, speed:   589 KB/s, CRC32: 0xC61C2AA0
File /test_661.bin: opened:  2873 us, closed:     5 us, I/O:  16979 us, total:  24936 us, speed:   588 KB/s, CRC32: 0xC61C2AA0
File /test_662.bin: opened:  2872 us, closed:     5 us, I/O: 287629 us, total: 295584 us, speed:    34 KB/s, CRC32: 0xC61C2AA0
File /test_663.bin: opened:  2848 us, closed:     5 us, I/O:  16930 us, total:  24809 us, speed:   590 KB/s, CRC32: 0xC61C2AA0
File /test_664.bin: opened:  2853 us, closed:     5 us, I/O:  22858 us, total:  30782 us, speed:   437 KB/s, CRC32: 0xC61C2AA0
File /test_665.bin: opened:  2846 us, closed:     5 us, I/O:  16952 us, total:  24882 us, speed:   589 KB/s, CRC32: 0xC61C2AA0
File /test_666.bin: opened:  2843 us, closed:     5 us, I/O: 370739 us, total: 378694 us, speed:    26 KB/s, CRC32: 0xC61C2AA0
File /test_667.bin: opened:  2854 us, closed:     5 us, I/O:  16944 us, total:  24831 us, speed:   590 KB/s, CRC32: 0xC61C2AA0
File /test_668.bin: opened:  2827 us, closed:     5 us, I/O:  16929 us, total:  24805 us, speed:   590 KB/s, CRC32: 0xC61C2AA0
File /test_669.bin: opened:  2818 us, closed:     5 us, I/O:  16943 us, total:  24895 us, speed:   590 KB/s, CRC32: 0xC61C2AA0
File /test_670.bin: opened:  2878 us, closed:     5 us, I/O:  18710 us, total:  32586 us, speed:   534 KB/s, CRC32: 0xC61C2AA0
File /test_671.bin: opened:  2886 us, closed:     5 us, I/O:  16918 us, total:  24864 us, speed:   591 KB/s, CRC32: 0xC61C2AA0
File /test_672.bin: opened:  2886 us, closed:     5 us, I/O:  16918 us, total:  24901 us, speed:   591 KB/s, CRC32: 0xC61C2AA0
File /test_673.bin: opened:  2885 us, closed:     6 us, I/O:  22796 us, total:  30773 us, speed:   438 KB/s, CRC32: 0xC61C2AA0
File /test_674.bin: opened:  2848 us, closed:     5 us, I/O: 378556 us, total: 386454 us, speed:    26 KB/s, CRC32: 0xC61C2AA0
File /test_675.bin: opened:  2855 us, closed:     5 us, I/O:  16915 us, total:  30803 us, speed:   591 KB/s, CRC32: 0xC61C2AA0
File /test_676.bin: opened:  2858 us, closed:     5 us, I/O:  16977 us, total:  24911 us, speed:   589 KB/s, CRC32: 0xC61C2AA0
File /test_677.bin: opened:  2870 us, closed:     5 us, I/O:  16953 us, total:  24896 us, speed:   589 KB/s, CRC32: 0xC61C2AA0
File /test_678.bin: opened:  2817 us, closed:     5 us, I/O: 374111 us, total: 382036 us, speed:    26 KB/s, CRC32: 0xC61C2AA0
File /test_679.bin: opened:  2841 us, closed:     5 us, I/O:  16929 us, total:  24887 us, speed:   590 KB/s, CRC32: 0xC61C2AA0
File /test_680.bin: opened:  2870 us, closed:     5 us, I/O:  22932 us, total:  30869 us, speed:   436 KB/s, CRC32: 0xC61C2AA0
File /test_681.bin: opened:  2864 us, closed:     5 us, I/O:  16896 us, total:  24785 us, speed:   591 KB/s, CRC32: 0xC61C2AA0
File /test_682.bin: opened:  2855 us, closed:     5 us, I/O: 344820 us, total: 352796 us, speed:    29 KB/s, CRC32: 0xC61C2AA0
File /test_683.bin: opened:  2858 us, closed:     5 us, I/O:  16923 us, total:  30779 us, speed:   590 KB/s, CRC32: 0xC61C2AA0
File /test_684.bin: opened:  2868 us, closed:     5 us, I/O:  16945 us, total:  24870 us, speed:   590 KB/s, CRC32: 0xC61C2AA0
File /test_685.bin: opened:  2872 us, closed:     5 us, I/O:  16978 us, total:  24916 us, speed:   588 KB/s, CRC32: 0xC61C2AA0
File /test_686.bin: opened:  4150 us, closed:     5 us, I/O: 292144 us, total: 301341 us, speed:    34 KB/s, CRC32: 0xC61C2AA0
File /test_687.bin: opened:  2832 us, closed:     5 us, I/O:  22788 us, total:  30721 us, speed:   438 KB/s, CRC32: 0xC61C2AA0
File /test_688.bin: opened:  2832 us, closed:     5 us, I/O:  16949 us, total:  24917 us, speed:   590 KB/s, CRC32: 0xC61C2AA0
File /test_689.bin: opened:  2841 us, closed:     5 us, I/O:  16982 us, total:  24897 us, speed:   588 KB/s, CRC32: 0xC61C2AA0
File /test_690.bin: opened: 316885 us, closed:     5 us, I/O:  22864 us, total: 344908 us, speed:   437 KB/s, CRC32: 0xC61C2AA0
File /test_691.bin: opened:  2886 us, closed:     5 us, I/O:  16895 us, total:  24828 us, speed:   591 KB/s, CRC32: 0xC61C2AA0
File /test_692.bin: opened:  2911 us, closed:     5 us, I/O:  16960 us, total:  24958 us, speed:   589 KB/s, CRC32: 0xC61C2AA0
File /test_693.bin: opened:  2890 us, closed:     5 us, I/O:  18294 us, total:  26222 us, speed:   546 KB/s, CRC32: 0xC61C2AA0
File /test_694.bin: opened:  3311 us, closed:     5 us, I/O:  22896 us, total:  31300 us, speed:   436 KB/s, CRC32: 0xC61C2AA0
File /test_695.bin: opened:  2840 us, closed:     5 us, I/O:  16924 us, total:  24813 us, speed:   590 KB/s, CRC32: 0xC61C2AA0
File /test_696.bin: opened:  2851 us, closed:     5 us, I/O:  16947 us, total:  24866 us, speed:   590 KB/s, CRC32: 0xC61C2AA0
File /test_697.bin: opened:  2835 us, closed:     5 us, I/O:  18724 us, total:  26653 us, speed:   534 KB/s, CRC32: 0xC61C2AA0
File /test_698.bin: opened: 329623 us, closed:     5 us, I/O:  16946 us, total: 351664 us, speed:   590 KB/s, CRC32: 0xC61C2AA0
File /test_699.bin: opened:  2836 us, closed:     5 us, I/O:  16976 us, total:  24853 us, speed:   589 KB/s, CRC32: 0xC61C2AA0
File /test_700.bin: opened:  2881 us, closed:     5 us, I/O:  16908 us, total:  24802 us, speed:   591 KB/s, CRC32: 0xC61C2AA0
File /test_701.bin: opened:  8757 us, closed:     5 us, I/O: 295506 us, total: 309347 us, speed:    33 KB/s, CRC32: 0xC61C2AA0
File /test_702.bin: opened:  2875 us, closed:     5 us, I/O:  16925 us, total:  24859 us, speed:   590 KB/s, CRC32: 0xC61C2AA0
File /test_703.bin: opened:  2905 us, closed:     5 us, I/O:  16952 us, total:  24965 us, speed:   589 KB/s, CRC32: 0xC61C2AA0
File /test_704.bin: opened:  2928 us, closed:     5 us, I/O:  16932 us, total:  24920 us, speed:   590 KB/s, CRC32: 0xC61C2AA0
File /test_705.bin: opened:  2898 us, closed:     5 us, I/O: 357501 us, total: 365431 us, speed:    27 KB/s, CRC32: 0xC61C2AA0
File /test_706.bin: opened:  2900 us, closed:     5 us, I/O:  16941 us, total:  24898 us, speed:   590 KB/s, CRC32: 0xC61C2AA0
File /test_707.bin: opened:  2917 us, closed:     5 us, I/O:  22826 us, total:  30836 us, speed:   438 KB/s, CRC32: 0xC61C2AA0
File /test_708.bin: opened:  2922 us, closed:     5 us, I/O:  16943 us, total:  24929 us, speed:   590 KB/s, CRC32: 0xC61C2AA0
File /test_709.bin: opened:  2894 us, closed:     5 us, I/O: 376302 us, total: 384268 us, speed:    26 KB/s, CRC32: 0xC61C2AA0
File /test_710.bin: opened:  2870 us, closed:     5 us, I/O:  16927 us, total:  24842 us, speed:   590 KB/s, CRC32: 0xC61C2AA0
File /test_711.bin: opened:  2871 us, closed:     5 us, I/O:  16969 us, total:  24901 us, speed:   589 KB/s, CRC32: 0xC61C2AA0
File /test_712.bin: opened:  2894 us, closed:     5 us, I/O:  16935 us, total:  24872 us, speed:   590 KB/s, CRC32: 0xC61C2AA0
File /test_713.bin: opened:  2921 us, closed:     5 us, I/O:  18696 us, total:  32625 us, speed:   534 KB/s, CRC32: 0xC61C2AA0
File /test_714.bin: opened:  2895 us, closed:     5 us, I/O:  16966 us, total:  24889 us, speed:   589 KB/s, CRC32: 0xC61C2AA0
File /test_715.bin: opened:  2919 us, closed:     5 us, I/O:  16986 us, total:  24990 us, speed:   588 KB/s, CRC32: 0xC61C2AA0
File /test_716.bin: opened:  2910 us, closed:     5 us, I/O:  22900 us, total:  30925 us, speed:   436 KB/s, CRC32: 0xC61C2AA0
File /test_717.bin: opened:  2911 us, closed:     5 us, I/O: 370596 us, total: 378573 us, speed:    26 KB/s, CRC32: 0xC61C2AA0
File /test_718.bin: opened:  2909 us, closed:     5 us, I/O:  22857 us, total:  30881 us, speed:   437 KB/s, CRC32: 0xC61C2AA0
File /test_719.bin: opened:  2909 us, closed:     5 us, I/O:  16923 us, total:  24868 us, speed:   590 KB/s, CRC32: 0xC61C2AA0
File /test_720.bin: opened:  2903 us, closed:     5 us, I/O:  16960 us, total:  25004 us, speed:   589 KB/s, CRC32: 0xC61C2AA0
File /test_721.bin: opened:  2892 us, closed:     5 us, I/O: 355126 us, total: 363073 us, speed:    28 KB/s, CRC32: 0xC61C2AA0
File /test_722.bin: opened:  2921 us, closed:     5 us, I/O:  16929 us, total:  24942 us, speed:   590 KB/s, CRC32: 0xC61C2AA0
File /test_723.bin: opened:  2938 us, closed:     5 us, I/O:  16962 us, total:  24982 us, speed:   589 KB/s, CRC32: 0xC61C2AA0
File /test_724.bin: opened:  2917 us, closed:     5 us, I/O:  22856 us, total:  30846 us, speed:   437 KB/s, CRC32: 0xC61C2AA0
File /test_725.bin: opened:  2909 us, closed:     5 us, I/O: 289366 us, total: 297322 us, speed:    34 KB/s, CRC32: 0xC61C2AA0
File /test_726.bin: opened:  2934 us, closed:     5 us, I/O:  16928 us, total:  24911 us, speed:   590 KB/s, CRC32: 0xC61C2AA0
File /test_727.bin: opened:  2906 us, closed:     5 us, I/O:  17004 us, total:  24977 us, speed:   588 KB/s, CRC32: 0xC61C2AA0
File /test_728.bin: opened:  2915 us, closed:     5 us, I/O:  16914 us, total:  24895 us, speed:   591 KB/s, CRC32: 0xC61C2AA0
File /test_729.bin: opened:  2901 us, closed:     5 us, I/O: 340012 us, total: 347976 us, speed:    29 KB/s, CRC32: 0xC61C2AA0
File /test_730.bin: opened:  2937 us, closed:     5 us, I/O:  16963 us, total:  24965 us, speed:   589 KB/s, CRC32: 0xC61C2AA0
File /test_731.bin: opened:  2902 us, closed:     5 us, I/O:  16886 us, total:  24838 us, speed:   592 KB/s, CRC32: 0xC61C2AA0
File /test_732.bin: opened:  2931 us, closed:     5 us, I/O:  22867 us, total:  30844 us, speed:   437 KB/s, CRC32: 0xC61C2AA0
File /test_733.bin: opened:  2930 us, closed:     5 us, I/O: 349155 us, total: 357222 us, speed:    28 KB/s, CRC32: 0xC61C2AA0
File /test_734.bin: opened:  2942 us, closed:     5 us, I/O:  22857 us, total:  30872 us, speed:   437 KB/s, CRC32: 0xC61C2AA0
File /test_735.bin: opened:  2926 us, closed:     5 us, I/O:  16919 us, total:  24951 us, speed:   591 KB/s, CRC32: 0xC61C2AA0
File /test_736.bin: opened:  2946 us, closed:     5 us, I/O:  16967 us, total:  24984 us, speed:   589 KB/s, CRC32: 0xC61C2AA0
File /test_737.bin: opened:  2925 us, closed:     5 us, I/O:  18717 us, total:  26684 us, speed:   534 KB/s, CRC32: 0xC61C2AA0
File /test_738.bin: opened:  2942 us, closed:     5 us, I/O:  22875 us, total:  30837 us, speed:   437 KB/s, CRC32: 0xC61C2AA0
File /test_739.bin: opened:  2896 us, closed:     5 us, I/O:  16924 us, total:  24934 us, speed:   590 KB/s, CRC32: 0xC61C2AA0
File /test_740.bin: opened:  2945 us, closed:     5 us, I/O:  16970 us, total:  24943 us, speed:   589 KB/s, CRC32: 0xC61C2AA0
File /test_741.bin: opened:  2937 us, closed:     5 us, I/O: 290439 us, total: 298444 us, speed:    34 KB/s, CRC32: 0xC61C2AA0
File /test_742.bin: opened:  2938 us, closed:     5 us, I/O:  16938 us, total:  24929 us, speed:   590 KB/s, CRC32: 0xC61C2AA0
File /test_743.bin: opened:  8867 us, closed:     5 us, I/O:  16937 us, total:  30828 us, speed:   590 KB/s, CRC32: 0xC61C2AA0
File /test_744.bin: opened:  2923 us, closed:     5 us, I/O:  16926 us, total:  24882 us, speed:   590 KB/s, CRC32: 0xC61C2AA0
File /test_745.bin: opened:  2938 us, closed:     5 us, I/O: 361095 us, total: 369109 us, speed:    27 KB/s, CRC32: 0xC61C2AA0
File /test_746.bin: opened:  2919 us, closed:     5 us, I/O:  16933 us, total:  24955 us, speed:   590 KB/s, CRC32: 0xC61C2AA0
File /test_747.bin: opened:  2931 us, closed:     5 us, I/O:  16952 us, total:  24933 us, speed:   589 KB/s, CRC32: 0xC61C2AA0
File /test_748.bin: opened:  2902 us, closed:     5 us, I/O:  16914 us, total:  24919 us, speed:   591 KB/s, CRC32: 0xC61C2AA0
File /test_749.bin: opened:  4225 us, closed:     5 us, I/O: 377619 us, total: 386899 us, speed:    26 KB/s, CRC32: 0xC61C2AA0
File /test_750.bin: opened:  2911 us, closed:     5 us, I/O:  16935 us, total:  30865 us, speed:   590 KB/s, CRC32: 0xC61C2AA0
File /test_751.bin: opened:  2950 us, closed:     5 us, I/O:  16984 us, total:  24966 us, speed:   588 KB/s, CRC32: 0xC61C2AA0
File /test_752.bin: opened:  2940 us, closed:     5 us, I/O:  16938 us, total:  24945 us, speed:   590 KB/s, CRC32: 0xC61C2AA0
File /test_753.bin: opened: 359701 us, closed:     5 us, I/O:  16934 us, total: 381727 us, speed:   590 KB/s, CRC32: 0xC61C2AA0
File /test_754.bin: opened:  2927 us, closed:     5 us, I/O:  16948 us, total:  24994 us, speed:   590 KB/s, CRC32: 0xC61C2AA0
File /test_755.bin: opened:  2949 us, closed:     5 us, I/O:  22865 us, total:  30846 us, speed:   437 KB/s, CRC32: 0xC61C2AA0
File /test_756.bin: opened:  2926 us, closed:     5 us, I/O:  18285 us, total:  26335 us, speed:   546 KB/s, CRC32: 0xC61C2AA0
File /test_757.bin: opened:  3367 us, closed:     5 us, I/O:  16934 us, total:  25399 us, speed:   590 KB/s, CRC32: 0xC61C2AA0
File /test_758.bin: opened:  2924 us, closed:     5 us, I/O:  16937 us, total:  24927 us, speed:   590 KB/s, CRC32: 0xC61C2AA0
File /test_759.bin: opened:  2906 us, closed:     5 us, I/O:  16919 us, total:  30857 us, speed:   591 KB/s, CRC32: 0xC61C2AA0
File /test_760.bin: opened:  2954 us, closed:     5 us, I/O:  18730 us, total:  26769 us, speed:   533 KB/s, CRC32: 0xC61C2AA0
File /test_761.bin: opened: 340835 us, closed:     5 us, I/O:  22852 us, total: 368715 us, speed:   437 KB/s, CRC32: 0xC61C2AA0
File /test_762.bin: opened:  2951 us, closed:     5 us, I/O:  16952 us, total:  25012 us, speed:   589 KB/s, CRC32: 0xC61C2AA0
File /test_763.bin: opened:  2942 us, closed:     5 us, I/O:  16943 us, total:  24930 us, speed:   590 KB/s, CRC32: 0xC61C2AA0
File /test_764.bin: opened:  2916 us, closed:     5 us, I/O: 293343 us, total: 301347 us, speed:    34 KB/s, CRC32: 0xC61C2AA0
File /test_765.bin: opened:  2947 us, closed:     5 us, I/O:  22867 us, total:  30871 us, speed:   437 KB/s, CRC32: 0xC61C2AA0
File /test_766.bin: opened:  2919 us, closed:     5 us, I/O:  16962 us, total:  25005 us, speed:   589 KB/s, CRC32: 0xC61C2AA0
File /test_767.bin: opened:  2903 us, closed:     5 us, I/O:  16951 us, total:  24924 us, speed:   589 KB/s, CRC32: 0xC61C2AA0
File /test_768.bin: opened:  2914 us, closed:     5 us, I/O: 342799 us, total: 350804 us, speed:    29 KB/s, CRC32: 0xC61C2AA0
File /test_769.bin: opened:  2917 us, closed:     5 us, I/O:  16951 us, total:  24991 us, speed:   589 KB/s, CRC32: 0xC61C2AA0
File /test_770.bin: opened:  2959 us, closed:     5 us, I/O:  16941 us, total:  25066 us, speed:   590 KB/s, CRC32: 0xC61C2AA0
File /test_771.bin: opened:  2967 us, closed:     5 us, I/O:  16942 us, total:  25016 us, speed:   590 KB/s, CRC32: 0xC61C2AA0
File /test_772.bin: opened:  2943 us, closed:     5 us, I/O: 357902 us, total: 365942 us, speed:    27 KB/s, CRC32: 0xC61C2AA0
File /test_773.bin: opened:  2942 us, closed:     5 us, I/O:  16938 us, total:  24983 us, speed:   590 KB/s, CRC32: 0xC61C2AA0
File /test_774.bin: opened:  2926 us, closed:     5 us, I/O:  22893 us, total:  30923 us, speed:   436 KB/s, CRC32: 0xC61C2AA0
File /test_775.bin: opened:  2948 us, closed:     5 us, I/O:  16951 us, total:  25061 us, speed:   589 KB/s, CRC32: 0xC61C2AA0
File /test_776.bin: opened:  2931 us, closed:     5 us, I/O:  18696 us, total:  26721 us, speed:   534 KB/s, CRC32: 0xC61C2AA0
File /test_777.bin: opened:  2921 us, closed:     5 us, I/O:  16943 us, total:  24904 us, speed:   590 KB/s, CRC32: 0xC61C2AA0
File /test_778.bin: opened:  2916 us, closed:     5 us, I/O:  22843 us, total:  30809 us, speed:   437 KB/s, CRC32: 0xC61C2AA0
File /test_779.bin: opened:  2909 us, closed:     5 us, I/O:  16943 us, total:  24959 us, speed:   590 KB/s, CRC32: 0xC61C2AA0
File /test_780.bin: opened:  2957 us, closed:     5 us, I/O: 293606 us, total: 301622 us, speed:    34 KB/s, CRC32: 0xC61C2AA0
File /test_781.bin: opened:  2978 us, closed:     5 us, I/O:  16940 us, total:  25024 us, speed:   590 KB/s, CRC32: 0xC61C2AA0
File /test_782.bin: opened:  2983 us, closed:     5 us, I/O:  16913 us, total:  24959 us, speed:   591 KB/s, CRC32: 0xC61C2AA0
File /test_783.bin: opened:  8867 us, closed:     5 us, I/O:  16989 us, total:  30889 us, speed:   588 KB/s, CRC32: 0xC61C2AA0
File /test_784.bin: opened:  2937 us, closed:     5 us, I/O: 375575 us, total: 383532 us, speed:    26 KB/s, CRC32: 0xC61C2AA0
File /test_785.bin: opened:  2921 us, closed:     5 us, I/O:  16937 us, total:  24931 us, speed:   590 KB/s, CRC32: 0xC61C2AA0
File /test_786.bin: opened:  2911 us, closed:     5 us, I/O:  16897 us, total:  24891 us, speed:   591 KB/s, CRC32: 0xC61C2AA0
File /test_787.bin: opened:  2906 us, closed:     5 us, I/O:  16913 us, total:  24896 us, speed:   591 KB/s, CRC32: 0xC61C2AA0
File /test_788.bin: opened:  2939 us, closed:     5 us, I/O: 380491 us, total: 388494 us, speed:    26 KB/s, CRC32: 0xC61C2AA0
File /test_789.bin: opened:  2906 us, closed:     5 us, I/O:  22881 us, total:  30893 us, speed:   437 KB/s, CRC32: 0xC61C2AA0
File /test_790.bin: opened:  2954 us, closed:     5 us, I/O:  16933 us, total:  24948 us, speed:   590 KB/s, CRC32: 0xC61C2AA0
File /test_791.bin: opened:  2974 us, closed:     5 us, I/O:  16940 us, total:  25036 us, speed:   590 KB/s, CRC32: 0xC61C2AA0
File /test_792.bin: opened:  2981 us, closed:     5 us, I/O: 375668 us, total: 383688 us, speed:    26 KB/s, CRC32: 0xC61C2AA0
File /test_793.bin: opened:  2963 us, closed:     5 us, I/O:  16950 us, total:  24981 us, speed:   589 KB/s, CRC32: 0xC61C2AA0
File /test_794.bin: opened:  2943 us, closed:     5 us, I/O:  16959 us, total:  24920 us, speed:   589 KB/s, CRC32: 0xC61C2AA0
File /test_795.bin: opened:  8888 us, closed:     5 us, I/O:  16946 us, total:  30904 us, speed:   590 KB/s, CRC32: 0xC61C2AA0
File /test_796.bin: opened:  2917 us, closed:     8 us, I/O: 370031 us, total: 377997 us, speed:    27 KB/s, CRC32: 0xC61C2AA0
File /test_797.bin: opened:  2905 us, closed:     5 us, I/O:  16941 us, total:  24954 us, speed:   590 KB/s, CRC32: 0xC61C2AA0
File /test_798.bin: opened:  2946 us, closed:     5 us, I/O:  16965 us, total:  24970 us, speed:   589 KB/s, CRC32: 0xC61C2AA0
File /test_799.bin: opened:  2934 us, closed:     5 us, I/O:  16898 us, total:  24970 us, speed:   591 KB/s, CRC32: 0xC61C2AA0
File /test_800.bin: opened:  2946 us, closed:     5 us, I/O:  24626 us, total:  32636 us, speed:   406 KB/s, CRC32: 0xC61C2AA0
File /test_801.bin: opened:  2972 us, closed:     5 us, I/O:  16913 us, total:  25003 us, speed:   591 KB/s, CRC32: 0xC61C2AA0
File /test_802.bin: opened:  2994 us, closed:     5 us, I/O:  16967 us, total:  25026 us, speed:   589 KB/s, CRC32: 0xC61C2AA0
File /test_803.bin: opened:  2992 us, closed:     5 us, I/O:  16918 us, total:  24945 us, speed:   591 KB/s, CRC32: 0xC61C2AA0
File /test_804.bin: opened:  2985 us, closed:     9 us, I/O: 290658 us, total: 304646 us, speed:    34 KB/s, CRC32: 0xC61C2AA0
File /test_805.bin: opened:  8942 us, closed:     5 us, I/O:  16946 us, total:  30973 us, speed:   590 KB/s, CRC32: 0xC61C2AA0
File /test_806.bin: opened:  3000 us, closed:     5 us, I/O:  16938 us, total:  24989 us, speed:   590 KB/s, CRC32: 0xC61C2AA0
File /test_807.bin: opened:  2974 us, closed:     5 us, I/O:  16918 us, total:  25035 us, speed:   591 KB/s, CRC32: 0xC61C2AA0
File /test_808.bin: opened:  2997 us, closed:     5 us, I/O: 334539 us, total: 342571 us, speed:    29 KB/s, CRC32: 0xC61C2AA0
File /test_809.bin: opened:  2962 us, closed:     5 us, I/O:  16951 us, total:  24975 us, speed:   589 KB/s, CRC32: 0xC61C2AA0
File /test_810.bin: opened:  2965 us, closed:     5 us, I/O:  16951 us, total:  24973 us, speed:   589 KB/s, CRC32: 0xC61C2AA0
File /test_811.bin: opened:  2988 us, closed:     6 us, I/O:  22824 us, total:  30902 us, speed:   438 KB/s, CRC32: 0xC61C2AA0
File /test_812.bin: opened:  4326 us, closed:     5 us, I/O: 351822 us, total: 361225 us, speed:    28 KB/s, CRC32: 0xC61C2AA0
File /test_813.bin: opened:  3002 us, closed:     5 us, I/O:  16930 us, total:  25005 us, speed:   590 KB/s, CRC32: 0xC61C2AA0
File /test_814.bin: opened:  3003 us, closed:     5 us, I/O:  16934 us, total:  30962 us, speed:   590 KB/s, CRC32: 0xC61C2AA0
File /test_815.bin: opened:  2993 us, closed:     5 us, I/O:  16922 us, total:  25001 us, speed:   590 KB/s, CRC32: 0xC61C2AA0
File /test_816.bin: opened: 273239 us, closed:     5 us, I/O:  16945 us, total: 295293 us, speed:   590 KB/s, CRC32: 0xC61C2AA0
File /test_817.bin: opened:  3000 us, closed:     5 us, I/O:  16961 us, total:  25060 us, speed:   589 KB/s, CRC32: 0xC61C2AA0
File /test_818.bin: opened:  2980 us, closed:     5 us, I/O:  16949 us, total:  25047 us, speed:   590 KB/s, CRC32: 0xC61C2AA0
File /test_819.bin: opened:  8933 us, closed:     5 us, I/O:  18284 us, total:  32263 us, speed:   546 KB/s, CRC32: 0xC61C2AA0
File /test_820.bin: opened:  3444 us, closed:     5 us, I/O:  16913 us, total:  25463 us, speed:   591 KB/s, CRC32: 0xC61C2AA0
File /test_821.bin: opened:  3013 us, closed:     5 us, I/O:  16902 us, total:  24979 us, speed:   591 KB/s, CRC32: 0xC61C2AA0
File /test_822.bin: opened:  3005 us, closed:     5 us, I/O:  22892 us, total:  30967 us, speed:   436 KB/s, CRC32: 0xC61C2AA0
File /test_823.bin: opened:  3007 us, closed:     5 us, I/O:  18740 us, total:  26784 us, speed:   533 KB/s, CRC32: 0xC61C2AA0
File /test_824.bin: opened: 342875 us, closed:     5 us, I/O:  22890 us, total: 370846 us, speed:   436 KB/s, CRC32: 0xC61C2AA0
File /test_825.bin: opened:  2980 us, closed:     5 us, I/O:  16942 us, total:  25005 us, speed:   590 KB/s, CRC32: 0xC61C2AA0
File /test_826.bin: opened:  2983 us, closed:     5 us, I/O:  16948 us, total:  25012 us, speed:   590 KB/s, CRC32: 0xC61C2AA0
File /test_827.bin: opened:  2981 us, closed:     5 us, I/O: 370961 us, total: 378984 us, speed:    26 KB/s, CRC32: 0xC61C2AA0
File /test_828.bin: opened:  2973 us, closed:     5 us, I/O:  16924 us, total:  24961 us, speed:   590 KB/s, CRC32: 0xC61C2AA0
File /test_829.bin: opened:  3002 us, closed:     5 us, I/O:  16919 us, total:  24938 us, speed:   591 KB/s, CRC32: 0xC61C2AA0
File /test_830.bin: opened:  2971 us, closed:     5 us, I/O:  16928 us, total:  30912 us, speed:   590 KB/s, CRC32: 0xC61C2AA0
File /test_831.bin: opened:  2991 us, closed:     5 us, I/O: 376604 us, total: 384630 us, speed:    26 KB/s, CRC32: 0xC61C2AA0
File /test_832.bin: opened:  2990 us, closed:     5 us, I/O:  16935 us, total:  24962 us, speed:   590 KB/s, CRC32: 0xC61C2AA0
File /test_833.bin: opened:  3017 us, closed:     5 us, I/O:  16944 us, total:  25032 us, speed:   590 KB/s, CRC32: 0xC61C2AA0
File /test_834.bin: opened:  3032 us, closed:     5 us, I/O:  16890 us, total:  24988 us, speed:   592 KB/s, CRC32: 0xC61C2AA0
File /test_835.bin: opened:  3011 us, closed:     5 us, I/O: 354854 us, total: 362932 us, speed:    28 KB/s, CRC32: 0xC61C2AA0
File /test_836.bin: opened:  2994 us, closed:     5 us, I/O:  16948 us, total:  24982 us, speed:   590 KB/s, CRC32: 0xC61C2AA0
File /test_837.bin: opened:  2993 us, closed:     5 us, I/O:  22887 us, total:  31001 us, speed:   436 KB/s, CRC32: 0xC61C2AA0
File /test_838.bin: opened:  2975 us, closed:     5 us, I/O:  16947 us, total:  25032 us, speed:   590 KB/s, CRC32: 0xC61C2AA0
File /test_839.bin: opened:  2983 us, closed:     5 us, I/O: 290329 us, total: 298415 us, speed:    34 KB/s, CRC32: 0xC61C2AA0
File /test_840.bin: opened:  3010 us, closed:     5 us, I/O:  16988 us, total:  25116 us, speed:   588 KB/s, CRC32: 0xC61C2AA0
File /test_841.bin: opened:  3004 us, closed:     5 us, I/O:  16948 us, total:  25016 us, speed:   590 KB/s, CRC32: 0xC61C2AA0
File /test_842.bin: opened:  3008 us, closed:     5 us, I/O:  22886 us, total:  30997 us, speed:   436 KB/s, CRC32: 0xC61C2AA0
File /test_843.bin: opened:  3017 us, closed:     5 us, I/O:  18707 us, total:  26789 us, speed:   534 KB/s, CRC32: 0xC61C2AA0
File /test_844.bin: opened:  2996 us, closed:     5 us, I/O:  16967 us, total:  25076 us, speed:   589 KB/s, CRC32: 0xC61C2AA0
File /test_845.bin: opened:  2998 us, closed:     5 us, I/O:  16922 us, total:  25007 us, speed:   590 KB/s, CRC32: 0xC61C2AA0
File /test_846.bin: opened:  3003 us, closed:     5 us, I/O:  16956 us, total:  30997 us, speed:   589 KB/s, CRC32: 0xC61C2AA0
File /test_847.bin: opened:  2976 us, closed:     5 us, I/O: 337307 us, total: 345401 us, speed:    29 KB/s, CRC32: 0xC61C2AA0
File /test_848.bin: opened:  3002 us, closed:     5 us, I/O:  16909 us, total:  25009 us, speed:   591 KB/s, CRC32: 0xC61C2AA0
File /test_849.bin: opened:  8902 us, closed:     5 us, I/O:  16951 us, total:  30966 us, speed:   589 KB/s, CRC32: 0xC61C2AA0
File /test_850.bin: opened:  3032 us, closed:     5 us, I/O:  16932 us, total:  25030 us, speed:   590 KB/s, CRC32: 0xC61C2AA0
File /test_851.bin: opened:  3015 us, closed:     5 us, I/O: 349981 us, total: 358118 us, speed:    28 KB/s, CRC32: 0xC61C2AA0
File /test_852.bin: opened:  3060 us, closed:     5 us, I/O:  16965 us, total:  25088 us, speed:   589 KB/s, CRC32: 0xC61C2AA0
File /test_853.bin: opened:  3006 us, closed:     8 us, I/O:  16979 us, total:  25040 us, speed:   588 KB/s, CRC32: 0xC61C2AA0
File /test_854.bin: opened:  2997 us, closed:     5 us, I/O:  16945 us, total:  25053 us, speed:   590 KB/s, CRC32: 0xC61C2AA0
File /test_855.bin: opened:  3005 us, closed:     5 us, I/O: 295583 us, total: 303663 us, speed:    33 KB/s, CRC32: 0xC61C2AA0
File /test_856.bin: opened:  2994 us, closed:     5 us, I/O:  16985 us, total:  30988 us, speed:   588 KB/s, CRC32: 0xC61C2AA0
File /test_857.bin: opened:  2979 us, closed:     5 us, I/O:  16939 us, total:  25009 us, speed:   590 KB/s, CRC32: 0xC61C2AA0
File /test_858.bin: opened:  3004 us, closed:     5 us, I/O:  16975 us, total:  25021 us, speed:   589 KB/s, CRC32: 0xC61C2AA0
File /test_859.bin: opened:  2993 us, closed:     5 us, I/O: 361489 us, total: 369543 us, speed:    27 KB/s, CRC32: 0xC61C2AA0
File /test_860.bin: opened:  3075 us, closed:     5 us, I/O:  16989 us, total:  25156 us, speed:   588 KB/s, CRC32: 0xC61C2AA0
File /test_861.bin: opened:  3030 us, closed:     5 us, I/O:  16908 us, total:  24970 us, speed:   591 KB/s, CRC32: 0xC61C2AA0
File /test_862.bin: opened:  3040 us, closed:     5 us, I/O:  16899 us, total:  24995 us, speed:   591 KB/s, CRC32: 0xC61C2AA0
File /test_863.bin: opened:  3021 us, closed:     5 us, I/O:  18725 us, total:  26832 us, speed:   534 KB/s, CRC32: 0xC61C2AA0
File /test_864.bin: opened:  3036 us, closed:     5 us, I/O:  16906 us, total:  25010 us, speed:   591 KB/s, CRC32: 0xC61C2AA0
File /test_865.bin: opened:  3006 us, closed:     5 us, I/O:  22877 us, total:  30930 us, speed:   437 KB/s, CRC32: 0xC61C2AA0
File /test_866.bin: opened:  3021 us, closed:     5 us, I/O:  16912 us, total:  25017 us, speed:   591 KB/s, CRC32: 0xC61C2AA0
File /test_867.bin: opened:  2979 us, closed:     5 us, I/O: 380618 us, total: 388716 us, speed:    26 KB/s, CRC32: 0xC61C2AA0
File /test_868.bin: opened:  2978 us, closed:     5 us, I/O:  16929 us, total:  24952 us, speed:   590 KB/s, CRC32: 0xC61C2AA0
File /test_869.bin: opened:  3015 us, closed:     5 us, I/O:  16942 us, total:  25000 us, speed:   590 KB/s, CRC32: 0xC61C2AA0
File /test_870.bin: opened:  3028 us, closed:     5 us, I/O:  22887 us, total:  30990 us, speed:   436 KB/s, CRC32: 0xC61C2AA0
File /test_871.bin: opened:  3026 us, closed:     8 us, I/O: 374405 us, total: 382490 us, speed:    26 KB/s, CRC32: 0xC61C2AA0
File /test_872.bin: opened:  8963 us, closed:     5 us, I/O:  16965 us, total:  30987 us, speed:   589 KB/s, CRC32: 0xC61C2AA0
File /test_873.bin: opened:  3041 us, closed:     5 us, I/O:  17004 us, total:  25084 us, speed:   588 KB/s, CRC32: 0xC61C2AA0
File /test_874.bin: opened:  3015 us, closed:     5 us, I/O:  16961 us, total:  25043 us, speed:   589 KB/s, CRC32: 0xC61C2AA0
File /test_875.bin: opened:  4346 us, closed:     5 us, I/O: 359146 us, total: 368539 us, speed:    27 KB/s, CRC32: 0xC61C2AA0
File /test_876.bin: opened:  3001 us, closed:     5 us, I/O:  16977 us, total:  25041 us, speed:   589 KB/s, CRC32: 0xC61C2AA0
File /test_877.bin: opened:  3004 us, closed:     5 us, I/O:  16911 us, total:  25025 us, speed:   591 KB/s, CRC32: 0xC61C2AA0
File /test_878.bin: opened:  2997 us, closed:     5 us, I/O:  16903 us, total:  24961 us, speed:   591 KB/s, CRC32: 0xC61C2AA0
File /test_879.bin: opened: 276418 us, closed:     5 us, I/O:  16976 us, total: 298453 us, speed:   589 KB/s, CRC32: 0xC61C2AA0
File /test_880.bin: opened:  3065 us, closed:     5 us, I/O:  16952 us, total:  25148 us, speed:   589 KB/s, CRC32: 0xC61C2AA0
File /test_881.bin: opened:  3034 us, closed:     5 us, I/O:  16939 us, total:  25089 us, speed:   590 KB/s, CRC32: 0xC61C2AA0
File /test_882.bin: opened:  3023 us, closed:     5 us, I/O:  24187 us, total:  32264 us, speed:   413 KB/s, CRC32: 0xC61C2AA0
File /test_883.bin: opened:  3034 us, closed:     5 us, I/O:  16920 us, total:  25044 us, speed:   591 KB/s, CRC32: 0xC61C2AA0
File /test_884.bin: opened:  3023 us, closed:     5 us, I/O:  16963 us, total:  25034 us, speed:   589 KB/s, CRC32: 0xC61C2AA0
File /test_885.bin: opened:  3003 us, closed:     5 us, I/O:  16904 us, total:  24979 us, speed:   591 KB/s, CRC32: 0xC61C2AA0
File /test_886.bin: opened:  2987 us, closed:     5 us, I/O:  24220 us, total:  32266 us, speed:   412 KB/s, CRC32: 0xC61C2AA0
File /test_887.bin: opened: 329111 us, closed:     5 us, I/O:  16987 us, total: 351154 us, speed:   588 KB/s, CRC32: 0xC61C2AA0
File /test_888.bin: opened:  2995 us, closed:     5 us, I/O:  22861 us, total:  30915 us, speed:   437 KB/s, CRC32: 0xC61C2AA0
File /test_889.bin: opened:  2975 us, closed:     5 us, I/O:  16969 us, total:  24990 us, speed:   589 KB/s, CRC32: 0xC61C2AA0
File /test_890.bin: opened:  3056 us, closed:     5 us, I/O: 348941 us, total: 357096 us, speed:    28 KB/s, CRC32: 0xC61C2AA0
File /test_891.bin: opened:  3046 us, closed:     5 us, I/O:  22872 us, total:  30944 us, speed:   437 KB/s, CRC32: 0xC61C2AA0
File /test_892.bin: opened:  3070 us, closed:     5 us, I/O:  16917 us, total:  25091 us, speed:   591 KB/s, CRC32: 0xC61C2AA0
File /test_893.bin: opened:  3043 us, closed:     5 us, I/O:  16963 us, total:  25079 us, speed:   589 KB/s, CRC32: 0xC61C2AA0
File /test_894.bin: opened:  3017 us, closed:     5 us, I/O: 283042 us, total: 291099 us, speed:    35 KB/s, CRC32: 0xC61C2AA0
File /test_895.bin: opened:  3019 us, closed:     5 us, I/O:  16974 us, total:  25067 us, speed:   589 KB/s, CRC32: 0xC61C2AA0
File /test_896.bin: opened:  3014 us, closed:     5 us, I/O:  22879 us, total:  30965 us, speed:   437 KB/s, CRC32: 0xC61C2AA0
File /test_897.bin: opened:  2991 us, closed:     5 us, I/O:  16905 us, total:  24983 us, speed:   591 KB/s, CRC32: 0xC61C2AA0
File /test_898.bin: opened:  3007 us, closed:     5 us, I/O: 360388 us, total: 368500 us, speed:    27 KB/s, CRC32: 0xC61C2AA0
File /test_899.bin: opened:  2989 us, closed:     5 us, I/O:  16941 us, total:  25012 us, speed:   590 KB/s, CRC32: 0xC61C2AA0
File /test_900.bin: opened:  3031 us, closed:     5 us, I/O:  16916 us, total:  25030 us, speed:   591 KB/s, CRC32: 0xC61C2AA0
File /test_901.bin: opened:  3092 us, closed:     5 us, I/O:  16963 us, total:  25167 us, speed:   589 KB/s, CRC32: 0xC61C2AA0
File /test_902.bin: opened:  3048 us, closed:     5 us, I/O: 371994 us, total: 386102 us, speed:    26 KB/s, CRC32: 0xC61C2AA0
File /test_903.bin: opened:  3099 us, closed:     5 us, I/O:  22845 us, total:  31053 us, speed:   437 KB/s, CRC32: 0xC61C2AA0
File /test_904.bin: opened:  3069 us, closed:     5 us, I/O:  16934 us, total:  25042 us, speed:   590 KB/s, CRC32: 0xC61C2AA0
File /test_905.bin: opened:  3054 us, closed:     5 us, I/O:  16931 us, total:  25065 us, speed:   590 KB/s, CRC32: 0xC61C2AA0
File /test_906.bin: opened:  3121 us, closed:     5 us, I/O:  18249 us, total:  26481 us, speed:   547 KB/s, CRC32: 0xC61C2AA0
File /test_907.bin: opened:  3066 us, closed:     5 us, I/O:  22873 us, total:  31021 us, speed:   437 KB/s, CRC32: 0xC61C2AA0
File /test_908.bin: opened:  3046 us, closed:     5 us, I/O:  16951 us, total:  25114 us, speed:   589 KB/s, CRC32: 0xC61C2AA0
File /test_909.bin: opened:  3064 us, closed:     5 us, I/O:  16961 us, total:  25140 us, speed:   589 KB/s, CRC32: 0xC61C2AA0
File /test_910.bin: opened:  3055 us, closed:     5 us, I/O: 377429 us, total: 385581 us, speed:    26 KB/s, CRC32: 0xC61C2AA0
File /test_911.bin: opened:  3064 us, closed:     5 us, I/O:  16903 us, total:  25006 us, speed:   591 KB/s, CRC32: 0xC61C2AA0
File /test_912.bin: opened:  3054 us, closed:     5 us, I/O:  22861 us, total:  30980 us, speed:   437 KB/s, CRC32: 0xC61C2AA0
File /test_913.bin: opened:  3067 us, closed:     5 us, I/O:  16932 us, total:  25009 us, speed:   590 KB/s, CRC32: 0xC61C2AA0
File /test_914.bin: opened:  3080 us, closed:     5 us, I/O: 369096 us, total: 377290 us, speed:    27 KB/s, CRC32: 0xC61C2AA0
File /test_915.bin: opened:  3059 us, closed:     5 us, I/O:  16966 us, total:  25056 us, speed:   589 KB/s, CRC32: 0xC61C2AA0
File /test_916.bin: opened:  3080 us, closed:     5 us, I/O:  16952 us, total:  25103 us, speed:   589 KB/s, CRC32: 0xC61C2AA0
File /test_917.bin: opened:  3060 us, closed:     5 us, I/O:  16927 us, total:  25044 us, speed:   590 KB/s, CRC32: 0xC61C2AA0
File /test_918.bin: opened:  9018 us, closed:     5 us, I/O: 297008 us, total: 311127 us, speed:    33 KB/s, CRC32: 0xC61C2AA0
File /test_919.bin: opened:  3043 us, closed:     5 us, I/O:  16951 us, total:  25049 us, speed:   589 KB/s, CRC32: 0xC61C2AA0
File /test_920.bin: opened:  3092 us, closed:     5 us, I/O:  16937 us, total:  25112 us, speed:   590 KB/s, CRC32: 0xC61C2AA0
File /test_921.bin: opened:  3092 us, closed:     5 us, I/O:  16949 us, total:  25146 us, speed:   590 KB/s, CRC32: 0xC61C2AA0
File /test_922.bin: opened:  3092 us, closed:     5 us, I/O: 340192 us, total: 348352 us, speed:    29 KB/s, CRC32: 0xC61C2AA0
File /test_923.bin: opened:  3119 us, closed:     5 us, I/O:  16944 us, total:  25097 us, speed:   590 KB/s, CRC32: 0xC61C2AA0
File /test_924.bin: opened:  3069 us, closed:     5 us, I/O:  16953 us, total:  25120 us, speed:   589 KB/s, CRC32: 0xC61C2AA0
File /test_925.bin: opened:  3075 us, closed:     5 us, I/O:  22910 us, total:  31075 us, speed:   436 KB/s, CRC32: 0xC61C2AA0
File /test_926.bin: opened:  3068 us, closed:     5 us, I/O:  18261 us, total:  26378 us, speed:   547 KB/s, CRC32: 0xC61C2AA0
File /test_927.bin: opened:  3068 us, closed:     5 us, I/O:  16976 us, total:  25125 us, speed:   589 KB/s, CRC32: 0xC61C2AA0
File /test_928.bin: opened:  3051 us, closed:     5 us, I/O:  16939 us, total:  25067 us, speed:   590 KB/s, CRC32: 0xC61C2AA0
File /test_929.bin: opened:  8998 us, closed:     5 us, I/O:  16986 us, total:  31063 us, speed:   588 KB/s, CRC32: 0xC61C2AA0
File /test_930.bin: opened:  3071 us, closed:     5 us, I/O: 351631 us, total: 359777 us, speed:    28 KB/s, CRC32: 0xC61C2AA0
File /test_931.bin: opened:  3092 us, closed:     5 us, I/O:  22874 us, total:  31063 us, speed:   437 KB/s, CRC32: 0xC61C2AA0
File /test_932.bin: opened:  3073 us, closed:     5 us, I/O:  16930 us, total:  25075 us, speed:   590 KB/s, CRC32: 0xC61C2AA0
File /test_933.bin: opened:  3093 us, closed:     5 us, I/O:  16954 us, total:  25138 us, speed:   589 KB/s, CRC32: 0xC61C2AA0
File /test_934.bin: opened:  3090 us, closed:     5 us, I/O: 290815 us, total: 298940 us, speed:    34 KB/s, CRC32: 0xC61C2AA0
File /test_935.bin: opened:  3088 us, closed:     5 us, I/O:  16935 us, total:  25033 us, speed:   590 KB/s, CRC32: 0xC61C2AA0
File /test_936.bin: opened:  8999 us, closed:     5 us, I/O:  16951 us, total:  30983 us, speed:   589 KB/s, CRC32: 0xC61C2AA0
File /test_937.bin: opened:  3078 us, closed:     5 us, I/O:  16928 us, total:  25093 us, speed:   590 KB/s, CRC32: 0xC61C2AA0
File /test_938.bin: opened:  4394 us, closed:     5 us, I/O: 357282 us, total: 366761 us, speed:    27 KB/s, CRC32: 0xC61C2AA0
File /test_939.bin: opened:  3046 us, closed:     5 us, I/O:  16934 us, total:  25045 us, speed:   590 KB/s, CRC32: 0xC61C2AA0
File /test_940.bin: opened:  3095 us, closed:     5 us, I/O:  16976 us, total:  25124 us, speed:   589 KB/s, CRC32: 0xC61C2AA0
File /test_941.bin: opened:  3110 us, closed:     5 us, I/O:  16965 us, total:  25181 us, speed:   589 KB/s, CRC32: 0xC61C2AA0
File /test_942.bin: opened: 361816 us, closed:     5 us, I/O:  16921 us, total: 383874 us, speed:   590 KB/s, CRC32: 0xC61C2AA0
File /test_943.bin: opened:  3104 us, closed:     5 us, I/O:  22842 us, total:  30974 us, speed:   437 KB/s, CRC32: 0xC61C2AA0
File /test_944.bin: opened:  3117 us, closed:     5 us, I/O:  16958 us, total:  25115 us, speed:   589 KB/s, CRC32: 0xC61C2AA0
File /test_945.bin: opened:  3080 us, closed:     5 us, I/O:  18285 us, total:  26476 us, speed:   546 KB/s, CRC32: 0xC61C2AA0
File /test_946.bin: opened: 364928 us, closed:     5 us, I/O:  16938 us, total: 386953 us, speed:   590 KB/s, CRC32: 0xC61C2AA0
File /test_947.bin: opened:  3069 us, closed:     5 us, I/O:  16936 us, total:  25076 us, speed:   590 KB/s, CRC32: 0xC61C2AA0
File /test_948.bin: opened:  3070 us, closed:     5 us, I/O:  22853 us, total:  30972 us, speed:   437 KB/s, CRC32: 0xC61C2AA0
File /test_949.bin: opened:  3049 us, closed:     5 us, I/O:  18287 us, total:  26407 us, speed:   546 KB/s, CRC32: 0xC61C2AA0
File /test_950.bin: opened:  3104 us, closed:     5 us, I/O:  16990 us, total:  25153 us, speed:   588 KB/s, CRC32: 0xC61C2AA0
File /test_951.bin: opened:  3128 us, closed:     5 us, I/O:  16958 us, total:  25165 us, speed:   589 KB/s, CRC32: 0xC61C2AA0
File /test_952.bin: opened:  3118 us, closed:     5 us, I/O:  22884 us, total:  31045 us, speed:   436 KB/s, CRC32: 0xC61C2AA0
File /test_953.bin: opened:  3098 us, closed:     5 us, I/O: 361125 us, total: 369398 us, speed:    27 KB/s, CRC32: 0xC61C2AA0
File /test_954.bin: opened:  3141 us, closed:     5 us, I/O:  16962 us, total:  31063 us, speed:   589 KB/s, CRC32: 0xC61C2AA0
File /test_955.bin: opened:  3098 us, closed:     5 us, I/O:  16957 us, total:  25127 us, speed:   589 KB/s, CRC32: 0xC61C2AA0
File /test_956.bin: opened:  3105 us, closed:     5 us, I/O:  16965 us, total:  25109 us, speed:   589 KB/s, CRC32: 0xC61C2AA0
File /test_957.bin: opened:  3072 us, closed:     5 us, I/O: 291100 us, total: 299267 us, speed:    34 KB/s, CRC32: 0xC61C2AA0
File /test_958.bin: opened:  3049 us, closed:     5 us, I/O:  22853 us, total:  30998 us, speed:   437 KB/s, CRC32: 0xC61C2AA0
File /test_959.bin: opened:  3066 us, closed:     5 us, I/O:  16907 us, total:  25034 us, speed:   591 KB/s, CRC32: 0xC61C2AA0
File /test_960.bin: opened:  3137 us, closed:     5 us, I/O:  16947 us, total:  25161 us, speed:   590 KB/s, CRC32: 0xC61C2AA0
File /test_961.bin: opened:  3101 us, closed:     5 us, I/O: 325008 us, total: 333186 us, speed:    30 KB/s, CRC32: 0xC61C2AA0
File /test_962.bin: opened:  3111 us, closed:     5 us, I/O:  16928 us, total:  31072 us, speed:   590 KB/s, CRC32: 0xC61C2AA0
File /test_963.bin: opened:  3122 us, closed:     5 us, I/O:  16951 us, total:  25118 us, speed:   589 KB/s, CRC32: 0xC61C2AA0
File /test_964.bin: opened:  3093 us, closed:     5 us, I/O:  16952 us, total:  25192 us, speed:   589 KB/s, CRC32: 0xC61C2AA0
File /test_965.bin: opened:  3105 us, closed:     5 us, I/O: 349699 us, total: 357872 us, speed:    28 KB/s, CRC32: 0xC61C2AA0
File /test_966.bin: opened:  3071 us, closed:     5 us, I/O:  16927 us, total:  25082 us, speed:   590 KB/s, CRC32: 0xC61C2AA0
File /test_967.bin: opened:  3090 us, closed:     5 us, I/O:  16988 us, total:  25182 us, speed:   588 KB/s, CRC32: 0xC61C2AA0
File /test_968.bin: opened:  3064 us, closed:     5 us, I/O:  22891 us, total:  31001 us, speed:   436 KB/s, CRC32: 0xC61C2AA0
File /test_969.bin: opened:  3044 us, closed:     5 us, I/O:  18323 us, total:  26439 us, speed:   545 KB/s, CRC32: 0xC61C2AA0
File /test_970.bin: opened:  3130 us, closed:     5 us, I/O:  16953 us, total:  25206 us, speed:   589 KB/s, CRC32: 0xC61C2AA0
File /test_971.bin: opened:  3114 us, closed:     5 us, I/O:  17010 us, total:  25162 us, speed:   587 KB/s, CRC32: 0xC61C2AA0
File /test_972.bin: opened:  3120 us, closed:     5 us, I/O:  16920 us, total:  31091 us, speed:   591 KB/s, CRC32: 0xC61C2AA0
File /test_973.bin: opened:  3103 us, closed:     5 us, I/O: 293792 us, total: 301960 us, speed:    34 KB/s, CRC32: 0xC61C2AA0
File /test_974.bin: opened:  3097 us, closed:     5 us, I/O:  16969 us, total:  25116 us, speed:   589 KB/s, CRC32: 0xC61C2AA0
File /test_975.bin: opened:  3109 us, closed:     5 us, I/O:  16963 us, total:  25152 us, speed:   589 KB/s, CRC32: 0xC61C2AA0
File /test_976.bin: opened:  3086 us, closed:     5 us, I/O:  22847 us, total:  31031 us, speed:   437 KB/s, CRC32: 0xC61C2AA0
File /test_977.bin: opened:  3076 us, closed:     5 us, I/O: 369043 us, total: 377181 us, speed:    27 KB/s, CRC32: 0xC61C2AA0
File /test_978.bin: opened:  3059 us, closed:     8 us, I/O:  22855 us, total:  31049 us, speed:   437 KB/s, CRC32: 0xC61C2AA0
File /test_979.bin: opened:  3053 us, closed:     5 us, I/O:  16951 us, total:  25103 us, speed:   589 KB/s, CRC32: 0xC61C2AA0
File /test_980.bin: opened:  3147 us, closed:     5 us, I/O:  16966 us, total:  25169 us, speed:   589 KB/s, CRC32: 0xC61C2AA0
File /test_981.bin: opened:  3102 us, closed:     5 us, I/O: 376820 us, total: 385016 us, speed:    26 KB/s, CRC32: 0xC61C2AA0
File /test_982.bin: opened:  3128 us, closed:     5 us, I/O:  16927 us, total:  25141 us, speed:   590 KB/s, CRC32: 0xC61C2AA0
File /test_983.bin: opened:  3093 us, closed:     5 us, I/O:  22886 us, total:  31040 us, speed:   436 KB/s, CRC32: 0xC61C2AA0
File /test_984.bin: opened:  3071 us, closed:     5 us, I/O:  16962 us, total:  25094 us, speed:   589 KB/s, CRC32: 0xC61C2AA0
File /test_985.bin: opened:  3077 us, closed:     5 us, I/O: 375866 us, total: 383996 us, speed:    26 KB/s, CRC32: 0xC61C2AA0
File /test_986.bin: opened:  3074 us, closed:     5 us, I/O:  16978 us, total:  25093 us, speed:   588 KB/s, CRC32: 0xC61C2AA0
File /test_987.bin: opened:  3087 us, closed:     5 us, I/O:  16947 us, total:  25123 us, speed:   590 KB/s, CRC32: 0xC61C2AA0
File /test_988.bin: opened:  3062 us, closed:     5 us, I/O:  22856 us, total:  31011 us, speed:   437 KB/s, CRC32: 0xC61C2AA0
File /test_989.bin: opened:  3054 us, closed:     5 us, I/O:  18292 us, total:  26369 us, speed:   546 KB/s, CRC32: 0xC61C2AA0
File /test_990.bin: opened:  3135 us, closed:     5 us, I/O:  16947 us, total:  25155 us, speed:   590 KB/s, CRC32: 0xC61C2AA0
File /test_991.bin: opened:  3168 us, closed:     5 us, I/O:  16918 us, total:  25139 us, speed:   591 KB/s, CRC32: 0xC61C2AA0
File /test_992.bin: opened:  3105 us, closed:     5 us, I/O:  22849 us, total:  31049 us, speed:   437 KB/s, CRC32: 0xC61C2AA0
File /test_993.bin: opened:  3106 us, closed:     5 us, I/O: 355185 us, total: 363392 us, speed:    28 KB/s, CRC32: 0xC61C2AA0
File /test_994.bin: opened:  3085 us, closed:     5 us, I/O:  22892 us, total:  31037 us, speed:   436 KB/s, CRC32: 0xC61C2AA0
File /test_995.bin: opened:  3113 us, closed:     5 us, I/O:  16919 us, total:  25049 us, speed:   591 KB/s, CRC32: 0xC61C2AA0
File /test_996.bin: opened:  3065 us, closed:     5 us, I/O:  16958 us, total:  25072 us, speed:   589 KB/s, CRC32: 0xC61C2AA0
File /test_997.bin: opened:  3084 us, closed:     5 us, I/O: 294135 us, total: 302309 us, speed:    33 KB/s, CRC32: 0xC61C2AA0
File /test_998.bin: opened:  3092 us, closed:     5 us, I/O:  16957 us, total:  25114 us, speed:   589 KB/s, CRC32: 0xC61C2AA0
File /test_999.bin: opened:  3078 us, closed:     5 us, I/O:  16929 us, total:  31027 us, speed:   590 KB/s, CRC32: 0xC61C2AA0
File /test_1000.bin: opened:  3081 us, closed:     5 us, I/O:  16968 us, total:  25131 us, speed:   589 KB/s, CRC32: 0xC61C2AA0


=== Write Test Statistics ===
Successful operations: 1000
Failed operations:     0
Data processed: 10000 KB (10240000 bytes)

Timing breakdown:
  Open time     - Avg: 8088.4 us, Min:   2292 us, Max: 364928 us, Diff: 15821.8%
  Close time    - Avg:    5.1 us, Min:      5 us, Max:      9 us, Diff:  80.0%

Speed statistics:
  Max speed:      592 KB/s
  Avg speed:      202 KB/s
  Min speed:       25 KB/s

Data integrity:
  CRC errors    : 0
  Pattern errors: 0
  Size errors   : 0
  Total errors  : 0

Press any key to continue...

=== YAFFS2 Write Test ===

=== Test Configuration ===
Files count      : 1000
File size        : 10240 bytes (10.0 KB)
Block size       : 65536 bytes (64.0 KB)
Data pattern     : Constant (0xAA)
Data verification: Enabled
Writing 1000 files of 10240 bytes each...
File /test_001.bin: opened: 247026 us, closed:     5 us, I/O:  14935 us, total: 267068 us, speed:   669 KB/s, CRC32: 0xC61C2AA0
File /test_002.bin: opened:  2057 us, closed:     5 us, I/O:  14932 us, total:  22069 us, speed:   669 KB/s, CRC32: 0xC61C2AA0
File /test_003.bin: opened:  2019 us, closed:     8 us, I/O:  20931 us, total:  28041 us, speed:   477 KB/s, CRC32: 0xC61C2AA0
File /test_004.bin: opened:  2022 us, closed:     5 us, I/O:  16609 us, total:  23726 us, speed:   602 KB/s, CRC32: 0xC61C2AA0
File /test_005.bin: opened:  2027 us, closed:     5 us, I/O:  15042 us, total:  22149 us, speed:   664 KB/s, CRC32: 0xC61C2AA0
File /test_006.bin: opened:  2007 us, closed:     5 us, I/O:  14986 us, total:  22104 us, speed:   667 KB/s, CRC32: 0xC61C2AA0
File /test_007.bin: opened:  2023 us, closed:     5 us, I/O:  20938 us, total:  28039 us, speed:   477 KB/s, CRC32: 0xC61C2AA0
File /test_008.bin: opened:  2025 us, closed:     5 us, I/O:  16611 us, total:  23697 us, speed:   602 KB/s, CRC32: 0xC61C2AA0
File /test_009.bin: opened:  2023 us, closed:     5 us, I/O:  14986 us, total:  22092 us, speed:   667 KB/s, CRC32: 0xC61C2AA0
File /test_010.bin: opened:  2018 us, closed:     5 us, I/O:  14957 us, total:  22084 us, speed:   668 KB/s, CRC32: 0xC61C2AA0
File /test_011.bin: opened:  2021 us, closed:     5 us, I/O:  20970 us, total:  28061 us, speed:   476 KB/s, CRC32: 0xC61C2AA0
File /test_012.bin: opened:  2027 us, closed:     5 us, I/O:  16633 us, total:  23745 us, speed:   601 KB/s, CRC32: 0xC61C2AA0
File /test_013.bin: opened:  2035 us, closed:     5 us, I/O:  15015 us, total:  22143 us, speed:   666 KB/s, CRC32: 0xC61C2AA0
File /test_014.bin: opened:  2020 us, closed:     5 us, I/O:  15007 us, total:  22134 us, speed:   666 KB/s, CRC32: 0xC61C2AA0
File /test_015.bin: opened:  2052 us, closed:     5 us, I/O:  20953 us, total:  28084 us, speed:   477 KB/s, CRC32: 0xC61C2AA0
File /test_016.bin: opened:  2023 us, closed:     5 us, I/O:  16628 us, total:  23736 us, speed:   601 KB/s, CRC32: 0xC61C2AA0
File /test_017.bin: opened:  2031 us, closed:     5 us, I/O:  15037 us, total:  22131 us, speed:   665 KB/s, CRC32: 0xC61C2AA0
File /test_018.bin: opened:  2017 us, closed:     5 us, I/O:  15025 us, total:  22126 us, speed:   665 KB/s, CRC32: 0xC61C2AA0
File /test_019.bin: opened:  2030 us, closed:     5 us, I/O:  20980 us, total:  28115 us, speed:   476 KB/s, CRC32: 0xC61C2AA0
File /test_020.bin: opened:  2021 us, closed:     5 us, I/O:  16515 us, total:  23559 us, speed:   605 KB/s, CRC32: 0xC61C2AA0
File /test_021.bin: opened:  2049 us, closed:     5 us, I/O:  14963 us, total:  22110 us, speed:   668 KB/s, CRC32: 0xC61C2AA0
File /test_022.bin: opened:  2029 us, closed:     5 us, I/O:  15033 us, total:  22125 us, speed:   665 KB/s, CRC32: 0xC61C2AA0
File /test_023.bin: opened:  2021 us, closed:     5 us, I/O:  14980 us, total:  22049 us, speed:   667 KB/s, CRC32: 0xC61C2AA0
File /test_024.bin: opened:  8016 us, closed:     5 us, I/O:  16580 us, total:  29681 us, speed:   603 KB/s, CRC32: 0xC61C2AA0
File /test_025.bin: opened:  2024 us, closed:     5 us, I/O:  15036 us, total:  22120 us, speed:   665 KB/s, CRC32: 0xC61C2AA0
File /test_026.bin: opened:  2023 us, closed:     5 us, I/O:  15018 us, total:  22078 us, speed:   665 KB/s, CRC32: 0xC61C2AA0
File /test_027.bin: opened:  2041 us, closed:     5 us, I/O:  15044 us, total:  22159 us, speed:   664 KB/s, CRC32: 0xC61C2AA0
File /test_028.bin: opened:  2046 us, closed:    21 us, I/O:  16571 us, total:  29683 us, speed:   603 KB/s, CRC32: 0xC61C2AA0
File /test_029.bin: opened:  2045 us, closed:     5 us, I/O:  15036 us, total:  22151 us, speed:   665 KB/s, CRC32: 0xC61C2AA0
File /test_030.bin: opened:  2024 us, closed:     5 us, I/O:  15003 us, total:  22102 us, speed:   666 KB/s, CRC32: 0xC61C2AA0
File /test_031.bin: opened:  2034 us, closed:     5 us, I/O:  15033 us, total:  22124 us, speed:   665 KB/s, CRC32: 0xC61C2AA0
File /test_032.bin: opened:  2051 us, closed:     5 us, I/O:  16581 us, total:  29681 us, speed:   603 KB/s, CRC32: 0xC61C2AA0
File /test_033.bin: opened:  2062 us, closed:     5 us, I/O:  15038 us, total:  22127 us, speed:   664 KB/s, CRC32: 0xC61C2AA0
File /test_034.bin: opened:  2060 us, closed:     5 us, I/O:  15022 us, total:  22165 us, speed:   665 KB/s, CRC32: 0xC61C2AA0
File /test_035.bin: opened:  2038 us, closed:     5 us, I/O:  14981 us, total:  22076 us, speed:   667 KB/s, CRC32: 0xC61C2AA0
File /test_036.bin: opened:  2042 us, closed:     5 us, I/O:  16600 us, total:  29704 us, speed:   602 KB/s, CRC32: 0xC61C2AA0
File /test_037.bin: opened:  2046 us, closed:     5 us, I/O:  15008 us, total:  22149 us, speed:   666 KB/s, CRC32: 0xC61C2AA0
File /test_038.bin: opened:  2056 us, closed:     5 us, I/O:  15028 us, total:  22140 us, speed:   665 KB/s, CRC32: 0xC61C2AA0
File /test_039.bin: opened:  2057 us, closed:     5 us, I/O:  15018 us, total:  22099 us, speed:   665 KB/s, CRC32: 0xC61C2AA0
File /test_040.bin: opened:  2064 us, closed:     5 us, I/O:  22517 us, total:  29729 us, speed:   444 KB/s, CRC32: 0xC61C2AA0
File /test_041.bin: opened:  2065 us, closed:     9 us, I/O:  14980 us, total:  22091 us, speed:   667 KB/s, CRC32: 0xC61C2AA0
File /test_042.bin: opened:  2057 us, closed:     5 us, I/O:  15053 us, total:  22187 us, speed:   664 KB/s, CRC32: 0xC61C2AA0
File /test_043.bin: opened:  2034 us, closed:     5 us, I/O:  15034 us, total:  22118 us, speed:   665 KB/s, CRC32: 0xC61C2AA0
File /test_044.bin: opened:  2054 us, closed:     5 us, I/O:  22626 us, total:  29753 us, speed:   441 KB/s, CRC32: 0xC61C2AA0
File /test_045.bin: opened:  2075 us, closed:     5 us, I/O:  14945 us, total:  22108 us, speed:   669 KB/s, CRC32: 0xC61C2AA0
File /test_046.bin: opened:  2058 us, closed:     5 us, I/O:  15013 us, total:  22160 us, speed:   666 KB/s, CRC32: 0xC61C2AA0
File /test_047.bin: opened:  2068 us, closed:     8 us, I/O:  15041 us, total:  22210 us, speed:   664 KB/s, CRC32: 0xC61C2AA0
File /test_048.bin: opened:  2059 us, closed:     5 us, I/O:  22585 us, total:  29685 us, speed:   442 KB/s, CRC32: 0xC61C2AA0
File /test_049.bin: opened:  2066 us, closed:     5 us, I/O:  15011 us, total:  22150 us, speed:   666 KB/s, CRC32: 0xC61C2AA0
File /test_050.bin: opened:  2069 us, closed:     5 us, I/O:  15021 us, total:  22182 us, speed:   665 KB/s, CRC32: 0xC61C2AA0
File /test_051.bin: opened:  2056 us, closed:     5 us, I/O:  15036 us, total:  22167 us, speed:   665 KB/s, CRC32: 0xC61C2AA0
File /test_052.bin: opened:  3242 us, closed:     5 us, I/O:  21337 us, total:  29651 us, speed:   468 KB/s, CRC32: 0xC61C2AA0
File /test_053.bin: opened:  2061 us, closed:     5 us, I/O:  14954 us, total:  22067 us, speed:   668 KB/s, CRC32: 0xC61C2AA0
File /test_054.bin: opened:  2080 us, closed:     9 us, I/O:  15002 us, total:  22133 us, speed:   666 KB/s, CRC32: 0xC61C2AA0
File /test_055.bin: opened:  2090 us, closed:     5 us, I/O:  15103 us, total:  22248 us, speed:   662 KB/s, CRC32: 0xC61C2AA0
File /test_056.bin: opened:  3631 us, closed:     5 us, I/O:  20990 us, total:  29724 us, speed:   476 KB/s, CRC32: 0xC61C2AA0
File /test_057.bin: opened:  2071 us, closed:     5 us, I/O:  14958 us, total:  22073 us, speed:   668 KB/s, CRC32: 0xC61C2AA0
File /test_058.bin: opened:  2061 us, closed:     5 us, I/O:  15028 us, total:  22232 us, speed:   665 KB/s, CRC32: 0xC61C2AA0
File /test_059.bin: opened:  2074 us, closed:     5 us, I/O:  16225 us, total:  23376 us, speed:   616 KB/s, CRC32: 0xC61C2AA0
File /test_060.bin: opened:  2463 us, closed:     5 us, I/O:  20932 us, total:  28469 us, speed:   477 KB/s, CRC32: 0xC61C2AA0
File /test_061.bin: opened:  2051 us, closed:     5 us, I/O:  14983 us, total:  22122 us, speed:   667 KB/s, CRC32: 0xC61C2AA0
File /test_062.bin: opened:  2096 us, closed:     5 us, I/O:  15002 us, total:  22148 us, speed:   666 KB/s, CRC32: 0xC61C2AA0
File /test_063.bin: opened:  2065 us, closed:     5 us, I/O:  16637 us, total:  23746 us, speed:   601 KB/s, CRC32: 0xC61C2AA0
File /test_064.bin: opened:  2069 us, closed:     9 us, I/O:  20932 us, total:  28071 us, speed:   477 KB/s, CRC32: 0xC61C2AA0
File /test_065.bin: opened:  2079 us, closed:     5 us, I/O:  15032 us, total:  22290 us, speed:   665 KB/s, CRC32: 0xC61C2AA0
File /test_066.bin: opened:  2082 us, closed:     5 us, I/O:  15055 us, total:  22246 us, speed:   664 KB/s, CRC32: 0xC61C2AA0
File /test_067.bin: opened:  2106 us, closed:     5 us, I/O:  16629 us, total:  23791 us, speed:   601 KB/s, CRC32: 0xC61C2AA0
File /test_068.bin: opened:  2075 us, closed:     5 us, I/O:  20957 us, total:  28109 us, speed:   477 KB/s, CRC32: 0xC61C2AA0
File /test_069.bin: opened:  2083 us, closed:     5 us, I/O:  15037 us, total:  22173 us, speed:   665 KB/s, CRC32: 0xC61C2AA0
File /test_070.bin: opened:  2066 us, closed:     5 us, I/O:  14976 us, total:  22084 us, speed:   667 KB/s, CRC32: 0xC61C2AA0
File /test_071.bin: opened:  2093 us, closed:     5 us, I/O:  16595 us, total:  23776 us, speed:   602 KB/s, CRC32: 0xC61C2AA0
File /test_072.bin: opened:  2064 us, closed:     5 us, I/O:  21044 us, total:  28185 us, speed:   475 KB/s, CRC32: 0xC61C2AA0
File /test_073.bin: opened:  2061 us, closed:     5 us, I/O:  14975 us, total:  22097 us, speed:   667 KB/s, CRC32: 0xC61C2AA0
File /test_074.bin: opened:  2075 us, closed:     5 us, I/O:  15048 us, total:  22238 us, speed:   664 KB/s, CRC32: 0xC61C2AA0
File /test_075.bin: opened:  2063 us, closed:     5 us, I/O:  16566 us, total:  23719 us, speed:   603 KB/s, CRC32: 0xC61C2AA0
File /test_076.bin: opened:  2105 us, closed:     5 us, I/O:  21010 us, total:  28231 us, speed:   475 KB/s, CRC32: 0xC61C2AA0
File /test_077.bin: opened:  2093 us, closed:     5 us, I/O:  15030 us, total:  22211 us, speed:   665 KB/s, CRC32: 0xC61C2AA0
File /test_078.bin: opened:  2070 us, closed:     5 us, I/O:  15038 us, total:  22207 us, speed:   664 KB/s, CRC32: 0xC61C2AA0
File /test_079.bin: opened:  2087 us, closed:     5 us, I/O:  16554 us, total:  23754 us, speed:   604 KB/s, CRC32: 0xC61C2AA0
File /test_080.bin: opened:  2099 us, closed:     5 us, I/O:  20899 us, total:  28127 us, speed:   478 KB/s, CRC32: 0xC61C2AA0
File /test_081.bin: opened:  2084 us, closed:     5 us, I/O:  15028 us, total:  22140 us, speed:   665 KB/s, CRC32: 0xC61C2AA0
File /test_082.bin: opened:  2089 us, closed:     5 us, I/O:  15029 us, total:  22242 us, speed:   665 KB/s, CRC32: 0xC61C2AA0
File /test_083.bin: opened:  2065 us, closed:     5 us, I/O:  16571 us, total:  23740 us, speed:   603 KB/s, CRC32: 0xC61C2AA0
File /test_084.bin: opened:  2114 us, closed:     5 us, I/O:  20979 us, total:  28134 us, speed:   476 KB/s, CRC32: 0xC61C2AA0
File /test_085.bin: opened:  2087 us, closed:     5 us, I/O:  15046 us, total:  22222 us, speed:   664 KB/s, CRC32: 0xC61C2AA0
File /test_086.bin: opened:  2067 us, closed:     5 us, I/O:  14946 us, total:  22087 us, speed:   669 KB/s, CRC32: 0xC61C2AA0
File /test_087.bin: opened:  2084 us, closed:     5 us, I/O:  16556 us, total:  23738 us, speed:   604 KB/s, CRC32: 0xC61C2AA0
File /test_088.bin: opened:  2099 us, closed:     5 us, I/O:  15002 us, total:  22153 us, speed:   666 KB/s, CRC32: 0xC61C2AA0
File /test_089.bin: opened:  8027 us, closed:     5 us, I/O:  15077 us, total:  28149 us, speed:   663 KB/s, CRC32: 0xC61C2AA0
File /test_090.bin: opened:  2099 us, closed:     5 us, I/O:  15068 us, total:  22284 us, speed:   663 KB/s, CRC32: 0xC61C2AA0
File /test_091.bin: opened:  2101 us, closed:     5 us, I/O:  16619 us, total:  23780 us, speed:   601 KB/s, CRC32: 0xC61C2AA0
File /test_092.bin: opened:  2105 us, closed:     5 us, I/O:  15001 us, total:  22177 us, speed:   666 KB/s, CRC32: 0xC61C2AA0
File /test_093.bin: opened:  8019 us, closed:     5 us, I/O:  14987 us, total:  28122 us, speed:   667 KB/s, CRC32: 0xC61C2AA0
File /test_094.bin: opened:  2103 us, closed:     5 us, I/O:  15001 us, total:  22150 us, speed:   666 KB/s, CRC32: 0xC61C2AA0
File /test_095.bin: opened:  2085 us, closed:     5 us, I/O:  16594 us, total:  23775 us, speed:   602 KB/s, CRC32: 0xC61C2AA0
File /test_096.bin: opened:  2117 us, closed:     5 us, I/O:  15039 us, total:  22195 us, speed:   664 KB/s, CRC32: 0xC61C2AA0
File /test_097.bin: opened:  2118 us, closed:     5 us, I/O:  15006 us, total:  28182 us, speed:   666 KB/s, CRC32: 0xC61C2AA0
File /test_098.bin: opened:  2079 us, closed:     5 us, I/O:  14967 us, total:  22148 us, speed:   668 KB/s, CRC32: 0xC61C2AA0
File /test_099.bin: opened:  2118 us, closed:     5 us, I/O:  16614 us, total:  23847 us, speed:   601 KB/s, CRC32: 0xC61C2AA0
File /test_100.bin: opened:  2099 us, closed:     5 us, I/O:  15039 us, total:  22210 us, speed:   664 KB/s, CRC32: 0xC61C2AA0
File /test_101.bin: opened:  2145 us, closed:     5 us, I/O:  15034 us, total:  28253 us, speed:   665 KB/s, CRC32: 0xC61C2AA0
File /test_102.bin: opened:  2113 us, closed:     8 us, I/O:  15024 us, total:  22232 us, speed:   665 KB/s, CRC32: 0xC61C2AA0
File /test_103.bin: opened:  2130 us, closed:     5 us, I/O:  16602 us, total:  23840 us, speed:   602 KB/s, CRC32: 0xC61C2AA0
File /test_104.bin: opened:  2085 us, closed:     5 us, I/O:  15038 us, total:  22206 us, speed:   664 KB/s, CRC32: 0xC61C2AA0
File /test_105.bin: opened:  2100 us, closed:     5 us, I/O:  15024 us, total:  28160 us, speed:   665 KB/s, CRC32: 0xC61C2AA0
File /test_106.bin: opened:  2118 us, closed:     5 us, I/O:  14967 us, total:  22167 us, speed:   668 KB/s, CRC32: 0xC61C2AA0
File /test_107.bin: opened:  2103 us, closed:     5 us, I/O:  16619 us, total:  23822 us, speed:   601 KB/s, CRC32: 0xC61C2AA0
File /test_108.bin: opened:  2126 us, closed:     5 us, I/O:  15022 us, total:  22272 us, speed:   665 KB/s, CRC32: 0xC61C2AA0
File /test_109.bin: opened:  2135 us, closed:     5 us, I/O:  21012 us, total:  28248 us, speed:   475 KB/s, CRC32: 0xC61C2AA0
File /test_110.bin: opened:  2108 us, closed:     5 us, I/O:  14975 us, total:  22148 us, speed:   667 KB/s, CRC32: 0xC61C2AA0
File /test_111.bin: opened:  2091 us, closed:     5 us, I/O:  16627 us, total:  23818 us, speed:   601 KB/s, CRC32: 0xC61C2AA0
File /test_112.bin: opened:  2127 us, closed:     5 us, I/O:  15036 us, total:  22204 us, speed:   665 KB/s, CRC32: 0xC61C2AA0
File /test_113.bin: opened:  2111 us, closed:     5 us, I/O:  21007 us, total:  28234 us, speed:   476 KB/s, CRC32: 0xC61C2AA0
File /test_114.bin: opened:  2119 us, closed:     5 us, I/O:  14951 us, total:  22120 us, speed:   668 KB/s, CRC32: 0xC61C2AA0
File /test_115.bin: opened:  3286 us, closed:     9 us, I/O:  15461 us, total:  23845 us, speed:   646 KB/s, CRC32: 0xC61C2AA0
File /test_116.bin: opened:  2097 us, closed:     5 us, I/O:  15046 us, total:  22229 us, speed:   664 KB/s, CRC32: 0xC61C2AA0
File /test_117.bin: opened:  2110 us, closed:     5 us, I/O:  20954 us, total:  28178 us, speed:   477 KB/s, CRC32: 0xC61C2AA0
File /test_118.bin: opened:  2099 us, closed:     8 us, I/O:  14987 us, total:  22111 us, speed:   667 KB/s, CRC32: 0xC61C2AA0
File /test_119.bin: opened:  3724 us, closed:     9 us, I/O:  15037 us, total:  23840 us, speed:   665 KB/s, CRC32: 0xC61C2AA0
File /test_120.bin: opened:  2095 us, closed:     5 us, I/O:  15038 us, total:  22298 us, speed:   664 KB/s, CRC32: 0xC61C2AA0
File /test_121.bin: opened:  2104 us, closed:     5 us, I/O:  20960 us, total:  28173 us, speed:   477 KB/s, CRC32: 0xC61C2AA0
File /test_122.bin: opened:  2120 us, closed:     5 us, I/O:  16151 us, total:  23300 us, speed:   619 KB/s, CRC32: 0xC61C2AA0
File /test_123.bin: opened:  2536 us, closed:     5 us, I/O:  15026 us, total:  22619 us, speed:   665 KB/s, CRC32: 0xC61C2AA0
File /test_124.bin: opened:  2153 us, closed:     5 us, I/O:  15027 us, total:  22272 us, speed:   665 KB/s, CRC32: 0xC61C2AA0
File /test_125.bin: opened:  2111 us, closed:     5 us, I/O:  21013 us, total:  28238 us, speed:   475 KB/s, CRC32: 0xC61C2AA0
File /test_126.bin: opened:  2118 us, closed:     5 us, I/O:  16591 us, total:  23747 us, speed:   602 KB/s, CRC32: 0xC61C2AA0
File /test_127.bin: opened:  2105 us, closed:     5 us, I/O:  15011 us, total:  22173 us, speed:   666 KB/s, CRC32: 0xC61C2AA0
File /test_128.bin: opened:  2137 us, closed:     5 us, I/O:  15072 us, total:  22333 us, speed:   663 KB/s, CRC32: 0xC61C2AA0
File /test_129.bin: opened:  2119 us, closed:     5 us, I/O:  20996 us, total:  28222 us, speed:   476 KB/s, CRC32: 0xC61C2AA0
File /test_130.bin: opened:  2115 us, closed:     5 us, I/O:  16642 us, total:  23832 us, speed:   600 KB/s, CRC32: 0xC61C2AA0
File /test_131.bin: opened:  2114 us, closed:     5 us, I/O:  15021 us, total:  22220 us, speed:   665 KB/s, CRC32: 0xC61C2AA0
File /test_132.bin: opened:  2133 us, closed:     5 us, I/O:  15048 us, total:  22273 us, speed:   664 KB/s, CRC32: 0xC61C2AA0
File /test_133.bin: opened:  2129 us, closed:     9 us, I/O:  21021 us, total:  28231 us, speed:   475 KB/s, CRC32: 0xC61C2AA0
File /test_134.bin: opened:  2147 us, closed:     5 us, I/O:  16678 us, total:  23899 us, speed:   599 KB/s, CRC32: 0xC61C2AA0
File /test_135.bin: opened:  2141 us, closed:     5 us, I/O:  15052 us, total:  22265 us, speed:   664 KB/s, CRC32: 0xC61C2AA0
File /test_136.bin: opened:  2136 us, closed:     5 us, I/O:  15053 us, total:  22350 us, speed:   664 KB/s, CRC32: 0xC61C2AA0
File /test_137.bin: opened:  2144 us, closed:     5 us, I/O:  21013 us, total:  28230 us, speed:   475 KB/s, CRC32: 0xC61C2AA0
File /test_138.bin: opened:  2143 us, closed:     5 us, I/O:  16624 us, total:  23851 us, speed:   601 KB/s, CRC32: 0xC61C2AA0
File /test_139.bin: opened:  2123 us, closed:     5 us, I/O:  14989 us, total:  22633 us, speed:   667 KB/s, CRC32: 0xC61C2AA0
File /test_140.bin: opened:  2131 us, closed:     5 us, I/O:  15010 us, total:  22224 us, speed:   666 KB/s, CRC32: 0xC61C2AA0
File /test_141.bin: opened:  2126 us, closed:     5 us, I/O:  21030 us, total:  28203 us, speed:   475 KB/s, CRC32: 0xC61C2AA0
File /test_142.bin: opened:  2142 us, closed:     5 us, I/O:  16587 us, total:  23820 us, speed:   602 KB/s, CRC32: 0xC61C2AA0
File /test_143.bin: opened:  2160 us, closed:     5 us, I/O:  15017 us, total:  22284 us, speed:   665 KB/s, CRC32: 0xC61C2AA0
File /test_144.bin: opened:  2160 us, closed:     5 us, I/O:  15009 us, total:  22280 us, speed:   666 KB/s, CRC32: 0xC61C2AA0
File /test_145.bin: opened:  2142 us, closed:     5 us, I/O:  21004 us, total:  28225 us, speed:   476 KB/s, CRC32: 0xC61C2AA0
File /test_146.bin: opened:  2144 us, closed:     5 us, I/O:  16663 us, total:  23885 us, speed:   600 KB/s, CRC32: 0xC61C2AA0
File /test_147.bin: opened:  2151 us, closed:     9 us, I/O:  15016 us, total:  22252 us, speed:   665 KB/s, CRC32: 0xC61C2AA0
File /test_148.bin: opened:  2152 us, closed:     5 us, I/O:  15019 us, total:  22305 us, speed:   665 KB/s, CRC32: 0xC61C2AA0
File /test_149.bin: opened:  2155 us, closed:     5 us, I/O:  21005 us, total:  28272 us, speed:   476 KB/s, CRC32: 0xC61C2AA0
File /test_150.bin: opened:  2123 us, closed:     5 us, I/O:  16639 us, total:  23801 us, speed:   600 KB/s, CRC32: 0xC61C2AA0
File /test_151.bin: opened:  2126 us, closed:     5 us, I/O:  15026 us, total:  22215 us, speed:   665 KB/s, CRC32: 0xC61C2AA0
File /test_152.bin: opened:  2122 us, closed:     5 us, I/O:  15041 us, total:  22244 us, speed:   664 KB/s, CRC32: 0xC61C2AA0
File /test_153.bin: opened:  2136 us, closed:     5 us, I/O:  20961 us, total:  28185 us, speed:   477 KB/s, CRC32: 0xC61C2AA0
File /test_154.bin: opened:  2140 us, closed:     5 us, I/O:  16630 us, total:  23832 us, speed:   601 KB/s, CRC32: 0xC61C2AA0
File /test_155.bin: opened:  2140 us, closed:     5 us, I/O:  15038 us, total:  22303 us, speed:   664 KB/s, CRC32: 0xC61C2AA0
File /test_156.bin: opened:  2133 us, closed:     5 us, I/O:  14951 us, total:  22192 us, speed:   668 KB/s, CRC32: 0xC61C2AA0
File /test_157.bin: opened:  2167 us, closed:     5 us, I/O:  20952 us, total:  28213 us, speed:   477 KB/s, CRC32: 0xC61C2AA0
File /test_158.bin: opened:  2146 us, closed:     5 us, I/O:  16644 us, total:  23839 us, speed:   600 KB/s, CRC32: 0xC61C2AA0
File /test_159.bin: opened:  2124 us, closed:     5 us, I/O:  15014 us, total:  22226 us, speed:   666 KB/s, CRC32: 0xC61C2AA0
File /test_160.bin: opened:  2138 us, closed:     5 us, I/O:  15002 us, total:  22210 us, speed:   666 KB/s, CRC32: 0xC61C2AA0
File /test_161.bin: opened:  2147 us, closed:     5 us, I/O:  20992 us, total:  28226 us, speed:   476 KB/s, CRC32: 0xC61C2AA0
File /test_162.bin: opened:  2159 us, closed:     5 us, I/O:  16626 us, total:  23811 us, speed:   601 KB/s, CRC32: 0xC61C2AA0
File /test_163.bin: opened:  2170 us, closed:     5 us, I/O:  15051 us, total:  22339 us, speed:   664 KB/s, CRC32: 0xC61C2AA0
File /test_164.bin: opened:  2167 us, closed:     5 us, I/O:  14999 us, total:  22294 us, speed:   666 KB/s, CRC32: 0xC61C2AA0
File /test_165.bin: opened:  2159 us, closed:     5 us, I/O:  15047 us, total:  22313 us, speed:   664 KB/s, CRC32: 0xC61C2AA0
File /test_166.bin: opened:  8142 us, closed:     9 us, I/O:  16662 us, total:  29852 us, speed:   600 KB/s, CRC32: 0xC61C2AA0
File /test_167.bin: opened:  2155 us, closed:     5 us, I/O:  14999 us, total:  22238 us, speed:   666 KB/s, CRC32: 0xC61C2AA0
File /test_168.bin: opened:  2162 us, closed:     5 us, I/O:  15018 us, total:  22237 us, speed:   665 KB/s, CRC32: 0xC61C2AA0
File /test_169.bin: opened:  2141 us, closed:     5 us, I/O:  15065 us, total:  22268 us, speed:   663 KB/s, CRC32: 0xC61C2AA0
File /test_170.bin: opened:  8082 us, closed:     5 us, I/O:  16630 us, total:  29772 us, speed:   601 KB/s, CRC32: 0xC61C2AA0
File /test_171.bin: opened:  2142 us, closed:     5 us, I/O:  15034 us, total:  22228 us, speed:   665 KB/s, CRC32: 0xC61C2AA0
File /test_172.bin: opened:  2190 us, closed:     6 us, I/O:  15022 us, total:  22272 us, speed:   665 KB/s, CRC32: 0xC61C2AA0
File /test_173.bin: opened:  2149 us, closed:     5 us, I/O:  15048 us, total:  22255 us, speed:   664 KB/s, CRC32: 0xC61C2AA0
File /test_174.bin: opened:  2164 us, closed:     5 us, I/O:  16679 us, total:  29896 us, speed:   599 KB/s, CRC32: 0xC61C2AA0
File /test_175.bin: opened:  2141 us, closed:     8 us, I/O:  15034 us, total:  22250 us, speed:   665 KB/s, CRC32: 0xC61C2AA0
File /test_176.bin: opened:  2149 us, closed:     9 us, I/O:  15031 us, total:  22256 us, speed:   665 KB/s, CRC32: 0xC61C2AA0
File /test_177.bin: opened:  2156 us, closed:     5 us, I/O:  15073 us, total:  22324 us, speed:   663 KB/s, CRC32: 0xC61C2AA0
File /test_178.bin: opened:  3314 us, closed:     5 us, I/O:  15460 us, total:  29801 us, speed:   646 KB/s, CRC32: 0xC61C2AA0
File /test_179.bin: opened:  2179 us, closed:     5 us, I/O:  15029 us, total:  22357 us, speed:   665 KB/s, CRC32: 0xC61C2AA0
File /test_180.bin: opened:  2200 us, closed:     5 us, I/O:  15023 us, total:  22332 us, speed:   665 KB/s, CRC32: 0xC61C2AA0
File /test_181.bin: opened:  2180 us, closed:     5 us, I/O:  15090 us, total:  22299 us, speed:   662 KB/s, CRC32: 0xC61C2AA0
File /test_182.bin: opened:  3773 us, closed:     5 us, I/O:  15063 us, total:  29853 us, speed:   663 KB/s, CRC32: 0xC61C2AA0
File /test_183.bin: opened:  2179 us, closed:     5 us, I/O:  15007 us, total:  22237 us, speed:   666 KB/s, CRC32: 0xC61C2AA0
File /test_184.bin: opened:  2182 us, closed:     5 us, I/O:  14991 us, total:  22258 us, speed:   667 KB/s, CRC32: 0xC61C2AA0
File /test_185.bin: opened:  2164 us, closed:     5 us, I/O:  16222 us, total:  23476 us, speed:   616 KB/s, CRC32: 0xC61C2AA0
File /test_186.bin: opened:  2601 us, closed:     5 us, I/O:  15035 us, total:  28704 us, speed:   665 KB/s, CRC32: 0xC61C2AA0
File /test_187.bin: opened:  2192 us, closed:     5 us, I/O:  14987 us, total:  22262 us, speed:   667 KB/s, CRC32: 0xC61C2AA0
File /test_188.bin: opened:  2165 us, closed:     5 us, I/O:  14989 us, total:  22248 us, speed:   667 KB/s, CRC32: 0xC61C2AA0
File /test_189.bin: opened:  2158 us, closed:     5 us, I/O:  16666 us, total:  23913 us, speed:   600 KB/s, CRC32: 0xC61C2AA0
File /test_190.bin: opened:  2207 us, closed:     5 us, I/O:  15005 us, total:  28214 us, speed:   666 KB/s, CRC32: 0xC61C2AA0
File /test_191.bin: opened:  2182 us, closed:     5 us, I/O:  14999 us, total:  22333 us, speed:   666 KB/s, CRC32: 0xC61C2AA0
File /test_192.bin: opened:  2170 us, closed:     8 us, I/O:  15071 us, total:  22335 us, speed:   663 KB/s, CRC32: 0xC61C2AA0
File /test_193.bin: opened:  2166 us, closed:     5 us, I/O:  16596 us, total:  23803 us, speed:   602 KB/s, CRC32: 0xC61C2AA0
File /test_194.bin: opened:  2186 us, closed:     5 us, I/O:  15022 us, total:  28238 us, speed:   665 KB/s, CRC32: 0xC61C2AA0
File /test_195.bin: opened:  2186 us, closed:     9 us, I/O:  15002 us, total:  22245 us, speed:   666 KB/s, CRC32: 0xC61C2AA0
File /test_196.bin: opened:  2148 us, closed:     5 us, I/O:  15083 us, total:  22311 us, speed:   662 KB/s, CRC32: 0xC61C2AA0
File /test_197.bin: opened:  2196 us, closed:     5 us, I/O:  16599 us, total:  23943 us, speed:   602 KB/s, CRC32: 0xC61C2AA0
File /test_198.bin: opened:  2187 us, closed:     8 us, I/O:  15042 us, total:  28282 us, speed:   664 KB/s, CRC32: 0xC61C2AA0
File /test_199.bin: opened:  2163 us, closed:     6 us, I/O:  14997 us, total:  22265 us, speed:   666 KB/s, CRC32: 0xC61C2AA0
File /test_200.bin: opened:  2169 us, closed:     5 us, I/O:  15067 us, total:  22341 us, speed:   663 KB/s, CRC32: 0xC61C2AA0
File /test_201.bin: opened:  2183 us, closed:     5 us, I/O:  16616 us, total:  23902 us, speed:   601 KB/s, CRC32: 0xC61C2AA0
File /test_202.bin: opened:  2216 us, closed:     5 us, I/O:  21017 us, total:  28307 us, speed:   475 KB/s, CRC32: 0xC61C2AA0
File /test_203.bin: opened:  2186 us, closed:     5 us, I/O:  14980 us, total:  22247 us, speed:   667 KB/s, CRC32: 0xC61C2AA0
File /test_204.bin: opened:  2194 us, closed:     5 us, I/O:  15009 us, total:  22313 us, speed:   666 KB/s, CRC32: 0xC61C2AA0
File /test_205.bin: opened:  2194 us, closed:     5 us, I/O:  16640 us, total:  23926 us, speed:   600 KB/s, CRC32: 0xC61C2AA0
File /test_206.bin: opened:  2209 us, closed:     5 us, I/O:  21021 us, total:  28296 us, speed:   475 KB/s, CRC32: 0xC61C2AA0
File /test_207.bin: opened:  2177 us, closed:     9 us, I/O:  14991 us, total:  22269 us, speed:   667 KB/s, CRC32: 0xC61C2AA0
File /test_208.bin: opened:  2191 us, closed:     5 us, I/O:  15083 us, total:  22364 us, speed:   662 KB/s, CRC32: 0xC61C2AA0
File /test_209.bin: opened:  2194 us, closed:     5 us, I/O:  16625 us, total:  23887 us, speed:   601 KB/s, CRC32: 0xC61C2AA0
File /test_210.bin: opened:  2201 us, closed:     5 us, I/O:  21001 us, total:  28272 us, speed:   476 KB/s, CRC32: 0xC61C2AA0
File /test_211.bin: opened:  2184 us, closed:     5 us, I/O:  14959 us, total:  22210 us, speed:   668 KB/s, CRC32: 0xC61C2AA0
File /test_212.bin: opened:  2190 us, closed:     5 us, I/O:  15007 us, total:  22266 us, speed:   666 KB/s, CRC32: 0xC61C2AA0
File /test_213.bin: opened:  2242 us, closed:     5 us, I/O:  16616 us, total:  23966 us, speed:   601 KB/s, CRC32: 0xC61C2AA0
File /test_214.bin: opened:  2204 us, closed:     5 us, I/O:  20981 us, total:  28265 us, speed:   476 KB/s, CRC32: 0xC61C2AA0
File /test_215.bin: opened:  2207 us, closed:     5 us, I/O:  14981 us, total:  22251 us, speed:   667 KB/s, CRC32: 0xC61C2AA0
File /test_216.bin: opened:  2181 us, closed:     5 us, I/O:  15012 us, total:  22275 us, speed:   666 KB/s, CRC32: 0xC61C2AA0
File /test_217.bin: opened:  2211 us, closed:     5 us, I/O:  16639 us, total:  23890 us, speed:   600 KB/s, CRC32: 0xC61C2AA0
File /test_218.bin: opened:  2217 us, closed:     5 us, I/O:  21020 us, total:  28285 us, speed:   475 KB/s, CRC32: 0xC61C2AA0
File /test_219.bin: opened:  2183 us, closed:     5 us, I/O:  14978 us, total:  22206 us, speed:   667 KB/s, CRC32: 0xC61C2AA0
File /test_220.bin: opened:  2172 us, closed:     5 us, I/O:  15038 us, total:  22317 us, speed:   664 KB/s, CRC32: 0xC61C2AA0
File /test_221.bin: opened:  2208 us, closed:     5 us, I/O:  16594 us, total:  23895 us, speed:   602 KB/s, CRC32: 0xC61C2AA0
File /test_222.bin: opened:  2211 us, closed:     5 us, I/O:  21020 us, total:  28335 us, speed:   475 KB/s, CRC32: 0xC61C2AA0
File /test_223.bin: opened:  2203 us, closed:     5 us, I/O:  15039 us, total:  22316 us, speed:   664 KB/s, CRC32: 0xC61C2AA0
File /test_224.bin: opened:  2194 us, closed:     5 us, I/O:  15015 us, total:  22292 us, speed:   666 KB/s, CRC32: 0xC61C2AA0
File /test_225.bin: opened:  2197 us, closed:     5 us, I/O:  16672 us, total:  23922 us, speed:   599 KB/s, CRC32: 0xC61C2AA0
File /test_226.bin: opened:  2224 us, closed:     5 us, I/O:  21002 us, total:  28296 us, speed:   476 KB/s, CRC32: 0xC61C2AA0
File /test_227.bin: opened:  2222 us, closed:     5 us, I/O:  15039 us, total:  22337 us, speed:   664 KB/s, CRC32: 0xC61C2AA0
File /test_228.bin: opened:  2197 us, closed:     5 us, I/O:  15009 us, total:  22321 us, speed:   666 KB/s, CRC32: 0xC61C2AA0
File /test_229.bin: opened:  2195 us, closed:     5 us, I/O:  16627 us, total:  23879 us, speed:   601 KB/s, CRC32: 0xC61C2AA0
File /test_230.bin: opened:  2202 us, closed:     5 us, I/O:  21026 us, total:  28280 us, speed:   475 KB/s, CRC32: 0xC61C2AA0
File /test_231.bin: opened:  2203 us, closed:     5 us, I/O:  15066 us, total:  22339 us, speed:   663 KB/s, CRC32: 0xC61C2AA0
File /test_232.bin: opened:  2196 us, closed:     5 us, I/O:  15057 us, total:  22354 us, speed:   664 KB/s, CRC32: 0xC61C2AA0
File /test_233.bin: opened:  2207 us, closed:     5 us, I/O:  16647 us, total:  23915 us, speed:   600 KB/s, CRC32: 0xC61C2AA0
File /test_234.bin: opened:  2217 us, closed:     5 us, I/O:  21015 us, total:  28358 us, speed:   475 KB/s, CRC32: 0xC61C2AA0
File /test_235.bin: opened:  2231 us, closed:     5 us, I/O:  15054 us, total:  22349 us, speed:   664 KB/s, CRC32: 0xC61C2AA0
File /test_236.bin: opened:  2220 us, closed:     5 us, I/O:  15033 us, total:  22330 us, speed:   665 KB/s, CRC32: 0xC61C2AA0
File /test_237.bin: opened:  2200 us, closed:     5 us, I/O:  16638 us, total:  23936 us, speed:   601 KB/s, CRC32: 0xC61C2AA0
File /test_238.bin: opened:  2236 us, closed:     9 us, I/O:  21012 us, total:  28291 us, speed:   475 KB/s, CRC32: 0xC61C2AA0
File /test_239.bin: opened:  2219 us, closed:     5 us, I/O:  15038 us, total:  22365 us, speed:   664 KB/s, CRC32: 0xC61C2AA0
File /test_240.bin: opened:  2219 us, closed:     9 us, I/O:  15045 us, total:  22434 us, speed:   664 KB/s, CRC32: 0xC61C2AA0
File /test_241.bin: opened:  3409 us, closed:     5 us, I/O:  15457 us, total:  23965 us, speed:   646 KB/s, CRC32: 0xC61C2AA0
File /test_242.bin: opened:  2240 us, closed:     5 us, I/O:  20979 us, total:  28324 us, speed:   476 KB/s, CRC32: 0xC61C2AA0
File /test_243.bin: opened:  2222 us, closed:     5 us, I/O:  15066 us, total:  22388 us, speed:   663 KB/s, CRC32: 0xC61C2AA0
File /test_244.bin: opened:  2213 us, closed:     5 us, I/O:  15045 us, total:  22369 us, speed:   664 KB/s, CRC32: 0xC61C2AA0
File /test_245.bin: opened:  3819 us, closed:     5 us, I/O:  15042 us, total:  23954 us, speed:   664 KB/s, CRC32: 0xC61C2AA0
File /test_246.bin: opened:  2226 us, closed:     5 us, I/O:  20968 us, total:  28203 us, speed:   476 KB/s, CRC32: 0xC61C2AA0
File /test_247.bin: opened:  2212 us, closed:     5 us, I/O:  15066 us, total:  22343 us, speed:   663 KB/s, CRC32: 0xC61C2AA0
File /test_248.bin: opened:  2226 us, closed:     5 us, I/O:  16214 us, total:  23529 us, speed:   616 KB/s, CRC32: 0xC61C2AA0
File /test_249.bin: opened:  2700 us, closed:     5 us, I/O:  15038 us, total:  22831 us, speed:   664 KB/s, CRC32: 0xC61C2AA0
File /test_250.bin: opened:  2247 us, closed:     5 us, I/O:  20991 us, total:  28318 us, speed:   476 KB/s, CRC32: 0xC61C2AA0
File /test_251.bin: opened:  2215 us, closed:     5 us, I/O:  15039 us, total:  22382 us, speed:   664 KB/s, CRC32: 0xC61C2AA0
File /test_252.bin: opened:  2216 us, closed:     5 us, I/O:  16642 us, total:  23981 us, speed:   600 KB/s, CRC32: 0xC61C2AA0
File /test_253.bin: opened:  2246 us, closed:     5 us, I/O:  15009 us, total:  22357 us, speed:   666 KB/s, CRC32: 0xC61C2AA0
File /test_254.bin: opened:  2249 us, closed:     5 us, I/O:  20983 us, total:  28311 us, speed:   476 KB/s, CRC32: 0xC61C2AA0
File /test_255.bin: opened:  2211 us, closed:     9 us, I/O:  15027 us, total:  22360 us, speed:   665 KB/s, CRC32: 0xC61C2AA0
File /test_256.bin: opened:  2251 us, closed:     5 us, I/O:  16642 us, total:  23988 us, speed:   600 KB/s, CRC32: 0xC61C2AA0
File /test_257.bin: opened:  2227 us, closed:     5 us, I/O:  15037 us, total:  22352 us, speed:   665 KB/s, CRC32: 0xC61C2AA0
File /test_258.bin: opened:  2222 us, closed:     5 us, I/O:  21006 us, total:  28254 us, speed:   476 KB/s, CRC32: 0xC61C2AA0
File /test_259.bin: opened:  2247 us, closed:     5 us, I/O:  15023 us, total:  22376 us, speed:   665 KB/s, CRC32: 0xC61C2AA0
File /test_260.bin: opened:  2247 us, closed:     5 us, I/O:  16614 us, total:  23921 us, speed:   601 KB/s, CRC32: 0xC61C2AA0
File /test_261.bin: opened:  2228 us, closed:     5 us, I/O:  15060 us, total:  22344 us, speed:   664 KB/s, CRC32: 0xC61C2AA0
File /test_262.bin: opened:  2245 us, closed:     5 us, I/O:  20993 us, total:  28273 us, speed:   476 KB/s, CRC32: 0xC61C2AA0
File /test_263.bin: opened:  2211 us, closed:     5 us, I/O:  15037 us, total:  22407 us, speed:   665 KB/s, CRC32: 0xC61C2AA0
File /test_264.bin: opened:  2235 us, closed:     5 us, I/O:  16608 us, total:  23976 us, speed:   602 KB/s, CRC32: 0xC61C2AA0
File /test_265.bin: opened:  2239 us, closed:     5 us, I/O:  15009 us, total:  22369 us, speed:   666 KB/s, CRC32: 0xC61C2AA0
File /test_266.bin: opened:  2216 us, closed:     5 us, I/O:  20990 us, total:  28246 us, speed:   476 KB/s, CRC32: 0xC61C2AA0
File /test_267.bin: opened:  2243 us, closed:     5 us, I/O:  15029 us, total:  22362 us, speed:   665 KB/s, CRC32: 0xC61C2AA0
File /test_268.bin: opened:  2213 us, closed:     5 us, I/O:  16626 us, total:  23882 us, speed:   601 KB/s, CRC32: 0xC61C2AA0
File /test_269.bin: opened:  2217 us, closed:     5 us, I/O:  14999 us, total:  22279 us, speed:   666 KB/s, CRC32: 0xC61C2AA0
File /test_270.bin: opened:  2229 us, closed:     5 us, I/O:  20973 us, total:  28296 us, speed:   476 KB/s, CRC32: 0xC61C2AA0
File /test_271.bin: opened:  2242 us, closed:     5 us, I/O:  15057 us, total:  22420 us, speed:   664 KB/s, CRC32: 0xC61C2AA0
File /test_272.bin: opened:  2257 us, closed:     5 us, I/O:  16689 us, total:  24078 us, speed:   599 KB/s, CRC32: 0xC61C2AA0
File /test_273.bin: opened:  2246 us, closed:     5 us, I/O:  15010 us, total:  22337 us, speed:   666 KB/s, CRC32: 0xC61C2AA0
File /test_274.bin: opened:  2230 us, closed:     9 us, I/O:  21015 us, total:  28282 us, speed:   475 KB/s, CRC32: 0xC61C2AA0
File /test_275.bin: opened:  2258 us, closed:     5 us, I/O:  15051 us, total:  22346 us, speed:   664 KB/s, CRC32: 0xC61C2AA0
File /test_276.bin: opened:  2255 us, closed:     5 us, I/O:  16650 us, total:  23967 us, speed:   600 KB/s, CRC32: 0xC61C2AA0
File /test_277.bin: opened:  2243 us, closed:     5 us, I/O:  14985 us, total:  22330 us, speed:   667 KB/s, CRC32: 0xC61C2AA0
File /test_278.bin: opened:  2223 us, closed:     5 us, I/O:  15077 us, total:  22393 us, speed:   663 KB/s, CRC32: 0xC61C2AA0
File /test_279.bin: opened:  2233 us, closed:     5 us, I/O:  15019 us, total:  22303 us, speed:   665 KB/s, CRC32: 0xC61C2AA0
File /test_280.bin: opened:  2265 us, closed:     5 us, I/O:  16600 us, total:  23939 us, speed:   602 KB/s, CRC32: 0xC61C2AA0
File /test_281.bin: opened:  2258 us, closed:     5 us, I/O:  15032 us, total:  22396 us, speed:   665 KB/s, CRC32: 0xC61C2AA0
File /test_282.bin: opened:  2256 us, closed:     5 us, I/O:  15042 us, total:  22371 us, speed:   664 KB/s, CRC32: 0xC61C2AA0
File /test_283.bin: opened:  8204 us, closed:     5 us, I/O:  15086 us, total:  28370 us, speed:   662 KB/s, CRC32: 0xC61C2AA0
File /test_284.bin: opened:  2238 us, closed:     5 us, I/O:  16623 us, total:  23910 us, speed:   601 KB/s, CRC32: 0xC61C2AA0
File /test_285.bin: opened:  2225 us, closed:     5 us, I/O:  15024 us, total:  22328 us, speed:   665 KB/s, CRC32: 0xC61C2AA0
File /test_286.bin: opened:  2207 us, closed:     5 us, I/O:  15055 us, total:  22355 us, speed:   664 KB/s, CRC32: 0xC61C2AA0
File /test_287.bin: opened:  8188 us, closed:     9 us, I/O:  15050 us, total:  28334 us, speed:   664 KB/s, CRC32: 0xC61C2AA0
File /test_288.bin: opened:  2251 us, closed:     5 us, I/O:  16637 us, total:  23946 us, speed:   601 KB/s, CRC32: 0xC61C2AA0
File /test_289.bin: opened:  2230 us, closed:     5 us, I/O:  14999 us, total:  22276 us, speed:   666 KB/s, CRC32: 0xC61C2AA0
File /test_290.bin: opened:  2278 us, closed:     5 us, I/O:  15053 us, total:  22399 us, speed:   664 KB/s, CRC32: 0xC61C2AA0
File /test_291.bin: opened:  8258 us, closed:     5 us, I/O:  15003 us, total:  28297 us, speed:   666 KB/s, CRC32: 0xC61C2AA0
File /test_292.bin: opened:  2248 us, closed:     5 us, I/O:  16610 us, total:  23914 us, speed:   602 KB/s, CRC32: 0xC61C2AA0
File /test_293.bin: opened:  2282 us, closed:     5 us, I/O:  15068 us, total:  22412 us, speed:   663 KB/s, CRC32: 0xC61C2AA0
File /test_294.bin: opened:  2242 us, closed:     5 us, I/O:  15072 us, total:  22457 us, speed:   663 KB/s, CRC32: 0xC61C2AA0
File /test_295.bin: opened:  2230 us, closed:     5 us, I/O:  14998 us, total:  28302 us, speed:   666 KB/s, CRC32: 0xC61C2AA0
File /test_296.bin: opened:  2234 us, closed:     5 us, I/O:  16635 us, total:  23897 us, speed:   601 KB/s, CRC32: 0xC61C2AA0
File /test_297.bin: opened:  2268 us, closed:     5 us, I/O:  15064 us, total:  22390 us, speed:   663 KB/s, CRC32: 0xC61C2AA0
File /test_298.bin: opened:  2236 us, closed:     5 us, I/O:  15034 us, total:  22307 us, speed:   665 KB/s, CRC32: 0xC61C2AA0
File /test_299.bin: opened:  2248 us, closed:     5 us, I/O:  15057 us, total:  28353 us, speed:   664 KB/s, CRC32: 0xC61C2AA0
File /test_300.bin: opened:  2234 us, closed:     5 us, I/O:  16604 us, total:  23898 us, speed:   602 KB/s, CRC32: 0xC61C2AA0
File /test_301.bin: opened:  2277 us, closed:     5 us, I/O:  15005 us, total:  22344 us, speed:   666 KB/s, CRC32: 0xC61C2AA0
File /test_302.bin: opened:  2249 us, closed:     5 us, I/O:  15048 us, total:  22407 us, speed:   664 KB/s, CRC32: 0xC61C2AA0
File /test_303.bin: opened:  2260 us, closed:     5 us, I/O:  15064 us, total:  28348 us, speed:   663 KB/s, CRC32: 0xC61C2AA0
File /test_304.bin: opened:  3424 us, closed:     5 us, I/O:  15481 us, total:  23988 us, speed:   645 KB/s, CRC32: 0xC61C2AA0
File /test_305.bin: opened:  2302 us, closed:     5 us, I/O:  15002 us, total:  22367 us, speed:   666 KB/s, CRC32: 0xC61C2AA0
File /test_306.bin: opened:  2287 us, closed:     5 us, I/O:  15029 us, total:  22396 us, speed:   665 KB/s, CRC32: 0xC61C2AA0
File /test_307.bin: opened:  2266 us, closed:     5 us, I/O:  15067 us, total:  28379 us, speed:   663 KB/s, CRC32: 0xC61C2AA0
File /test_308.bin: opened:  3869 us, closed:     5 us, I/O:  15054 us, total:  23971 us, speed:   664 KB/s, CRC32: 0xC61C2AA0
File /test_309.bin: opened:  2281 us, closed:     5 us, I/O:  14982 us, total:  22375 us, speed:   667 KB/s, CRC32: 0xC61C2AA0
File /test_310.bin: opened:  2257 us, closed:     5 us, I/O:  15037 us, total:  22341 us, speed:   665 KB/s, CRC32: 0xC61C2AA0
File /test_311.bin: opened:  2272 us, closed:     5 us, I/O:  16242 us, total:  29510 us, speed:   615 KB/s, CRC32: 0xC61C2AA0
File /test_312.bin: opened:  2698 us, closed:     5 us, I/O:  15024 us, total:  22794 us, speed:   665 KB/s, CRC32: 0xC61C2AA0
File /test_313.bin: opened:  2306 us, closed:     5 us, I/O:  14995 us, total:  22366 us, speed:   666 KB/s, CRC32: 0xC61C2AA0
File /test_314.bin: opened:  2283 us, closed:     5 us, I/O:  15038 us, total:  22437 us, speed:   664 KB/s, CRC32: 0xC61C2AA0
File /test_315.bin: opened:  2270 us, closed:     5 us, I/O:  16613 us, total:  29875 us, speed:   601 KB/s, CRC32: 0xC61C2AA0
File /test_316.bin: opened:  2287 us, closed:     5 us, I/O:  15012 us, total:  22394 us, speed:   666 KB/s, CRC32: 0xC61C2AA0
File /test_317.bin: opened:  2271 us, closed:     5 us, I/O:  14999 us, total:  22345 us, speed:   666 KB/s, CRC32: 0xC61C2AA0
File /test_318.bin: opened:  2289 us, closed:     8 us, I/O:  15059 us, total:  22426 us, speed:   664 KB/s, CRC32: 0xC61C2AA0
File /test_319.bin: opened:  2266 us, closed:     5 us, I/O:  16632 us, total:  29951 us, speed:   601 KB/s, CRC32: 0xC61C2AA0
File /test_320.bin: opened:  2279 us, closed:     6 us, I/O:  14977 us, total:  22326 us, speed:   667 KB/s, CRC32: 0xC61C2AA0
File /test_321.bin: opened:  2286 us, closed:     5 us, I/O:  15012 us, total:  22374 us, speed:   666 KB/s, CRC32: 0xC61C2AA0
File /test_322.bin: opened:  2306 us, closed:     5 us, I/O:  15027 us, total:  22415 us, speed:   665 KB/s, CRC32: 0xC61C2AA0
File /test_323.bin: opened:  2306 us, closed:     5 us, I/O:  16642 us, total:  29973 us, speed:   600 KB/s, CRC32: 0xC61C2AA0
File /test_324.bin: opened:  2281 us, closed:     5 us, I/O:  14968 us, total:  22346 us, speed:   668 KB/s, CRC32: 0xC61C2AA0
File /test_325.bin: opened:  2285 us, closed:     5 us, I/O:  14997 us, total:  22370 us, speed:   666 KB/s, CRC32: 0xC61C2AA0
File /test_326.bin: opened:  2301 us, closed:     5 us, I/O:  15024 us, total:  22424 us, speed:   665 KB/s, CRC32: 0xC61C2AA0
File /test_327.bin: opened:  2287 us, closed:     5 us, I/O:  16627 us, total:  29964 us, speed:   601 KB/s, CRC32: 0xC61C2AA0
File /test_328.bin: opened:  2281 us, closed:     5 us, I/O:  14991 us, total:  22407 us, speed:   667 KB/s, CRC32: 0xC61C2AA0
File /test_329.bin: opened:  2288 us, closed:     5 us, I/O:  15071 us, total:  22465 us, speed:   663 KB/s, CRC32: 0xC61C2AA0
File /test_330.bin: opened:  2287 us, closed:     5 us, I/O:  15042 us, total:  22405 us, speed:   664 KB/s, CRC32: 0xC61C2AA0
File /test_331.bin: opened:  2304 us, closed:     5 us, I/O:  22629 us, total:  30004 us, speed:   441 KB/s, CRC32: 0xC61C2AA0
File /test_332.bin: opened:  2280 us, closed:     9 us, I/O:  14983 us, total:  22353 us, speed:   667 KB/s, CRC32: 0xC61C2AA0
File /test_333.bin: opened:  2292 us, closed:     5 us, I/O:  15028 us, total:  22400 us, speed:   665 KB/s, CRC32: 0xC61C2AA0
File /test_334.bin: opened:  2290 us, closed:     5 us, I/O:  15049 us, total:  22419 us, speed:   664 KB/s, CRC32: 0xC61C2AA0
File /test_335.bin: opened:  2320 us, closed:     5 us, I/O:  22599 us, total:  30040 us, speed:   442 KB/s, CRC32: 0xC61C2AA0
File /test_336.bin: opened:  2307 us, closed:     5 us, I/O:  14985 us, total:  22385 us, speed:   667 KB/s, CRC32: 0xC61C2AA0
File /test_337.bin: opened:  2282 us, closed:     5 us, I/O:  15047 us, total:  22431 us, speed:   664 KB/s, CRC32: 0xC61C2AA0
File /test_338.bin: opened:  2317 us, closed:     5 us, I/O:  15009 us, total:  22389 us, speed:   666 KB/s, CRC32: 0xC61C2AA0
File /test_339.bin: opened:  2320 us, closed:     5 us, I/O:  22584 us, total:  29996 us, speed:   442 KB/s, CRC32: 0xC61C2AA0
File /test_340.bin: opened:  2308 us, closed:     5 us, I/O:  14961 us, total:  22342 us, speed:   668 KB/s, CRC32: 0xC61C2AA0
File /test_341.bin: opened:  2295 us, closed:     5 us, I/O:  15072 us, total:  22505 us, speed:   663 KB/s, CRC32: 0xC61C2AA0
File /test_342.bin: opened:  2321 us, closed:     5 us, I/O:  15051 us, total:  22450 us, speed:   664 KB/s, CRC32: 0xC61C2AA0
File /test_343.bin: opened:  2341 us, closed:     5 us, I/O:  22587 us, total:  29993 us, speed:   442 KB/s, CRC32: 0xC61C2AA0
File /test_344.bin: opened:  2310 us, closed:     5 us, I/O:  14989 us, total:  22406 us, speed:   667 KB/s, CRC32: 0xC61C2AA0
File /test_345.bin: opened:  2326 us, closed:     5 us, I/O:  15036 us, total:  22435 us, speed:   665 KB/s, CRC32: 0xC61C2AA0
File /test_346.bin: opened:  2297 us, closed:     5 us, I/O:  15059 us, total:  22430 us, speed:   664 KB/s, CRC32: 0xC61C2AA0
File /test_347.bin: opened:  2316 us, closed:     5 us, I/O:  22607 us, total:  29986 us, speed:   442 KB/s, CRC32: 0xC61C2AA0
File /test_348.bin: opened:  2306 us, closed:     5 us, I/O:  15000 us, total:  22392 us, speed:   666 KB/s, CRC32: 0xC61C2AA0
File /test_349.bin: opened:  2284 us, closed:     5 us, I/O:  15030 us, total:  22383 us, speed:   665 KB/s, CRC32: 0xC61C2AA0
File /test_350.bin: opened:  2297 us, closed:     5 us, I/O:  15039 us, total:  22381 us, speed:   664 KB/s, CRC32: 0xC61C2AA0
File /test_351.bin: opened:  2309 us, closed:     5 us, I/O:  22584 us, total:  29985 us, speed:   442 KB/s, CRC32: 0xC61C2AA0
File /test_352.bin: opened:  2346 us, closed:     5 us, I/O:  14971 us, total:  22382 us, speed:   667 KB/s, CRC32: 0xC61C2AA0
File /test_353.bin: opened:  2337 us, closed:     5 us, I/O:  15032 us, total:  22418 us, speed:   665 KB/s, CRC32: 0xC61C2AA0
File /test_354.bin: opened:  2331 us, closed:     5 us, I/O:  15063 us, total:  22462 us, speed:   663 KB/s, CRC32: 0xC61C2AA0
File /test_355.bin: opened:  2298 us, closed:     8 us, I/O:  22574 us, total:  29953 us, speed:   442 KB/s, CRC32: 0xC61C2AA0
File /test_356.bin: opened:  2322 us, closed:     8 us, I/O:  15025 us, total:  22421 us, speed:   665 KB/s, CRC32: 0xC61C2AA0
File /test_357.bin: opened:  2301 us, closed:     5 us, I/O:  15042 us, total:  22389 us, speed:   664 KB/s, CRC32: 0xC61C2AA0
File /test_358.bin: opened:  2299 us, closed:     5 us, I/O:  15045 us, total:  22372 us, speed:   664 KB/s, CRC32: 0xC61C2AA0
File /test_359.bin: opened:  2323 us, closed:     5 us, I/O:  22623 us, total:  30028 us, speed:   442 KB/s, CRC32: 0xC61C2AA0
File /test_360.bin: opened:  2338 us, closed:     5 us, I/O:  15005 us, total:  22451 us, speed:   666 KB/s, CRC32: 0xC61C2AA0
File /test_361.bin: opened:  2331 us, closed:     5 us, I/O:  15042 us, total:  22478 us, speed:   664 KB/s, CRC32: 0xC61C2AA0
File /test_362.bin: opened:  2313 us, closed:     5 us, I/O:  15001 us, total:  22406 us, speed:   666 KB/s, CRC32: 0xC61C2AA0
File /test_363.bin: opened:  2316 us, closed:     5 us, I/O:  22476 us, total:  29914 us, speed:   444 KB/s, CRC32: 0xC61C2AA0
File /test_364.bin: opened:  2321 us, closed:     5 us, I/O:  14995 us, total:  22408 us, speed:   666 KB/s, CRC32: 0xC61C2AA0
File /test_365.bin: opened:  2308 us, closed:    23 us, I/O:  15072 us, total:  22523 us, speed:   663 KB/s, CRC32: 0xC61C2AA0
File /test_366.bin: opened:  2314 us, closed:     5 us, I/O:  15037 us, total:  22376 us, speed:   665 KB/s, CRC32: 0xC61C2AA0
File /test_367.bin: opened:  3476 us, closed:     5 us, I/O:  21407 us, total:  29978 us, speed:   467 KB/s, CRC32: 0xC61C2AA0
File /test_368.bin: opened:  2298 us, closed:     5 us, I/O:  15038 us, total:  22391 us, speed:   664 KB/s, CRC32: 0xC61C2AA0
File /test_369.bin: opened:  2285 us, closed:     5 us, I/O:  15066 us, total:  22402 us, speed:   663 KB/s, CRC32: 0xC61C2AA0
File /test_370.bin: opened:  2324 us, closed:     8 us, I/O:  15102 us, total:  22491 us, speed:   662 KB/s, CRC32: 0xC61C2AA0
File /test_371.bin: opened:  3922 us, closed:     5 us, I/O:  21010 us, total:  30048 us, speed:   475 KB/s, CRC32: 0xC61C2AA0
File /test_372.bin: opened:  2344 us, closed:     5 us, I/O:  15012 us, total:  22427 us, speed:   666 KB/s, CRC32: 0xC61C2AA0
File /test_373.bin: opened:  2345 us, closed:     5 us, I/O:  15061 us, total:  22494 us, speed:   663 KB/s, CRC32: 0xC61C2AA0
File /test_374.bin: opened:  2342 us, closed:     5 us, I/O:  16256 us, total:  23677 us, speed:   615 KB/s, CRC32: 0xC61C2AA0
File /test_375.bin: opened:  2725 us, closed:     5 us, I/O:  20957 us, total:  28786 us, speed:   477 KB/s, CRC32: 0xC61C2AA0
File /test_376.bin: opened:  2317 us, closed:     5 us, I/O:  15040 us, total:  22431 us, speed:   664 KB/s, CRC32: 0xC61C2AA0
File /test_377.bin: opened:  2305 us, closed:     5 us, I/O:  15015 us, total:  22409 us, speed:   666 KB/s, CRC32: 0xC61C2AA0
File /test_378.bin: opened:  2342 us, closed:     5 us, I/O:  16659 us, total:  24050 us, speed:   600 KB/s, CRC32: 0xC61C2AA0
File /test_379.bin: opened:  2316 us, closed:     5 us, I/O:  21039 us, total:  28479 us, speed:   475 KB/s, CRC32: 0xC61C2AA0
File /test_380.bin: opened:  2356 us, closed:     5 us, I/O:  15054 us, total:  22434 us, speed:   664 KB/s, CRC32: 0xC61C2AA0
File /test_381.bin: opened:  2334 us, closed:     5 us, I/O:  15037 us, total:  22414 us, speed:   665 KB/s, CRC32: 0xC61C2AA0
File /test_382.bin: opened:  2338 us, closed:     5 us, I/O:  16662 us, total:  24082 us, speed:   600 KB/s, CRC32: 0xC61C2AA0
File /test_383.bin: opened:  2341 us, closed:     5 us, I/O:  20982 us, total:  28416 us, speed:   476 KB/s, CRC32: 0xC61C2AA0
File /test_384.bin: opened:  2336 us, closed:     5 us, I/O:  14984 us, total:  22405 us, speed:   667 KB/s, CRC32: 0xC61C2AA0
File /test_385.bin: opened:  2313 us, closed:     5 us, I/O:  15030 us, total:  22402 us, speed:   665 KB/s, CRC32: 0xC61C2AA0
File /test_386.bin: opened:  2311 us, closed:     5 us, I/O:  16589 us, total:  23998 us, speed:   602 KB/s, CRC32: 0xC61C2AA0
File /test_387.bin: opened:  2322 us, closed:     5 us, I/O:  21021 us, total:  28459 us, speed:   475 KB/s, CRC32: 0xC61C2AA0
File /test_388.bin: opened:  2305 us, closed:     5 us, I/O:  15110 us, total:  22471 us, speed:   661 KB/s, CRC32: 0xC61C2AA0
File /test_389.bin: opened:  2313 us, closed:     5 us, I/O:  15055 us, total:  22482 us, speed:   664 KB/s, CRC32: 0xC61C2AA0
File /test_390.bin: opened:  2352 us, closed:     5 us, I/O:  16661 us, total:  24119 us, speed:   600 KB/s, CRC32: 0xC61C2AA0
File /test_391.bin: opened:  2331 us, closed:     5 us, I/O:  21004 us, total:  28436 us, speed:   476 KB/s, CRC32: 0xC61C2AA0
File /test_392.bin: opened:  2345 us, closed:     5 us, I/O:  15052 us, total:  22474 us, speed:   664 KB/s, CRC32: 0xC61C2AA0
File /test_393.bin: opened:  2333 us, closed:     5 us, I/O:  15056 us, total:  22484 us, speed:   664 KB/s, CRC32: 0xC61C2AA0
File /test_394.bin: opened:  2365 us, closed:     5 us, I/O:  16627 us, total:  24127 us, speed:   601 KB/s, CRC32: 0xC61C2AA0
File /test_395.bin: opened:  2333 us, closed:     5 us, I/O:  21015 us, total:  28399 us, speed:   475 KB/s, CRC32: 0xC61C2AA0
File /test_396.bin: opened:  2336 us, closed:     5 us, I/O:  14987 us, total:  22375 us, speed:   667 KB/s, CRC32: 0xC61C2AA0
File /test_397.bin: opened:  2347 us, closed:     5 us, I/O:  15077 us, total:  22472 us, speed:   663 KB/s, CRC32: 0xC61C2AA0
File /test_398.bin: opened:  2353 us, closed:     5 us, I/O:  16642 us, total:  24054 us, speed:   600 KB/s, CRC32: 0xC61C2AA0
File /test_399.bin: opened:  2336 us, closed:    21 us, I/O:  21026 us, total:  28452 us, speed:   475 KB/s, CRC32: 0xC61C2AA0
File /test_400.bin: opened:  2333 us, closed:     5 us, I/O:  15020 us, total:  22439 us, speed:   665 KB/s, CRC32: 0xC61C2AA0
File /test_401.bin: opened:  2342 us, closed:     5 us, I/O:  15022 us, total:  22446 us, speed:   665 KB/s, CRC32: 0xC61C2AA0
File /test_402.bin: opened:  2390 us, closed:     5 us, I/O:  16613 us, total:  24079 us, speed:   601 KB/s, CRC32: 0xC61C2AA0
File /test_403.bin: opened:  2382 us, closed:     9 us, I/O:  20970 us, total:  28448 us, speed:   476 KB/s, CRC32: 0xC61C2AA0
File /test_404.bin: opened:  2378 us, closed:     5 us, I/O:  15007 us, total:  22503 us, speed:   666 KB/s, CRC32: 0xC61C2AA0
File /test_405.bin: opened:  2378 us, closed:     5 us, I/O:  15000 us, total:  22441 us, speed:   666 KB/s, CRC32: 0xC61C2AA0
File /test_406.bin: opened:  2408 us, closed:     5 us, I/O:  16638 us, total:  24136 us, speed:   601 KB/s, CRC32: 0xC61C2AA0
File /test_407.bin: opened:  2366 us, closed:     5 us, I/O:  20999 us, total:  28445 us, speed:   476 KB/s, CRC32: 0xC61C2AA0
File /test_408.bin: opened:  2361 us, closed:     5 us, I/O:  15014 us, total:  22438 us, speed:   666 KB/s, CRC32: 0xC61C2AA0
File /test_409.bin: opened:  2372 us, closed:     5 us, I/O:  15040 us, total:  22493 us, speed:   664 KB/s, CRC32: 0xC61C2AA0
File /test_410.bin: opened:  2328 us, closed:     5 us, I/O:  16652 us, total:  24049 us, speed:   600 KB/s, CRC32: 0xC61C2AA0
File /test_411.bin: opened:  2367 us, closed:     5 us, I/O:  21004 us, total:  28424 us, speed:   476 KB/s, CRC32: 0xC61C2AA0
File /test_412.bin: opened:  2372 us, closed:     5 us, I/O:  15005 us, total:  22464 us, speed:   666 KB/s, CRC32: 0xC61C2AA0
File /test_413.bin: opened:  2374 us, closed:     5 us, I/O:  15014 us, total:  22450 us, speed:   666 KB/s, CRC32: 0xC61C2AA0
File /test_414.bin: opened:  2390 us, closed:     5 us, I/O:  16632 us, total:  24071 us, speed:   601 KB/s, CRC32: 0xC61C2AA0
File /test_415.bin: opened:  2377 us, closed:     5 us, I/O:  20959 us, total:  28420 us, speed:   477 KB/s, CRC32: 0xC61C2AA0
File /test_416.bin: opened:  2408 us, closed:     5 us, I/O:  15040 us, total:  22535 us, speed:   664 KB/s, CRC32: 0xC61C2AA0
File /test_417.bin: opened:  2383 us, closed:     8 us, I/O:  15067 us, total:  22546 us, speed:   663 KB/s, CRC32: 0xC61C2AA0
File /test_418.bin: opened:  2395 us, closed:     5 us, I/O:  16656 us, total:  24164 us, speed:   600 KB/s, CRC32: 0xC61C2AA0
File /test_419.bin: opened:  2351 us, closed:     5 us, I/O:  21000 us, total:  28454 us, speed:   476 KB/s, CRC32: 0xC61C2AA0
File /test_420.bin: opened:  2390 us, closed:     5 us, I/O:  15035 us, total:  22489 us, speed:   665 KB/s, CRC32: 0xC61C2AA0
File /test_421.bin: opened:  2381 us, closed:     5 us, I/O:  15014 us, total:  22413 us, speed:   666 KB/s, CRC32: 0xC61C2AA0
File /test_422.bin: opened:  2376 us, closed:     5 us, I/O:  16634 us, total:  24050 us, speed:   601 KB/s, CRC32: 0xC61C2AA0
File /test_423.bin: opened:  2366 us, closed:     5 us, I/O:  21017 us, total:  28489 us, speed:   475 KB/s, CRC32: 0xC61C2AA0
File /test_424.bin: opened:  2410 us, closed:     8 us, I/O:  15026 us, total:  22571 us, speed:   665 KB/s, CRC32: 0xC61C2AA0
File /test_425.bin: opened:  2394 us, closed:     5 us, I/O:  15044 us, total:  22498 us, speed:   664 KB/s, CRC32: 0xC61C2AA0
File /test_426.bin: opened:  2386 us, closed:     5 us, I/O:  16610 us, total:  24084 us, speed:   602 KB/s, CRC32: 0xC61C2AA0
File /test_427.bin: opened:  2352 us, closed:     5 us, I/O:  21014 us, total:  28472 us, speed:   475 KB/s, CRC32: 0xC61C2AA0
File /test_428.bin: opened:  2380 us, closed:     5 us, I/O:  15028 us, total:  22527 us, speed:   665 KB/s, CRC32: 0xC61C2AA0
File /test_429.bin: opened:  2362 us, closed:     5 us, I/O:  15048 us, total:  22468 us, speed:   664 KB/s, CRC32: 0xC61C2AA0
File /test_430.bin: opened:  3527 us, closed:     5 us, I/O:  15478 us, total:  24027 us, speed:   646 KB/s, CRC32: 0xC61C2AA0
File /test_431.bin: opened:  2361 us, closed:     5 us, I/O:  21029 us, total:  28484 us, speed:   475 KB/s, CRC32: 0xC61C2AA0
File /test_432.bin: opened:  2388 us, closed:     5 us, I/O:  15029 us, total:  22427 us, speed:   665 KB/s, CRC32: 0xC61C2AA0
File /test_433.bin: opened:  2375 us, closed:     5 us, I/O:  15067 us, total:  22483 us, speed:   663 KB/s, CRC32: 0xC61C2AA0
File /test_434.bin: opened:  3990 us, closed:     5 us, I/O:  15061 us, total:  24134 us, speed:   663 KB/s, CRC32: 0xC61C2AA0
File /test_435.bin: opened:  2383 us, closed:     5 us, I/O:  21025 us, total:  28534 us, speed:   475 KB/s, CRC32: 0xC61C2AA0
File /test_436.bin: opened:  2402 us, closed:     5 us, I/O:  15073 us, total:  22525 us, speed:   663 KB/s, CRC32: 0xC61C2AA0
File /test_437.bin: opened:  2384 us, closed:     5 us, I/O:  16231 us, total:  23680 us, speed:   616 KB/s, CRC32: 0xC61C2AA0
File /test_438.bin: opened:  2827 us, closed:     5 us, I/O:  15054 us, total:  22959 us, speed:   664 KB/s, CRC32: 0xC61C2AA0
File /test_439.bin: opened:  2379 us, closed:     5 us, I/O:  21018 us, total:  28517 us, speed:   475 KB/s, CRC32: 0xC61C2AA0
File /test_440.bin: opened:  2400 us, closed:     5 us, I/O:  15027 us, total:  22497 us, speed:   665 KB/s, CRC32: 0xC61C2AA0
File /test_441.bin: opened:  2378 us, closed:     6 us, I/O:  16595 us, total:  24070 us, speed:   602 KB/s, CRC32: 0xC61C2AA0
File /test_442.bin: opened:  2407 us, closed:     5 us, I/O:  15014 us, total:  22511 us, speed:   666 KB/s, CRC32: 0xC61C2AA0
File /test_443.bin: opened:  2372 us, closed:     5 us, I/O:  21005 us, total:  28446 us, speed:   476 KB/s, CRC32: 0xC61C2AA0
File /test_444.bin: opened:  2405 us, closed:     5 us, I/O:  15001 us, total:  22507 us, speed:   666 KB/s, CRC32: 0xC61C2AA0
File /test_445.bin: opened:  2387 us, closed:     5 us, I/O:  16645 us, total:  24087 us, speed:   600 KB/s, CRC32: 0xC61C2AA0
File /test_446.bin: opened:  2384 us, closed:     5 us, I/O:  15034 us, total:  22551 us, speed:   665 KB/s, CRC32: 0xC61C2AA0
File /test_447.bin: opened:  2384 us, closed:     5 us, I/O:  21008 us, total:  28471 us, speed:   476 KB/s, CRC32: 0xC61C2AA0
File /test_448.bin: opened:  2393 us, closed:     5 us, I/O:  15003 us, total:  22453 us, speed:   666 KB/s, CRC32: 0xC61C2AA0
File /test_449.bin: opened:  2399 us, closed:     5 us, I/O:  16650 us, total:  24126 us, speed:   600 KB/s, CRC32: 0xC61C2AA0
File /test_450.bin: opened:  2384 us, closed:     5 us, I/O:  15057 us, total:  22532 us, speed:   664 KB/s, CRC32: 0xC61C2AA0
File /test_451.bin: opened:  2410 us, closed:     5 us, I/O:  21020 us, total:  28474 us, speed:   475 KB/s, CRC32: 0xC61C2AA0
File /test_452.bin: opened:  2386 us, closed:     5 us, I/O:  15026 us, total:  22438 us, speed:   665 KB/s, CRC32: 0xC61C2AA0
File /test_453.bin: opened:  2407 us, closed:     5 us, I/O:  16645 us, total:  24122 us, speed:   600 KB/s, CRC32: 0xC61C2AA0
File /test_454.bin: opened:  2429 us, closed:     5 us, I/O:  15055 us, total:  22553 us, speed:   664 KB/s, CRC32: 0xC61C2AA0
File /test_455.bin: opened:  2430 us, closed:     5 us, I/O:  21014 us, total:  28470 us, speed:   475 KB/s, CRC32: 0xC61C2AA0
File /test_456.bin: opened:  2381 us, closed:     5 us, I/O:  15053 us, total:  22459 us, speed:   664 KB/s, CRC32: 0xC61C2AA0
File /test_457.bin: opened:  2408 us, closed:     5 us, I/O:  16601 us, total:  24082 us, speed:   602 KB/s, CRC32: 0xC61C2AA0
File /test_458.bin: opened:  2415 us, closed:     9 us, I/O:  15097 us, total:  22602 us, speed:   662 KB/s, CRC32: 0xC61C2AA0
File /test_459.bin: opened:  2399 us, closed:     5 us, I/O:  21002 us, total:  28494 us, speed:   476 KB/s, CRC32: 0xC61C2AA0
File /test_460.bin: opened:  2401 us, closed:     5 us, I/O:  15047 us, total:  22524 us, speed:   664 KB/s, CRC32: 0xC61C2AA0
File /test_461.bin: opened:  2445 us, closed:     5 us, I/O:  16618 us, total:  24139 us, speed:   601 KB/s, CRC32: 0xC61C2AA0
File /test_462.bin: opened:  2406 us, closed:     5 us, I/O:  15032 us, total:  22530 us, speed:   665 KB/s, CRC32: 0xC61C2AA0
File /test_463.bin: opened:  2417 us, closed:     5 us, I/O:  20995 us, total:  28512 us, speed:   476 KB/s, CRC32: 0xC61C2AA0
File /test_464.bin: opened:  2443 us, closed:     9 us, I/O:  15054 us, total:  22581 us, speed:   664 KB/s, CRC32: 0xC61C2AA0
File /test_465.bin: opened:  2409 us, closed:     5 us, I/O:  16680 us, total:  24119 us, speed:   599 KB/s, CRC32: 0xC61C2AA0
File /test_466.bin: opened:  2403 us, closed:     5 us, I/O:  15020 us, total:  22570 us, speed:   665 KB/s, CRC32: 0xC61C2AA0
File /test_467.bin: opened:  2403 us, closed:     5 us, I/O:  21047 us, total:  28474 us, speed:   475 KB/s, CRC32: 0xC61C2AA0
File /test_468.bin: opened:  2399 us, closed:     5 us, I/O:  15053 us, total:  22513 us, speed:   664 KB/s, CRC32: 0xC61C2AA0
File /test_469.bin: opened:  2435 us, closed:     5 us, I/O:  16648 us, total:  24094 us, speed:   600 KB/s, CRC32: 0xC61C2AA0
File /test_470.bin: opened:  2434 us, closed:     5 us, I/O:  15066 us, total:  22570 us, speed:   663 KB/s, CRC32: 0xC61C2AA0
File /test_471.bin: opened:  2400 us, closed:     5 us, I/O:  21008 us, total:  28446 us, speed:   476 KB/s, CRC32: 0xC61C2AA0
File /test_472.bin: opened:  2446 us, closed:     5 us, I/O:  15030 us, total:  22526 us, speed:   665 KB/s, CRC32: 0xC61C2AA0
File /test_473.bin: opened:  2425 us, closed:     5 us, I/O:  16615 us, total:  24121 us, speed:   601 KB/s, CRC32: 0xC61C2AA0
File /test_474.bin: opened:  2405 us, closed:     5 us, I/O:  15052 us, total:  22544 us, speed:   664 KB/s, CRC32: 0xC61C2AA0
File /test_475.bin: opened:  2420 us, closed:    26 us, I/O:  21042 us, total:  28564 us, speed:   475 KB/s, CRC32: 0xC61C2AA0
File /test_476.bin: opened:  2412 us, closed:     5 us, I/O:  15046 us, total:  22515 us, speed:   664 KB/s, CRC32: 0xC61C2AA0
File /test_477.bin: opened:  2387 us, closed:     5 us, I/O:  16613 us, total:  24025 us, speed:   601 KB/s, CRC32: 0xC61C2AA0
File /test_478.bin: opened:  2409 us, closed:     5 us, I/O:  15057 us, total:  22540 us, speed:   664 KB/s, CRC32: 0xC61C2AA0
File /test_479.bin: opened:  2406 us, closed:     5 us, I/O:  21016 us, total:  28512 us, speed:   475 KB/s, CRC32: 0xC61C2AA0
File /test_480.bin: opened:  2410 us, closed:     5 us, I/O:  15071 us, total:  22532 us, speed:   663 KB/s, CRC32: 0xC61C2AA0
File /test_481.bin: opened:  2434 us, closed:     5 us, I/O:  16639 us, total:  24144 us, speed:   600 KB/s, CRC32: 0xC61C2AA0
File /test_482.bin: opened:  2421 us, closed:     5 us, I/O:  15036 us, total:  22590 us, speed:   665 KB/s, CRC32: 0xC61C2AA0
File /test_483.bin: opened:  2406 us, closed:     5 us, I/O:  20990 us, total:  28458 us, speed:   476 KB/s, CRC32: 0xC61C2AA0
File /test_484.bin: opened:  2425 us, closed:     9 us, I/O:  15022 us, total:  22524 us, speed:   665 KB/s, CRC32: 0xC61C2AA0
File /test_485.bin: opened:  2405 us, closed:     5 us, I/O:  16660 us, total:  24157 us, speed:   600 KB/s, CRC32: 0xC61C2AA0
File /test_486.bin: opened:  2400 us, closed:     5 us, I/O:  15052 us, total:  22516 us, speed:   664 KB/s, CRC32: 0xC61C2AA0
File /test_487.bin: opened:  2396 us, closed:     5 us, I/O:  20991 us, total:  28432 us, speed:   476 KB/s, CRC32: 0xC61C2AA0
File /test_488.bin: opened:  2399 us, closed:     5 us, I/O:  15013 us, total:  22430 us, speed:   666 KB/s, CRC32: 0xC61C2AA0
File /test_489.bin: opened:  2424 us, closed:     5 us, I/O:  16645 us, total:  24114 us, speed:   600 KB/s, CRC32: 0xC61C2AA0
File /test_490.bin: opened:  2430 us, closed:     8 us, I/O:  15072 us, total:  22672 us, speed:   663 KB/s, CRC32: 0xC61C2AA0
File /test_491.bin: opened:  2446 us, closed:     5 us, I/O:  20965 us, total:  28457 us, speed:   476 KB/s, CRC32: 0xC61C2AA0
File /test_492.bin: opened:  2444 us, closed:     5 us, I/O:  15038 us, total:  22547 us, speed:   664 KB/s, CRC32: 0xC61C2AA0
File /test_493.bin: opened:  3626 us, closed:     5 us, I/O:  15408 us, total:  24108 us, speed:   649 KB/s, CRC32: 0xC61C2AA0
File /test_494.bin: opened:  2428 us, closed:     5 us, I/O:  15037 us, total:  22631 us, speed:   665 KB/s, CRC32: 0xC61C2AA0
File /test_495.bin: opened:  2431 us, closed:     5 us, I/O:  21036 us, total:  28543 us, speed:   475 KB/s, CRC32: 0xC61C2AA0
File /test_496.bin: opened:  2408 us, closed:     5 us, I/O:  15061 us, total:  22574 us, speed:   663 KB/s, CRC32: 0xC61C2AA0
File /test_497.bin: opened:  4045 us, closed:     5 us, I/O:  15043 us, total:  24164 us, speed:   664 KB/s, CRC32: 0xC61C2AA0
File /test_498.bin: opened:  2399 us, closed:     5 us, I/O:  15090 us, total:  22588 us, speed:   662 KB/s, CRC32: 0xC61C2AA0
File /test_499.bin: opened:  2430 us, closed:     5 us, I/O:  21003 us, total:  28478 us, speed:   476 KB/s, CRC32: 0xC61C2AA0
File /test_500.bin: opened:  2414 us, closed:     5 us, I/O:  16198 us, total:  23676 us, speed:   617 KB/s, CRC32: 0xC61C2AA0
File /test_501.bin: opened:  2872 us, closed:     5 us, I/O:  14987 us, total:  22907 us, speed:   667 KB/s, CRC32: 0xC61C2AA0
File /test_502.bin: opened:  2446 us, closed:     5 us, I/O:  15028 us, total:  22547 us, speed:   665 KB/s, CRC32: 0xC61C2AA0
File /test_503.bin: opened:  2456 us, closed:     5 us, I/O:  20960 us, total:  28492 us, speed:   477 KB/s, CRC32: 0xC61C2AA0
File /test_504.bin: opened:  2467 us, closed:     5 us, I/O:  16630 us, total:  24186 us, speed:   601 KB/s, CRC32: 0xC61C2AA0
File /test_505.bin: opened:  2459 us, closed:     5 us, I/O:  15061 us, total:  22634 us, speed:   663 KB/s, CRC32: 0xC61C2AA0
File /test_506.bin: opened:  2458 us, closed:     5 us, I/O:  15066 us, total:  22593 us, speed:   663 KB/s, CRC32: 0xC61C2AA0
File /test_507.bin: opened:  2449 us, closed:     5 us, I/O:  20973 us, total:  28495 us, speed:   476 KB/s, CRC32: 0xC61C2AA0
File /test_508.bin: opened:  2468 us, closed:     5 us, I/O:  16619 us, total:  24145 us, speed:   601 KB/s, CRC32: 0xC61C2AA0
File /test_509.bin: opened:  2450 us, closed:     8 us, I/O:  15036 us, total:  22534 us, speed:   665 KB/s, CRC32: 0xC61C2AA0
File /test_510.bin: opened:  2412 us, closed:     5 us, I/O:  15034 us, total:  22505 us, speed:   665 KB/s, CRC32: 0xC61C2AA0
File /test_511.bin: opened:  2433 us, closed:     5 us, I/O:  21010 us, total:  28469 us, speed:   475 KB/s, CRC32: 0xC61C2AA0
File /test_512.bin: opened:  2463 us, closed:     5 us, I/O:  16648 us, total:  24181 us, speed:   600 KB/s, CRC32: 0xC61C2AA0
File /test_513.bin: opened:  2448 us, closed:     8 us, I/O:  15038 us, total:  22541 us, speed:   664 KB/s, CRC32: 0xC61C2AA0
File /test_514.bin: opened:  2472 us, closed:     8 us, I/O:  15058 us, total:  22582 us, speed:   664 KB/s, CRC32: 0xC61C2AA0
File /test_515.bin: opened:  2451 us, closed:     5 us, I/O:  20998 us, total:  28562 us, speed:   476 KB/s, CRC32: 0xC61C2AA0
File /test_516.bin: opened:  2458 us, closed:     5 us, I/O:  16631 us, total:  24146 us, speed:   601 KB/s, CRC32: 0xC61C2AA0
File /test_517.bin: opened:  2458 us, closed:     5 us, I/O:  15024 us, total:  22505 us, speed:   665 KB/s, CRC32: 0xC61C2AA0
File /test_518.bin: opened:  2428 us, closed:     5 us, I/O:  15078 us, total:  22555 us, speed:   663 KB/s, CRC32: 0xC61C2AA0
File /test_519.bin: opened:  2458 us, closed:     5 us, I/O:  20981 us, total:  28564 us, speed:   476 KB/s, CRC32: 0xC61C2AA0
File /test_520.bin: opened:  2434 us, closed:     5 us, I/O:  16651 us, total:  24115 us, speed:   600 KB/s, CRC32: 0xC61C2AA0
File /test_521.bin: opened:  2450 us, closed:     5 us, I/O:  14989 us, total:  22483 us, speed:   667 KB/s, CRC32: 0xC61C2AA0
File /test_522.bin: opened:  2466 us, closed:     5 us, I/O:  15065 us, total:  22608 us, speed:   663 KB/s, CRC32: 0xC61C2AA0
File /test_523.bin: opened:  2466 us, closed:     5 us, I/O:  21026 us, total:  28582 us, speed:   475 KB/s, CRC32: 0xC61C2AA0
File /test_524.bin: opened:  2448 us, closed:     5 us, I/O:  16623 us, total:  24134 us, speed:   601 KB/s, CRC32: 0xC61C2AA0
File /test_525.bin: opened:  2476 us, closed:     5 us, I/O:  15044 us, total:  22555 us, speed:   664 KB/s, CRC32: 0xC61C2AA0
File /test_526.bin: opened:  2486 us, closed:     5 us, I/O:  15033 us, total:  22649 us, speed:   665 KB/s, CRC32: 0xC61C2AA0
File /test_527.bin: opened:  2465 us, closed:     5 us, I/O:  21019 us, total:  28551 us, speed:   475 KB/s, CRC32: 0xC61C2AA0
File /test_528.bin: opened:  2469 us, closed:     5 us, I/O:  16627 us, total:  24202 us, speed:   601 KB/s, CRC32: 0xC61C2AA0
File /test_529.bin: opened:  2431 us, closed:     5 us, I/O:  15015 us, total:  22536 us, speed:   666 KB/s, CRC32: 0xC61C2AA0
File /test_530.bin: opened:  2451 us, closed:     5 us, I/O:  15029 us, total:  22554 us, speed:   665 KB/s, CRC32: 0xC61C2AA0
File /test_531.bin: opened:  2442 us, closed:     5 us, I/O:  21003 us, total:  28602 us, speed:   476 KB/s, CRC32: 0xC61C2AA0
File /test_532.bin: opened:  2496 us, closed:     5 us, I/O:  16635 us, total:  24219 us, speed:   601 KB/s, CRC32: 0xC61C2AA0
File /test_533.bin: opened:  2452 us, closed:     5 us, I/O:  15005 us, total:  22612 us, speed:   666 KB/s, CRC32: 0xC61C2AA0
File /test_534.bin: opened:  2497 us, closed:     5 us, I/O:  15053 us, total:  22585 us, speed:   664 KB/s, CRC32: 0xC61C2AA0
File /test_535.bin: opened:  2498 us, closed:     5 us, I/O:  20971 us, total:  28510 us, speed:   476 KB/s, CRC32: 0xC61C2AA0
File /test_536.bin: opened:  2463 us, closed:     5 us, I/O:  16607 us, total:  24175 us, speed:   602 KB/s, CRC32: 0xC61C2AA0
File /test_537.bin: opened:  2473 us, closed:     5 us, I/O:  15036 us, total:  22558 us, speed:   665 KB/s, CRC32: 0xC61C2AA0
File /test_538.bin: opened:  2482 us, closed:     5 us, I/O:  15052 us, total:  22602 us, speed:   664 KB/s, CRC32: 0xC61C2AA0
File /test_539.bin: opened:  2471 us, closed:     5 us, I/O:  20995 us, total:  28530 us, speed:   476 KB/s, CRC32: 0xC61C2AA0
File /test_540.bin: opened:  2463 us, closed:     5 us, I/O:  16624 us, total:  24231 us, speed:   601 KB/s, CRC32: 0xC61C2AA0
File /test_541.bin: opened:  2491 us, closed:     5 us, I/O:  15073 us, total:  22587 us, speed:   663 KB/s, CRC32: 0xC61C2AA0
File /test_542.bin: opened:  2497 us, closed:     5 us, I/O:  15066 us, total:  22626 us, speed:   663 KB/s, CRC32: 0xC61C2AA0
File /test_543.bin: opened:  2473 us, closed:     5 us, I/O:  21030 us, total:  28573 us, speed:   475 KB/s, CRC32: 0xC61C2AA0
File /test_544.bin: opened:  2496 us, closed:     5 us, I/O:  16653 us, total:  24213 us, speed:   600 KB/s, CRC32: 0xC61C2AA0
File /test_545.bin: opened:  2458 us, closed:     5 us, I/O:  15091 us, total:  22609 us, speed:   662 KB/s, CRC32: 0xC61C2AA0
File /test_546.bin: opened:  2491 us, closed:     5 us, I/O:  15027 us, total:  22585 us, speed:   665 KB/s, CRC32: 0xC61C2AA0
File /test_547.bin: opened:  2478 us, closed:     5 us, I/O:  21006 us, total:  28586 us, speed:   476 KB/s, CRC32: 0xC61C2AA0
File /test_548.bin: opened:  2491 us, closed:     5 us, I/O:  16605 us, total:  24150 us, speed:   602 KB/s, CRC32: 0xC61C2AA0
File /test_549.bin: opened:  2437 us, closed:     5 us, I/O:  15029 us, total:  22523 us, speed:   665 KB/s, CRC32: 0xC61C2AA0
File /test_550.bin: opened:  2463 us, closed:     5 us, I/O:  15022 us, total:  22563 us, speed:   665 KB/s, CRC32: 0xC61C2AA0
File /test_551.bin: opened:  2461 us, closed:     5 us, I/O:  21029 us, total:  28542 us, speed:   475 KB/s, CRC32: 0xC61C2AA0
File /test_552.bin: opened:  2486 us, closed:     5 us, I/O:  16613 us, total:  24122 us, speed:   601 KB/s, CRC32: 0xC61C2AA0
File /test_553.bin: opened:  2491 us, closed:     5 us, I/O:  15056 us, total:  22597 us, speed:   664 KB/s, CRC32: 0xC61C2AA0
File /test_554.bin: opened:  2510 us, closed:     5 us, I/O:  15076 us, total:  22643 us, speed:   663 KB/s, CRC32: 0xC61C2AA0
File /test_555.bin: opened:  2455 us, closed:     5 us, I/O:  21024 us, total:  28543 us, speed:   475 KB/s, CRC32: 0xC61C2AA0
File /test_556.bin: opened:  3653 us, closed:     5 us, I/O:  15453 us, total:  24133 us, speed:   647 KB/s, CRC32: 0xC61C2AA0
File /test_557.bin: opened:  2474 us, closed:     5 us, I/O:  15055 us, total:  22598 us, speed:   664 KB/s, CRC32: 0xC61C2AA0
File /test_558.bin: opened:  2466 us, closed:     9 us, I/O:  15024 us, total:  22609 us, speed:   665 KB/s, CRC32: 0xC61C2AA0
File /test_559.bin: opened:  2463 us, closed:     5 us, I/O:  21060 us, total:  28627 us, speed:   474 KB/s, CRC32: 0xC61C2AA0
File /test_560.bin: opened:  4071 us, closed:     5 us, I/O:  15024 us, total:  24195 us, speed:   665 KB/s, CRC32: 0xC61C2AA0
File /test_561.bin: opened:  2505 us, closed:     5 us, I/O:  15029 us, total:  22591 us, speed:   665 KB/s, CRC32: 0xC61C2AA0
File /test_562.bin: opened:  2511 us, closed:     5 us, I/O:  15076 us, total:  22692 us, speed:   663 KB/s, CRC32: 0xC61C2AA0
File /test_563.bin: opened:  2490 us, closed:     9 us, I/O:  22147 us, total:  29709 us, speed:   451 KB/s, CRC32: 0xC61C2AA0
File /test_564.bin: opened:  2920 us, closed:     5 us, I/O:  14994 us, total:  22973 us, speed:   666 KB/s, CRC32: 0xC61C2AA0
File /test_565.bin: opened:  2471 us, closed:     8 us, I/O:  15057 us, total:  22644 us, speed:   664 KB/s, CRC32: 0xC61C2AA0
File /test_566.bin: opened:  2488 us, closed:     5 us, I/O:  15022 us, total:  22563 us, speed:   665 KB/s, CRC32: 0xC61C2AA0
File /test_567.bin: opened:  2488 us, closed:     5 us, I/O:  22583 us, total:  30145 us, speed:   442 KB/s, CRC32: 0xC61C2AA0
File /test_568.bin: opened:  2485 us, closed:     9 us, I/O:  14996 us, total:  22552 us, speed:   666 KB/s, CRC32: 0xC61C2AA0
File /test_569.bin: opened:  2477 us, closed:     5 us, I/O:  15044 us, total:  22586 us, speed:   664 KB/s, CRC32: 0xC61C2AA0
File /test_570.bin: opened:  2482 us, closed:     5 us, I/O:  14992 us, total:  22524 us, speed:   667 KB/s, CRC32: 0xC61C2AA0
File /test_571.bin: opened:  2501 us, closed:     5 us, I/O:  22591 us, total:  30157 us, speed:   442 KB/s, CRC32: 0xC61C2AA0
File /test_572.bin: opened:  2509 us, closed:     5 us, I/O:  15002 us, total:  22674 us, speed:   666 KB/s, CRC32: 0xC61C2AA0
File /test_573.bin: opened:  2485 us, closed:     5 us, I/O:  15004 us, total:  22593 us, speed:   666 KB/s, CRC32: 0xC61C2AA0
File /test_574.bin: opened:  2527 us, closed:     5 us, I/O:  15050 us, total:  22671 us, speed:   664 KB/s, CRC32: 0xC61C2AA0
File /test_575.bin: opened:  2488 us, closed:     5 us, I/O:  22628 us, total:  30198 us, speed:   441 KB/s, CRC32: 0xC61C2AA0
File /test_576.bin: opened:  2491 us, closed:     8 us, I/O:  15033 us, total:  22592 us, speed:   665 KB/s, CRC32: 0xC61C2AA0
File /test_577.bin: opened:  2499 us, closed:     5 us, I/O:  15069 us, total:  22586 us, speed:   663 KB/s, CRC32: 0xC61C2AA0
File /test_578.bin: opened:  2484 us, closed:     5 us, I/O:  15088 us, total:  22693 us, speed:   662 KB/s, CRC32: 0xC61C2AA0
File /test_579.bin: opened:  2454 us, closed:     5 us, I/O:  22531 us, total:  30098 us, speed:   443 KB/s, CRC32: 0xC61C2AA0
File /test_580.bin: opened:  2538 us, closed:     5 us, I/O:  14991 us, total:  22562 us, speed:   667 KB/s, CRC32: 0xC61C2AA0
File /test_581.bin: opened:  2484 us, closed:     5 us, I/O:  15076 us, total:  22632 us, speed:   663 KB/s, CRC32: 0xC61C2AA0
File /test_582.bin: opened:  2504 us, closed:     5 us, I/O:  15035 us, total:  22605 us, speed:   665 KB/s, CRC32: 0xC61C2AA0
File /test_583.bin: opened:  2486 us, closed:     5 us, I/O:  22633 us, total:  30219 us, speed:   441 KB/s, CRC32: 0xC61C2AA0
File /test_584.bin: opened:  2500 us, closed:     5 us, I/O:  15002 us, total:  22533 us, speed:   666 KB/s, CRC32: 0xC61C2AA0
File /test_585.bin: opened:  2476 us, closed:     5 us, I/O:  15041 us, total:  22579 us, speed:   664 KB/s, CRC32: 0xC61C2AA0
File /test_586.bin: opened:  2472 us, closed:     5 us, I/O:  15059 us, total:  22649 us, speed:   664 KB/s, CRC32: 0xC61C2AA0
File /test_587.bin: opened:  2492 us, closed:     5 us, I/O:  22612 us, total:  30187 us, speed:   442 KB/s, CRC32: 0xC61C2AA0
File /test_588.bin: opened:  2463 us, closed:     5 us, I/O:  14989 us, total:  22570 us, speed:   667 KB/s, CRC32: 0xC61C2AA0
File /test_589.bin: opened:  2467 us, closed:     5 us, I/O:  15068 us, total:  22612 us, speed:   663 KB/s, CRC32: 0xC61C2AA0
File /test_590.bin: opened:  2500 us, closed:     5 us, I/O:  15038 us, total:  22599 us, speed:   664 KB/s, CRC32: 0xC61C2AA0
File /test_591.bin: opened:  2536 us, closed:     5 us, I/O:  22627 us, total:  30319 us, speed:   441 KB/s, CRC32: 0xC61C2AA0
File /test_592.bin: opened:  2523 us, closed:     5 us, I/O:  14985 us, total:  22560 us, speed:   667 KB/s, CRC32: 0xC61C2AA0
File /test_593.bin: opened:  2500 us, closed:     8 us, I/O:  15066 us, total:  22692 us, speed:   663 KB/s, CRC32: 0xC61C2AA0
File /test_594.bin: opened:  2510 us, closed:     5 us, I/O:  15034 us, total:  22649 us, speed:   665 KB/s, CRC32: 0xC61C2AA0
File /test_595.bin: opened:  2499 us, closed:     5 us, I/O:  22556 us, total:  30163 us, speed:   443 KB/s, CRC32: 0xC61C2AA0
File /test_596.bin: opened:  2492 us, closed:     5 us, I/O:  14983 us, total:  22578 us, speed:   667 KB/s, CRC32: 0xC61C2AA0
File /test_597.bin: opened:  2492 us, closed:     5 us, I/O:  15056 us, total:  22655 us, speed:   664 KB/s, CRC32: 0xC61C2AA0
File /test_598.bin: opened:  2502 us, closed:     5 us, I/O:  15029 us, total:  22601 us, speed:   665 KB/s, CRC32: 0xC61C2AA0
File /test_599.bin: opened:  2518 us, closed:     5 us, I/O:  22600 us, total:  30212 us, speed:   442 KB/s, CRC32: 0xC61C2AA0
File /test_600.bin: opened:  2486 us, closed:     5 us, I/O:  15023 us, total:  22613 us, speed:   665 KB/s, CRC32: 0xC61C2AA0
File /test_601.bin: opened:  2532 us, closed:     5 us, I/O:  15077 us, total:  22700 us, speed:   663 KB/s, CRC32: 0xC61C2AA0
File /test_602.bin: opened:  2547 us, closed:     5 us, I/O:  14991 us, total:  22580 us, speed:   667 KB/s, CRC32: 0xC61C2AA0
File /test_603.bin: opened:  2540 us, closed:     5 us, I/O:  22600 us, total:  30197 us, speed:   442 KB/s, CRC32: 0xC61C2AA0
File /test_604.bin: opened:  2530 us, closed:     5 us, I/O:  15001 us, total:  22625 us, speed:   666 KB/s, CRC32: 0xC61C2AA0
File /test_605.bin: opened:  2535 us, closed:     5 us, I/O:  15038 us, total:  22636 us, speed:   664 KB/s, CRC32: 0xC61C2AA0
File /test_606.bin: opened:  2546 us, closed:     5 us, I/O:  15057 us, total:  22650 us, speed:   664 KB/s, CRC32: 0xC61C2AA0
File /test_607.bin: opened:  2519 us, closed:     5 us, I/O:  16645 us, total:  30239 us, speed:   600 KB/s, CRC32: 0xC61C2AA0
File /test_608.bin: opened:  2524 us, closed:     5 us, I/O:  14985 us, total:  22600 us, speed:   667 KB/s, CRC32: 0xC61C2AA0
File /test_609.bin: opened:  2530 us, closed:     5 us, I/O:  15091 us, total:  22696 us, speed:   662 KB/s, CRC32: 0xC61C2AA0
File /test_610.bin: opened:  2506 us, closed:     5 us, I/O:  15043 us, total:  22665 us, speed:   664 KB/s, CRC32: 0xC61C2AA0
File /test_611.bin: opened:  2524 us, closed:     5 us, I/O:  16640 us, total:  30198 us, speed:   600 KB/s, CRC32: 0xC61C2AA0
File /test_612.bin: opened:  2524 us, closed:     5 us, I/O:  14972 us, total:  22608 us, speed:   667 KB/s, CRC32: 0xC61C2AA0
File /test_613.bin: opened:  2550 us, closed:     5 us, I/O:  15075 us, total:  22675 us, speed:   663 KB/s, CRC32: 0xC61C2AA0
File /test_614.bin: opened:  2568 us, closed:     5 us, I/O:  15039 us, total:  22686 us, speed:   664 KB/s, CRC32: 0xC61C2AA0
File /test_615.bin: opened:  2526 us, closed:     5 us, I/O:  16649 us, total:  30221 us, speed:   600 KB/s, CRC32: 0xC61C2AA0
File /test_616.bin: opened:  2526 us, closed:     5 us, I/O:  15005 us, total:  22556 us, speed:   666 KB/s, CRC32: 0xC61C2AA0
File /test_617.bin: opened:  2555 us, closed:     5 us, I/O:  14996 us, total:  22629 us, speed:   666 KB/s, CRC32: 0xC61C2AA0
File /test_618.bin: opened:  2528 us, closed:     5 us, I/O:  15032 us, total:  22657 us, speed:   665 KB/s, CRC32: 0xC61C2AA0
File /test_619.bin: opened:  3701 us, closed:     5 us, I/O:  15427 us, total:  30160 us, speed:   648 KB/s, CRC32: 0xC61C2AA0
File /test_620.bin: opened:  2555 us, closed:     5 us, I/O:  15030 us, total:  22666 us, speed:   665 KB/s, CRC32: 0xC61C2AA0
File /test_621.bin: opened:  2550 us, closed:     5 us, I/O:  15032 us, total:  23089 us, speed:   665 KB/s, CRC32: 0xC61C2AA0
File /test_622.bin: opened:  2518 us, closed:     5 us, I/O:  15045 us, total:  22597 us, speed:   664 KB/s, CRC32: 0xC61C2AA0
File /test_623.bin: opened:  4138 us, closed:     5 us, I/O:  15047 us, total:  30321 us, speed:   664 KB/s, CRC32: 0xC61C2AA0
File /test_624.bin: opened:  2575 us, closed:     5 us, I/O:  15041 us, total:  22695 us, speed:   664 KB/s, CRC32: 0xC61C2AA0
File /test_625.bin: opened:  2554 us, closed:     5 us, I/O:  15035 us, total:  22643 us, speed:   665 KB/s, CRC32: 0xC61C2AA0
File /test_626.bin: opened:  2535 us, closed:     5 us, I/O:  16224 us, total:  23843 us, speed:   616 KB/s, CRC32: 0xC61C2AA0
File /test_627.bin: opened:  2980 us, closed:     5 us, I/O:  15022 us, total:  29034 us, speed:   665 KB/s, CRC32: 0xC61C2AA0
File /test_628.bin: opened:  2557 us, closed:     5 us, I/O:  15006 us, total:  22601 us, speed:   666 KB/s, CRC32: 0xC61C2AA0
File /test_629.bin: opened:  2528 us, closed:     8 us, I/O:  15038 us, total:  22646 us, speed:   664 KB/s, CRC32: 0xC61C2AA0
File /test_630.bin: opened:  2533 us, closed:     5 us, I/O:  16651 us, total:  24233 us, speed:   600 KB/s, CRC32: 0xC61C2AA0
File /test_631.bin: opened:  8505 us, closed:     5 us, I/O:  15053 us, total:  28666 us, speed:   664 KB/s, CRC32: 0xC61C2AA0
File /test_632.bin: opened:  2566 us, closed:     5 us, I/O:  15036 us, total:  22658 us, speed:   665 KB/s, CRC32: 0xC61C2AA0
File /test_633.bin: opened:  2544 us, closed:     5 us, I/O:  15006 us, total:  22577 us, speed:   666 KB/s, CRC32: 0xC61C2AA0
File /test_634.bin: opened:  2590 us, closed:     9 us, I/O:  16673 us, total:  24312 us, speed:   599 KB/s, CRC32: 0xC61C2AA0
File /test_635.bin: opened:  8490 us, closed:     9 us, I/O:  15045 us, total:  28649 us, speed:   664 KB/s, CRC32: 0xC61C2AA0
File /test_636.bin: opened:  2562 us, closed:     5 us, I/O:  15039 us, total:  22671 us, speed:   664 KB/s, CRC32: 0xC61C2AA0
File /test_637.bin: opened:  2570 us, closed:     5 us, I/O:  15044 us, total:  22698 us, speed:   664 KB/s, CRC32: 0xC61C2AA0
File /test_638.bin: opened:  2551 us, closed:     5 us, I/O:  16648 us, total:  24222 us, speed:   600 KB/s, CRC32: 0xC61C2AA0
File /test_639.bin: opened:  8495 us, closed:     5 us, I/O:  15050 us, total:  28591 us, speed:   664 KB/s, CRC32: 0xC61C2AA0
File /test_640.bin: opened:  2565 us, closed:     5 us, I/O:  15075 us, total:  22726 us, speed:   663 KB/s, CRC32: 0xC61C2AA0
File /test_641.bin: opened:  2584 us, closed:     5 us, I/O:  15028 us, total:  22696 us, speed:   665 KB/s, CRC32: 0xC61C2AA0
File /test_642.bin: opened:  2546 us, closed:     5 us, I/O:  16606 us, total:  24245 us, speed:   602 KB/s, CRC32: 0xC61C2AA0
File /test_643.bin: opened:  8538 us, closed:     5 us, I/O:  15088 us, total:  28672 us, speed:   662 KB/s, CRC32: 0xC61C2AA0
File /test_644.bin: opened:  2577 us, closed:     5 us, I/O:  15060 us, total:  22665 us, speed:   664 KB/s, CRC32: 0xC61C2AA0
File /test_645.bin: opened:  2587 us, closed:     5 us, I/O:  14983 us, total:  22618 us, speed:   667 KB/s, CRC32: 0xC61C2AA0
File /test_646.bin: opened:  2545 us, closed:     5 us, I/O:  16625 us, total:  24258 us, speed:   601 KB/s, CRC32: 0xC61C2AA0
File /test_647.bin: opened:  8530 us, closed:     5 us, I/O:  15064 us, total:  28660 us, speed:   663 KB/s, CRC32: 0xC61C2AA0
File /test_648.bin: opened:  2541 us, closed:     5 us, I/O:  15014 us, total:  22618 us, speed:   666 KB/s, CRC32: 0xC61C2AA0
File /test_649.bin: opened:  2542 us, closed:     5 us, I/O:  14988 us, total:  22570 us, speed:   667 KB/s, CRC32: 0xC61C2AA0
File /test_650.bin: opened:  2542 us, closed:     5 us, I/O:  16641 us, total:  24265 us, speed:   600 KB/s, CRC32: 0xC61C2AA0
File /test_651.bin: opened:  8554 us, closed:     5 us, I/O:  15057 us, total:  28669 us, speed:   664 KB/s, CRC32: 0xC61C2AA0
File /test_652.bin: opened:  2550 us, closed:     5 us, I/O:  15035 us, total:  22704 us, speed:   665 KB/s, CRC32: 0xC61C2AA0
File /test_653.bin: opened:  2552 us, closed:     5 us, I/O:  15031 us, total:  22629 us, speed:   665 KB/s, CRC32: 0xC61C2AA0
File /test_654.bin: opened:  2559 us, closed:     5 us, I/O:  16617 us, total:  24300 us, speed:   601 KB/s, CRC32: 0xC61C2AA0
File /test_655.bin: opened:  2556 us, closed:     5 us, I/O:  15052 us, total:  22665 us, speed:   664 KB/s, CRC32: 0xC61C2AA0
File /test_656.bin: opened:  2547 us, closed:     5 us, I/O:  15098 us, total:  22714 us, speed:   662 KB/s, CRC32: 0xC61C2AA0
File /test_657.bin: opened:  2560 us, closed:     5 us, I/O:  15032 us, total:  22648 us, speed:   665 KB/s, CRC32: 0xC61C2AA0
File /test_658.bin: opened:  2539 us, closed:     5 us, I/O:  22592 us, total:  30237 us, speed:   442 KB/s, CRC32: 0xC61C2AA0
File /test_659.bin: opened:  2536 us, closed:     5 us, I/O:  15039 us, total:  22652 us, speed:   664 KB/s, CRC32: 0xC61C2AA0
File /test_660.bin: opened:  2562 us, closed:     5 us, I/O:  15045 us, total:  22683 us, speed:   664 KB/s, CRC32: 0xC61C2AA0
File /test_661.bin: opened:  2600 us, closed:     5 us, I/O:  15037 us, total:  22712 us, speed:   665 KB/s, CRC32: 0xC61C2AA0
File /test_662.bin: opened:  2589 us, closed:     5 us, I/O:  22573 us, total:  30269 us, speed:   443 KB/s, CRC32: 0xC61C2AA0
File /test_663.bin: opened:  2568 us, closed:     5 us, I/O:  15064 us, total:  22735 us, speed:   663 KB/s, CRC32: 0xC61C2AA0
File /test_664.bin: opened:  2579 us, closed:     5 us, I/O:  15040 us, total:  22665 us, speed:   664 KB/s, CRC32: 0xC61C2AA0
File /test_665.bin: opened:  2554 us, closed:     5 us, I/O:  14988 us, total:  22585 us, speed:   667 KB/s, CRC32: 0xC61C2AA0
File /test_666.bin: opened:  2545 us, closed:     5 us, I/O:  22607 us, total:  30231 us, speed:   442 KB/s, CRC32: 0xC61C2AA0
File /test_667.bin: opened:  2579 us, closed:     5 us, I/O:  15054 us, total:  22712 us, speed:   664 KB/s, CRC32: 0xC61C2AA0
File /test_668.bin: opened:  2539 us, closed:     5 us, I/O:  15057 us, total:  22652 us, speed:   664 KB/s, CRC32: 0xC61C2AA0
File /test_669.bin: opened:  2549 us, closed:     5 us, I/O:  15054 us, total:  22655 us, speed:   664 KB/s, CRC32: 0xC61C2AA0
File /test_670.bin: opened:  2584 us, closed:     5 us, I/O:  22586 us, total:  30211 us, speed:   442 KB/s, CRC32: 0xC61C2AA0
File /test_671.bin: opened:  2610 us, closed:     5 us, I/O:  15082 us, total:  22757 us, speed:   663 KB/s, CRC32: 0xC61C2AA0
File /test_672.bin: opened:  2590 us, closed:     5 us, I/O:  15052 us, total:  22756 us, speed:   664 KB/s, CRC32: 0xC61C2AA0
File /test_673.bin: opened:  2585 us, closed:     5 us, I/O:  15034 us, total:  22680 us, speed:   665 KB/s, CRC32: 0xC61C2AA0
File /test_674.bin: opened:  2582 us, closed:     5 us, I/O:  22606 us, total:  30254 us, speed:   442 KB/s, CRC32: 0xC61C2AA0
File /test_675.bin: opened:  2557 us, closed:     5 us, I/O:  15060 us, total:  22715 us, speed:   664 KB/s, CRC32: 0xC61C2AA0
File /test_676.bin: opened:  2549 us, closed:     5 us, I/O:  15060 us, total:  22711 us, speed:   664 KB/s, CRC32: 0xC61C2AA0
File /test_677.bin: opened:  2549 us, closed:     5 us, I/O:  15028 us, total:  22672 us, speed:   665 KB/s, CRC32: 0xC61C2AA0
File /test_678.bin: opened:  2527 us, closed:     5 us, I/O:  22628 us, total:  30264 us, speed:   441 KB/s, CRC32: 0xC61C2AA0
File /test_679.bin: opened:  2543 us, closed:     5 us, I/O:  15062 us, total:  22713 us, speed:   663 KB/s, CRC32: 0xC61C2AA0
File /test_680.bin: opened:  2607 us, closed:     5 us, I/O:  15100 us, total:  22861 us, speed:   662 KB/s, CRC32: 0xC61C2AA0
File /test_681.bin: opened:  2582 us, closed:     5 us, I/O:  15000 us, total:  22661 us, speed:   666 KB/s, CRC32: 0xC61C2AA0
File /test_682.bin: opened:  3764 us, closed:     5 us, I/O:  21403 us, total:  30205 us, speed:   467 KB/s, CRC32: 0xC61C2AA0
File /test_683.bin: opened:  2582 us, closed:     5 us, I/O:  15025 us, total:  22705 us, speed:   665 KB/s, CRC32: 0xC61C2AA0
File /test_684.bin: opened:  2571 us, closed:     5 us, I/O:  15028 us, total:  22702 us, speed:   665 KB/s, CRC32: 0xC61C2AA0
File /test_685.bin: opened:  2551 us, closed:     5 us, I/O:  15005 us, total:  22661 us, speed:   666 KB/s, CRC32: 0xC61C2AA0
File /test_686.bin: opened:  4174 us, closed:     5 us, I/O:  20994 us, total:  30246 us, speed:   476 KB/s, CRC32: 0xC61C2AA0
File /test_687.bin: opened:  2544 us, closed:     5 us, I/O:  15038 us, total:  22673 us, speed:   664 KB/s, CRC32: 0xC61C2AA0
File /test_688.bin: opened:  2516 us, closed:     5 us, I/O:  14995 us, total:  22594 us, speed:   666 KB/s, CRC32: 0xC61C2AA0
File /test_689.bin: opened:  2569 us, closed:     5 us, I/O:  16180 us, total:  23840 us, speed:   618 KB/s, CRC32: 0xC61C2AA0
File /test_690.bin: opened:  3006 us, closed:     5 us, I/O:  21035 us, total:  29106 us, speed:   475 KB/s, CRC32: 0xC61C2AA0
File /test_691.bin: opened:  2570 us, closed:     5 us, I/O:  15061 us, total:  22699 us, speed:   663 KB/s, CRC32: 0xC61C2AA0
File /test_692.bin: opened:  2596 us, closed:     5 us, I/O:  14994 us, total:  22715 us, speed:   666 KB/s, CRC32: 0xC61C2AA0
File /test_693.bin: opened:  2607 us, closed:     5 us, I/O:  16676 us, total:  24363 us, speed:   599 KB/s, CRC32: 0xC61C2AA0
File /test_694.bin: opened:  2591 us, closed:     5 us, I/O:  21006 us, total:  28623 us, speed:   476 KB/s, CRC32: 0xC61C2AA0
File /test_695.bin: opened:  2592 us, closed:     8 us, I/O:  15050 us, total:  22716 us, speed:   664 KB/s, CRC32: 0xC61C2AA0
File /test_696.bin: opened:  2603 us, closed:     5 us, I/O:  15029 us, total:  22693 us, speed:   665 KB/s, CRC32: 0xC61C2AA0
File /test_697.bin: opened:  2586 us, closed:     5 us, I/O:  16636 us, total:  24279 us, speed:   601 KB/s, CRC32: 0xC61C2AA0
File /test_698.bin: opened:  2531 us, closed:     5 us, I/O:  20985 us, total:  28560 us, speed:   476 KB/s, CRC32: 0xC61C2AA0
File /test_699.bin: opened:  2534 us, closed:     5 us, I/O:  15049 us, total:  22671 us, speed:   664 KB/s, CRC32: 0xC61C2AA0
File /test_700.bin: opened:  2588 us, closed:     5 us, I/O:  15035 us, total:  22655 us, speed:   665 KB/s, CRC32: 0xC61C2AA0
File /test_701.bin: opened:  2648 us, closed:     5 us, I/O:  16615 us, total:  24370 us, speed:   601 KB/s, CRC32: 0xC61C2AA0
File /test_702.bin: opened:  2610 us, closed:     5 us, I/O:  21017 us, total:  28705 us, speed:   475 KB/s, CRC32: 0xC61C2AA0
File /test_703.bin: opened:  2595 us, closed:     9 us, I/O:  15081 us, total:  22738 us, speed:   663 KB/s, CRC32: 0xC61C2AA0
File /test_704.bin: opened:  2625 us, closed:     5 us, I/O:  15034 us, total:  22757 us, speed:   665 KB/s, CRC32: 0xC61C2AA0
File /test_705.bin: opened:  2617 us, closed:     5 us, I/O:  16630 us, total:  24343 us, speed:   601 KB/s, CRC32: 0xC61C2AA0
File /test_706.bin: opened:  2615 us, closed:     5 us, I/O:  21020 us, total:  28728 us, speed:   475 KB/s, CRC32: 0xC61C2AA0
File /test_707.bin: opened:  2600 us, closed:     5 us, I/O:  15055 us, total:  22797 us, speed:   664 KB/s, CRC32: 0xC61C2AA0
File /test_708.bin: opened:  2602 us, closed:     5 us, I/O:  14999 us, total:  22637 us, speed:   666 KB/s, CRC32: 0xC61C2AA0
File /test_709.bin: opened:  2605 us, closed:     5 us, I/O:  16638 us, total:  24309 us, speed:   601 KB/s, CRC32: 0xC61C2AA0
File /test_710.bin: opened:  2605 us, closed:     5 us, I/O:  20938 us, total:  28636 us, speed:   477 KB/s, CRC32: 0xC61C2AA0
File /test_711.bin: opened:  2620 us, closed:     5 us, I/O:  15017 us, total:  22708 us, speed:   665 KB/s, CRC32: 0xC61C2AA0
File /test_712.bin: opened:  2622 us, closed:     5 us, I/O:  15043 us, total:  22770 us, speed:   664 KB/s, CRC32: 0xC61C2AA0
File /test_713.bin: opened:  2635 us, closed:     5 us, I/O:  16624 us, total:  24326 us, speed:   601 KB/s, CRC32: 0xC61C2AA0
File /test_714.bin: opened:  2632 us, closed:     5 us, I/O:  20997 us, total:  28674 us, speed:   476 KB/s, CRC32: 0xC61C2AA0
File /test_715.bin: opened:  2616 us, closed:     5 us, I/O:  14984 us, total:  22641 us, speed:   667 KB/s, CRC32: 0xC61C2AA0
File /test_716.bin: opened:  2609 us, closed:     5 us, I/O:  15022 us, total:  22694 us, speed:   665 KB/s, CRC32: 0xC61C2AA0
File /test_717.bin: opened:  2650 us, closed:     5 us, I/O:  16634 us, total:  24343 us, speed:   601 KB/s, CRC32: 0xC61C2AA0
File /test_718.bin: opened:  2613 us, closed:     5 us, I/O:  20990 us, total:  28699 us, speed:   476 KB/s, CRC32: 0xC61C2AA0
File /test_719.bin: opened:  2608 us, closed:     5 us, I/O:  15039 us, total:  22716 us, speed:   664 KB/s, CRC32: 0xC61C2AA0
File /test_720.bin: opened:  2641 us, closed:     5 us, I/O:  15018 us, total:  22752 us, speed:   665 KB/s, CRC32: 0xC61C2AA0
File /test_721.bin: opened:  2639 us, closed:     5 us, I/O:  16673 us, total:  24400 us, speed:   599 KB/s, CRC32: 0xC61C2AA0
File /test_722.bin: opened:  2613 us, closed:     5 us, I/O:  21004 us, total:  28708 us, speed:   476 KB/s, CRC32: 0xC61C2AA0
File /test_723.bin: opened:  2645 us, closed:     9 us, I/O:  15067 us, total:  22793 us, speed:   663 KB/s, CRC32: 0xC61C2AA0
File /test_724.bin: opened:  2627 us, closed:     5 us, I/O:  15025 us, total:  22715 us, speed:   665 KB/s, CRC32: 0xC61C2AA0
File /test_725.bin: opened:  2647 us, closed:     6 us, I/O:  16653 us, total:  24366 us, speed:   600 KB/s, CRC32: 0xC61C2AA0
File /test_726.bin: opened:  2639 us, closed:     5 us, I/O:  21034 us, total:  28802 us, speed:   475 KB/s, CRC32: 0xC61C2AA0
File /test_727.bin: opened:  2615 us, closed:     5 us, I/O:  15045 us, total:  22743 us, speed:   664 KB/s, CRC32: 0xC61C2AA0
File /test_728.bin: opened:  2623 us, closed:     9 us, I/O:  15060 us, total:  22743 us, speed:   664 KB/s, CRC32: 0xC61C2AA0
File /test_729.bin: opened:  2619 us, closed:     5 us, I/O:  16628 us, total:  24356 us, speed:   601 KB/s, CRC32: 0xC61C2AA0
File /test_730.bin: opened:  2645 us, closed:     5 us, I/O:  21001 us, total:  28727 us, speed:   476 KB/s, CRC32: 0xC61C2AA0
File /test_731.bin: opened:  2640 us, closed:     5 us, I/O:  14998 us, total:  22763 us, speed:   666 KB/s, CRC32: 0xC61C2AA0
File /test_732.bin: opened:  2652 us, closed:     5 us, I/O:  15045 us, total:  22808 us, speed:   664 KB/s, CRC32: 0xC61C2AA0
File /test_733.bin: opened:  2651 us, closed:     8 us, I/O:  16626 us, total:  24390 us, speed:   601 KB/s, CRC32: 0xC61C2AA0
File /test_734.bin: opened:  2685 us, closed:     5 us, I/O:  21033 us, total:  28772 us, speed:   475 KB/s, CRC32: 0xC61C2AA0
File /test_735.bin: opened:  2628 us, closed:     5 us, I/O:  15013 us, total:  22729 us, speed:   666 KB/s, CRC32: 0xC61C2AA0
File /test_736.bin: opened:  2625 us, closed:     5 us, I/O:  15096 us, total:  22792 us, speed:   662 KB/s, CRC32: 0xC61C2AA0
File /test_737.bin: opened:  2651 us, closed:     5 us, I/O:  16625 us, total:  24317 us, speed:   601 KB/s, CRC32: 0xC61C2AA0
File /test_738.bin: opened:  2638 us, closed:     5 us, I/O:  15035 us, total:  28752 us, speed:   665 KB/s, CRC32: 0xC61C2AA0
File /test_739.bin: opened:  2613 us, closed:     5 us, I/O:  15015 us, total:  22681 us, speed:   666 KB/s, CRC32: 0xC61C2AA0
File /test_740.bin: opened:  2667 us, closed:     5 us, I/O:  15047 us, total:  22804 us, speed:   664 KB/s, CRC32: 0xC61C2AA0
File /test_741.bin: opened:  2662 us, closed:     5 us, I/O:  16638 us, total:  24346 us, speed:   601 KB/s, CRC32: 0xC61C2AA0
File /test_742.bin: opened:  2650 us, closed:     5 us, I/O:  15061 us, total:  28741 us, speed:   663 KB/s, CRC32: 0xC61C2AA0
File /test_743.bin: opened:  2657 us, closed:     5 us, I/O:  14995 us, total:  22725 us, speed:   666 KB/s, CRC32: 0xC61C2AA0
File /test_744.bin: opened:  2643 us, closed:     5 us, I/O:  15031 us, total:  22767 us, speed:   665 KB/s, CRC32: 0xC61C2AA0
File /test_745.bin: opened:  3811 us, closed:     5 us, I/O:  15456 us, total:  24321 us, speed:   646 KB/s, CRC32: 0xC61C2AA0
File /test_746.bin: opened:  2600 us, closed:     5 us, I/O:  15059 us, total:  28728 us, speed:   664 KB/s, CRC32: 0xC61C2AA0
File /test_747.bin: opened:  2615 us, closed:     5 us, I/O:  14976 us, total:  22680 us, speed:   667 KB/s, CRC32: 0xC61C2AA0
File /test_748.bin: opened:  2633 us, closed:     5 us, I/O:  15029 us, total:  22719 us, speed:   665 KB/s, CRC32: 0xC61C2AA0
File /test_749.bin: opened:  4226 us, closed:     5 us, I/O:  15025 us, total:  24321 us, speed:   665 KB/s, CRC32: 0xC61C2AA0
File /test_750.bin: opened:  2655 us, closed:     5 us, I/O:  15036 us, total:  28728 us, speed:   665 KB/s, CRC32: 0xC61C2AA0
File /test_751.bin: opened:  2673 us, closed:     5 us, I/O:  15009 us, total:  22739 us, speed:   666 KB/s, CRC32: 0xC61C2AA0
File /test_752.bin: opened:  2674 us, closed:     5 us, I/O:  16233 us, total:  24004 us, speed:   616 KB/s, CRC32: 0xC61C2AA0
File /test_753.bin: opened:  3061 us, closed:     5 us, I/O:  15030 us, total:  23195 us, speed:   665 KB/s, CRC32: 0xC61C2AA0
File /test_754.bin: opened:  2627 us, closed:     5 us, I/O:  15054 us, total:  28740 us, speed:   664 KB/s, CRC32: 0xC61C2AA0
File /test_755.bin: opened:  2661 us, closed:     5 us, I/O:  14998 us, total:  22745 us, speed:   666 KB/s, CRC32: 0xC61C2AA0
File /test_756.bin: opened:  2661 us, closed:     6 us, I/O:  16597 us, total:  24350 us, speed:   602 KB/s, CRC32: 0xC61C2AA0
File /test_757.bin: opened:  2659 us, closed:     8 us, I/O:  15047 us, total:  22754 us, speed:   664 KB/s, CRC32: 0xC61C2AA0
File /test_758.bin: opened:  2632 us, closed:     5 us, I/O:  15032 us, total:  28669 us, speed:   665 KB/s, CRC32: 0xC61C2AA0
File /test_759.bin: opened:  2635 us, closed:     5 us, I/O:  15010 us, total:  22757 us, speed:   666 KB/s, CRC32: 0xC61C2AA0
File /test_760.bin: opened:  2694 us, closed:     5 us, I/O:  16650 us, total:  24437 us, speed:   600 KB/s, CRC32: 0xC61C2AA0
File /test_761.bin: opened:  2656 us, closed:     5 us, I/O:  15063 us, total:  22756 us, speed:   663 KB/s, CRC32: 0xC61C2AA0
File /test_762.bin: opened:  8627 us, closed:     5 us, I/O:  15074 us, total:  28793 us, speed:   663 KB/s, CRC32: 0xC61C2AA0
File /test_763.bin: opened:  2668 us, closed:     5 us, I/O:  15002 us, total:  22737 us, speed:   666 KB/s, CRC32: 0xC61C2AA0
File /test_764.bin: opened:  2661 us, closed:     5 us, I/O:  16638 us, total:  24340 us, speed:   601 KB/s, CRC32: 0xC61C2AA0
File /test_765.bin: opened:  2628 us, closed:     5 us, I/O:  15061 us, total:  22755 us, speed:   663 KB/s, CRC32: 0xC61C2AA0
File /test_766.bin: opened:  8599 us, closed:     5 us, I/O:  15030 us, total:  28690 us, speed:   665 KB/s, CRC32: 0xC61C2AA0
File /test_767.bin: opened:  2614 us, closed:     5 us, I/O:  15029 us, total:  22704 us, speed:   665 KB/s, CRC32: 0xC61C2AA0
File /test_768.bin: opened:  2635 us, closed:     9 us, I/O:  16628 us, total:  24327 us, speed:   601 KB/s, CRC32: 0xC61C2AA0
File /test_769.bin: opened:  2624 us, closed:     5 us, I/O:  15056 us, total:  22798 us, speed:   664 KB/s, CRC32: 0xC61C2AA0
File /test_770.bin: opened:  8637 us, closed:     5 us, I/O:  15059 us, total:  28755 us, speed:   664 KB/s, CRC32: 0xC61C2AA0
File /test_771.bin: opened:  2666 us, closed:     5 us, I/O:  15082 us, total:  22865 us, speed:   663 KB/s, CRC32: 0xC61C2AA0
File /test_772.bin: opened:  2657 us, closed:     5 us, I/O:  16626 us, total:  24368 us, speed:   601 KB/s, CRC32: 0xC61C2AA0
File /test_773.bin: opened:  2663 us, closed:     5 us, I/O:  21035 us, total:  28817 us, speed:   475 KB/s, CRC32: 0xC61C2AA0
File /test_774.bin: opened:  2663 us, closed:     5 us, I/O:  15085 us, total:  22823 us, speed:   662 KB/s, CRC32: 0xC61C2AA0
File /test_775.bin: opened:  2623 us, closed:     5 us, I/O:  15098 us, total:  22769 us, speed:   662 KB/s, CRC32: 0xC61C2AA0
File /test_776.bin: opened:  2647 us, closed:     5 us, I/O:  16582 us, total:  24280 us, speed:   603 KB/s, CRC32: 0xC61C2AA0
File /test_777.bin: opened:  2635 us, closed:     5 us, I/O:  21012 us, total:  28764 us, speed:   475 KB/s, CRC32: 0xC61C2AA0
File /test_778.bin: opened:  2611 us, closed:     5 us, I/O:  15065 us, total:  22766 us, speed:   663 KB/s, CRC32: 0xC61C2AA0
File /test_779.bin: opened:  2627 us, closed:     5 us, I/O:  15043 us, total:  22790 us, speed:   664 KB/s, CRC32: 0xC61C2AA0
File /test_780.bin: opened:  2666 us, closed:     5 us, I/O:  16569 us, total:  24327 us, speed:   603 KB/s, CRC32: 0xC61C2AA0
File /test_781.bin: opened:  2717 us, closed:     6 us, I/O:  20975 us, total:  28750 us, speed:   476 KB/s, CRC32: 0xC61C2AA0
File /test_782.bin: opened:  2666 us, closed:     5 us, I/O:  15041 us, total:  22796 us, speed:   664 KB/s, CRC32: 0xC61C2AA0
File /test_783.bin: opened:  2640 us, closed:     8 us, I/O:  15067 us, total:  22792 us, speed:   663 KB/s, CRC32: 0xC61C2AA0
File /test_784.bin: opened:  2648 us, closed:     5 us, I/O:  16614 us, total:  24362 us, speed:   601 KB/s, CRC32: 0xC61C2AA0
File /test_785.bin: opened:  2640 us, closed:     5 us, I/O:  21044 us, total:  28721 us, speed:   475 KB/s, CRC32: 0xC61C2AA0
File /test_786.bin: opened:  2635 us, closed:     5 us, I/O:  15036 us, total:  22760 us, speed:   665 KB/s, CRC32: 0xC61C2AA0
File /test_787.bin: opened:  2639 us, closed:     5 us, I/O:  15038 us, total:  22769 us, speed:   664 KB/s, CRC32: 0xC61C2AA0
File /test_788.bin: opened:  2648 us, closed:     8 us, I/O:  16609 us, total:  24309 us, speed:   602 KB/s, CRC32: 0xC61C2AA0
File /test_789.bin: opened:  2637 us, closed:     5 us, I/O:  21069 us, total:  28761 us, speed:   474 KB/s, CRC32: 0xC61C2AA0
File /test_790.bin: opened:  2685 us, closed:     5 us, I/O:  15076 us, total:  22841 us, speed:   663 KB/s, CRC32: 0xC61C2AA0
File /test_791.bin: opened:  2675 us, closed:     5 us, I/O:  15054 us, total:  22826 us, speed:   664 KB/s, CRC32: 0xC61C2AA0
File /test_792.bin: opened:  2682 us, closed:     5 us, I/O:  16637 us, total:  24382 us, speed:   601 KB/s, CRC32: 0xC61C2AA0
File /test_793.bin: opened:  2663 us, closed:     5 us, I/O:  21046 us, total:  28765 us, speed:   475 KB/s, CRC32: 0xC61C2AA0
File /test_794.bin: opened:  2654 us, closed:     5 us, I/O:  15078 us, total:  22762 us, speed:   663 KB/s, CRC32: 0xC61C2AA0
File /test_795.bin: opened:  2649 us, closed:     5 us, I/O:  15015 us, total:  22725 us, speed:   666 KB/s, CRC32: 0xC61C2AA0
File /test_796.bin: opened:  2651 us, closed:     9 us, I/O:  16619 us, total:  24331 us, speed:   601 KB/s, CRC32: 0xC61C2AA0
File /test_797.bin: opened:  2665 us, closed:     5 us, I/O:  21040 us, total:  28779 us, speed:   475 KB/s, CRC32: 0xC61C2AA0
File /test_798.bin: opened:  2612 us, closed:     5 us, I/O:  15082 us, total:  22770 us, speed:   663 KB/s, CRC32: 0xC61C2AA0
File /test_799.bin: opened:  2681 us, closed:     5 us, I/O:  15080 us, total:  22869 us, speed:   663 KB/s, CRC32: 0xC61C2AA0
File /test_800.bin: opened:  2679 us, closed:     5 us, I/O:  16654 us, total:  24413 us, speed:   600 KB/s, CRC32: 0xC61C2AA0
File /test_801.bin: opened:  2730 us, closed:     5 us, I/O:  21028 us, total:  28783 us, speed:   475 KB/s, CRC32: 0xC61C2AA0
File /test_802.bin: opened:  2710 us, closed:     5 us, I/O:  15024 us, total:  22818 us, speed:   665 KB/s, CRC32: 0xC61C2AA0
File /test_803.bin: opened:  2701 us, closed:     5 us, I/O:  15072 us, total:  22897 us, speed:   663 KB/s, CRC32: 0xC61C2AA0
File /test_804.bin: opened:  2679 us, closed:     5 us, I/O:  16625 us, total:  24399 us, speed:   601 KB/s, CRC32: 0xC61C2AA0
File /test_805.bin: opened:  2724 us, closed:     5 us, I/O:  20982 us, total:  28801 us, speed:   476 KB/s, CRC32: 0xC61C2AA0
File /test_806.bin: opened:  2723 us, closed:     5 us, I/O:  15018 us, total:  22799 us, speed:   665 KB/s, CRC32: 0xC61C2AA0
File /test_807.bin: opened:  2705 us, closed:     5 us, I/O:  15055 us, total:  22833 us, speed:   664 KB/s, CRC32: 0xC61C2AA0
File /test_808.bin: opened:  3902 us, closed:     5 us, I/O:  15453 us, total:  24411 us, speed:   647 KB/s, CRC32: 0xC61C2AA0
File /test_809.bin: opened:  2688 us, closed:     5 us, I/O:  20985 us, total:  28736 us, speed:   476 KB/s, CRC32: 0xC61C2AA0
File /test_810.bin: opened:  2717 us, closed:     5 us, I/O:  15016 us, total:  22771 us, speed:   665 KB/s, CRC32: 0xC61C2AA0
File /test_811.bin: opened:  2732 us, closed:     5 us, I/O:  14998 us, total:  22809 us, speed:   666 KB/s, CRC32: 0xC61C2AA0
File /test_812.bin: opened:  4297 us, closed:     5 us, I/O:  15034 us, total:  24408 us, speed:   665 KB/s, CRC32: 0xC61C2AA0
File /test_813.bin: opened:  2714 us, closed:     5 us, I/O:  20950 us, total:  28768 us, speed:   477 KB/s, CRC32: 0xC61C2AA0
File /test_814.bin: opened:  2716 us, closed:     5 us, I/O:  15033 us, total:  22800 us, speed:   665 KB/s, CRC32: 0xC61C2AA0
File /test_815.bin: opened:  2716 us, closed:     5 us, I/O:  16234 us, total:  24018 us, speed:   615 KB/s, CRC32: 0xC61C2AA0
File /test_816.bin: opened:  3143 us, closed:     5 us, I/O:  15034 us, total:  23252 us, speed:   665 KB/s, CRC32: 0xC61C2AA0
File /test_817.bin: opened:  2684 us, closed:     5 us, I/O:  21019 us, total:  28779 us, speed:   475 KB/s, CRC32: 0xC61C2AA0
File /test_818.bin: opened:  2701 us, closed:     5 us, I/O:  15090 us, total:  22832 us, speed:   662 KB/s, CRC32: 0xC61C2AA0
File /test_819.bin: opened:  2700 us, closed:     5 us, I/O:  16647 us, total:  24409 us, speed:   600 KB/s, CRC32: 0xC61C2AA0
File /test_820.bin: opened:  2705 us, closed:     8 us, I/O:  15055 us, total:  22819 us, speed:   664 KB/s, CRC32: 0xC61C2AA0
File /test_821.bin: opened:  2697 us, closed:     5 us, I/O:  20963 us, total:  28769 us, speed:   477 KB/s, CRC32: 0xC61C2AA0
File /test_822.bin: opened:  2714 us, closed:     5 us, I/O:  14999 us, total:  22788 us, speed:   666 KB/s, CRC32: 0xC61C2AA0
File /test_823.bin: opened:  2712 us, closed:     5 us, I/O:  16662 us, total:  24440 us, speed:   600 KB/s, CRC32: 0xC61C2AA0
File /test_824.bin: opened:  2722 us, closed:     5 us, I/O:  15013 us, total:  22774 us, speed:   666 KB/s, CRC32: 0xC61C2AA0
File /test_825.bin: opened:  2744 us, closed:     5 us, I/O:  21025 us, total:  28832 us, speed:   475 KB/s, CRC32: 0xC61C2AA0
File /test_826.bin: opened:  2710 us, closed:     5 us, I/O:  15021 us, total:  22846 us, speed:   665 KB/s, CRC32: 0xC61C2AA0
File /test_827.bin: opened:  2708 us, closed:     9 us, I/O:  16630 us, total:  24425 us, speed:   601 KB/s, CRC32: 0xC61C2AA0
File /test_828.bin: opened:  2730 us, closed:     5 us, I/O:  15048 us, total:  22789 us, speed:   664 KB/s, CRC32: 0xC61C2AA0
File /test_829.bin: opened:  2673 us, closed:     5 us, I/O:  21051 us, total:  28769 us, speed:   475 KB/s, CRC32: 0xC61C2AA0
File /test_830.bin: opened:  2726 us, closed:     5 us, I/O:  14976 us, total:  22761 us, speed:   667 KB/s, CRC32: 0xC61C2AA0
File /test_831.bin: opened:  2724 us, closed:     5 us, I/O:  16686 us, total:  24493 us, speed:   599 KB/s, CRC32: 0xC61C2AA0
File /test_832.bin: opened:  2706 us, closed:     5 us, I/O:  15041 us, total:  22813 us, speed:   664 KB/s, CRC32: 0xC61C2AA0
File /test_833.bin: opened:  2730 us, closed:     8 us, I/O:  15017 us, total:  28788 us, speed:   665 KB/s, CRC32: 0xC61C2AA0
File /test_834.bin: opened:  2730 us, closed:     5 us, I/O:  15045 us, total:  22872 us, speed:   664 KB/s, CRC32: 0xC61C2AA0
File /test_835.bin: opened:  2713 us, closed:     5 us, I/O:  16605 us, total:  24402 us, speed:   602 KB/s, CRC32: 0xC61C2AA0
File /test_836.bin: opened:  2697 us, closed:     5 us, I/O:  15055 us, total:  22821 us, speed:   664 KB/s, CRC32: 0xC61C2AA0
File /test_837.bin: opened:  2695 us, closed:     5 us, I/O:  15015 us, total:  28771 us, speed:   666 KB/s, CRC32: 0xC61C2AA0
File /test_838.bin: opened:  2701 us, closed:     5 us, I/O:  15020 us, total:  22818 us, speed:   665 KB/s, CRC32: 0xC61C2AA0
File /test_839.bin: opened:  2708 us, closed:     8 us, I/O:  16688 us, total:  24464 us, speed:   599 KB/s, CRC32: 0xC61C2AA0
File /test_840.bin: opened:  2708 us, closed:     5 us, I/O:  15063 us, total:  22845 us, speed:   663 KB/s, CRC32: 0xC61C2AA0
File /test_841.bin: opened:  2728 us, closed:     5 us, I/O:  15039 us, total:  28795 us, speed:   664 KB/s, CRC32: 0xC61C2AA0
File /test_842.bin: opened:  2739 us, closed:     5 us, I/O:  15030 us, total:  22856 us, speed:   665 KB/s, CRC32: 0xC61C2AA0
File /test_843.bin: opened:  2740 us, closed:     5 us, I/O:  16660 us, total:  24456 us, speed:   600 KB/s, CRC32: 0xC61C2AA0
File /test_844.bin: opened:  2739 us, closed:     5 us, I/O:  15065 us, total:  22892 us, speed:   663 KB/s, CRC32: 0xC61C2AA0
File /test_845.bin: opened:  2712 us, closed:     5 us, I/O:  15060 us, total:  28838 us, speed:   664 KB/s, CRC32: 0xC61C2AA0
File /test_846.bin: opened:  2730 us, closed:     5 us, I/O:  15045 us, total:  22825 us, speed:   664 KB/s, CRC32: 0xC61C2AA0
File /test_847.bin: opened:  2709 us, closed:     5 us, I/O:  16627 us, total:  24407 us, speed:   601 KB/s, CRC32: 0xC61C2AA0
File /test_848.bin: opened:  2718 us, closed:     5 us, I/O:  15054 us, total:  22850 us, speed:   664 KB/s, CRC32: 0xC61C2AA0
File /test_849.bin: opened:  8600 us, closed:     5 us, I/O:  15034 us, total:  28682 us, speed:   665 KB/s, CRC32: 0xC61C2AA0
File /test_850.bin: opened:  2726 us, closed:     5 us, I/O:  15032 us, total:  22833 us, speed:   665 KB/s, CRC32: 0xC61C2AA0
File /test_851.bin: opened:  2754 us, closed:     5 us, I/O:  16594 us, total:  24408 us, speed:   602 KB/s, CRC32: 0xC61C2AA0
File /test_852.bin: opened:  2744 us, closed:     5 us, I/O:  15079 us, total:  22873 us, speed:   663 KB/s, CRC32: 0xC61C2AA0
File /test_853.bin: opened:  8705 us, closed:     5 us, I/O:  15078 us, total:  28830 us, speed:   663 KB/s, CRC32: 0xC61C2AA0
File /test_854.bin: opened:  2749 us, closed:     9 us, I/O:  15104 us, total:  22903 us, speed:   662 KB/s, CRC32: 0xC61C2AA0
File /test_855.bin: opened:  2728 us, closed:     5 us, I/O:  16670 us, total:  24483 us, speed:   599 KB/s, CRC32: 0xC61C2AA0
File /test_856.bin: opened:  2720 us, closed:     5 us, I/O:  20931 us, total:  28782 us, speed:   477 KB/s, CRC32: 0xC61C2AA0
File /test_857.bin: opened:  2715 us, closed:     5 us, I/O:  15030 us, total:  22815 us, speed:   665 KB/s, CRC32: 0xC61C2AA0
File /test_858.bin: opened:  2703 us, closed:     5 us, I/O:  15077 us, total:  22809 us, speed:   663 KB/s, CRC32: 0xC61C2AA0
File /test_859.bin: opened:  2664 us, closed:     5 us, I/O:  16627 us, total:  24382 us, speed:   601 KB/s, CRC32: 0xC61C2AA0
File /test_860.bin: opened:  2730 us, closed:     5 us, I/O:  21009 us, total:  28813 us, speed:   475 KB/s, CRC32: 0xC61C2AA0
File /test_861.bin: opened:  2724 us, closed:     5 us, I/O:  14990 us, total:  22769 us, speed:   667 KB/s, CRC32: 0xC61C2AA0
File /test_862.bin: opened:  2753 us, closed:     5 us, I/O:  15085 us, total:  22880 us, speed:   662 KB/s, CRC32: 0xC61C2AA0
File /test_863.bin: opened:  2736 us, closed:     5 us, I/O:  16623 us, total:  24418 us, speed:   601 KB/s, CRC32: 0xC61C2AA0
File /test_864.bin: opened:  2755 us, closed:     5 us, I/O:  21013 us, total:  28810 us, speed:   475 KB/s, CRC32: 0xC61C2AA0
File /test_865.bin: opened:  2705 us, closed:     5 us, I/O:  15019 us, total:  22793 us, speed:   665 KB/s, CRC32: 0xC61C2AA0
File /test_866.bin: opened:  2719 us, closed:     5 us, I/O:  15012 us, total:  22845 us, speed:   666 KB/s, CRC32: 0xC61C2AA0
File /test_867.bin: opened:  2691 us, closed:     5 us, I/O:  16599 us, total:  24412 us, speed:   602 KB/s, CRC32: 0xC61C2AA0
File /test_868.bin: opened:  2692 us, closed:     5 us, I/O:  21038 us, total:  28830 us, speed:   475 KB/s, CRC32: 0xC61C2AA0
File /test_869.bin: opened:  2683 us, closed:     5 us, I/O:  15061 us, total:  22848 us, speed:   663 KB/s, CRC32: 0xC61C2AA0
File /test_870.bin: opened:  2765 us, closed:     9 us, I/O:  15002 us, total:  22857 us, speed:   666 KB/s, CRC32: 0xC61C2AA0
File /test_871.bin: opened:  3963 us, closed:     5 us, I/O:  15498 us, total:  24518 us, speed:   645 KB/s, CRC32: 0xC61C2AA0
File /test_872.bin: opened:  2732 us, closed:     5 us, I/O:  21020 us, total:  28830 us, speed:   475 KB/s, CRC32: 0xC61C2AA0
File /test_873.bin: opened:  2752 us, closed:     5 us, I/O:  15058 us, total:  22858 us, speed:   664 KB/s, CRC32: 0xC61C2AA0
File /test_874.bin: opened:  2740 us, closed:     5 us, I/O:  15065 us, total:  22819 us, speed:   663 KB/s, CRC32: 0xC61C2AA0
File /test_875.bin: opened:  4311 us, closed:     6 us, I/O:  15036 us, total:  24427 us, speed:   665 KB/s, CRC32: 0xC61C2AA0
File /test_876.bin: opened:  2713 us, closed:     5 us, I/O:  21047 us, total:  28801 us, speed:   475 KB/s, CRC32: 0xC61C2AA0
File /test_877.bin: opened:  2716 us, closed:     5 us, I/O:  15069 us, total:  22842 us, speed:   663 KB/s, CRC32: 0xC61C2AA0
File /test_878.bin: opened:  2725 us, closed:     5 us, I/O:  16189 us, total:  23949 us, speed:   617 KB/s, CRC32: 0xC61C2AA0
File /test_879.bin: opened:  3138 us, closed:     5 us, I/O:  15034 us, total:  23263 us, speed:   665 KB/s, CRC32: 0xC61C2AA0
File /test_880.bin: opened:  2760 us, closed:     5 us, I/O:  21020 us, total:  28835 us, speed:   475 KB/s, CRC32: 0xC61C2AA0
File /test_881.bin: opened:  2748 us, closed:     8 us, I/O:  15058 us, total:  22854 us, speed:   664 KB/s, CRC32: 0xC61C2AA0
File /test_882.bin: opened:  2763 us, closed:     5 us, I/O:  16625 us, total:  24423 us, speed:   601 KB/s, CRC32: 0xC61C2AA0
File /test_883.bin: opened:  2761 us, closed:     5 us, I/O:  15046 us, total:  22893 us, speed:   664 KB/s, CRC32: 0xC61C2AA0
File /test_884.bin: opened:  2743 us, closed:     5 us, I/O:  20998 us, total:  28835 us, speed:   476 KB/s, CRC32: 0xC61C2AA0
File /test_885.bin: opened:  2719 us, closed:     5 us, I/O:  15053 us, total:  22837 us, speed:   664 KB/s, CRC32: 0xC61C2AA0
File /test_886.bin: opened:  2689 us, closed:     5 us, I/O:  16679 us, total:  24439 us, speed:   599 KB/s, CRC32: 0xC61C2AA0
File /test_887.bin: opened:  2692 us, closed:     5 us, I/O:  15074 us, total:  22858 us, speed:   663 KB/s, CRC32: 0xC61C2AA0
File /test_888.bin: opened:  2688 us, closed:     5 us, I/O:  21042 us, total:  28791 us, speed:   475 KB/s, CRC32: 0xC61C2AA0
File /test_889.bin: opened:  2690 us, closed:     5 us, I/O:  14996 us, total:  22762 us, speed:   666 KB/s, CRC32: 0xC61C2AA0
File /test_890.bin: opened:  2781 us, closed:     5 us, I/O:  16619 us, total:  24460 us, speed:   601 KB/s, CRC32: 0xC61C2AA0
File /test_891.bin: opened:  2765 us, closed:     5 us, I/O:  15056 us, total:  22891 us, speed:   664 KB/s, CRC32: 0xC61C2AA0
File /test_892.bin: opened:  2745 us, closed:     5 us, I/O:  21033 us, total:  28895 us, speed:   475 KB/s, CRC32: 0xC61C2AA0
File /test_893.bin: opened:  2749 us, closed:     5 us, I/O:  15010 us, total:  22788 us, speed:   666 KB/s, CRC32: 0xC61C2AA0
File /test_894.bin: opened:  2725 us, closed:     5 us, I/O:  16621 us, total:  24386 us, speed:   601 KB/s, CRC32: 0xC61C2AA0
File /test_895.bin: opened:  2712 us, closed:     5 us, I/O:  14999 us, total:  22826 us, speed:   666 KB/s, CRC32: 0xC61C2AA0
File /test_896.bin: opened:  2731 us, closed:     5 us, I/O:  21003 us, total:  28812 us, speed:   476 KB/s, CRC32: 0xC61C2AA0
File /test_897.bin: opened:  2734 us, closed:     5 us, I/O:  15007 us, total:  22842 us, speed:   666 KB/s, CRC32: 0xC61C2AA0
File /test_898.bin: opened:  2722 us, closed:     5 us, I/O:  16686 us, total:  24471 us, speed:   599 KB/s, CRC32: 0xC61C2AA0
File /test_899.bin: opened:  2726 us, closed:     5 us, I/O:  15042 us, total:  22879 us, speed:   664 KB/s, CRC32: 0xC61C2AA0
File /test_900.bin: opened:  2771 us, closed:     5 us, I/O:  20967 us, total:  28801 us, speed:   476 KB/s, CRC32: 0xC61C2AA0
File /test_901.bin: opened:  2790 us, closed:     9 us, I/O:  14989 us, total:  22852 us, speed:   667 KB/s, CRC32: 0xC61C2AA0
File /test_902.bin: opened:  2768 us, closed:     6 us, I/O:  16645 us, total:  24517 us, speed:   600 KB/s, CRC32: 0xC61C2AA0
File /test_903.bin: opened:  2811 us, closed:     5 us, I/O:  15041 us, total:  22926 us, speed:   664 KB/s, CRC32: 0xC61C2AA0
File /test_904.bin: opened:  2799 us, closed:     5 us, I/O:  15037 us, total:  28898 us, speed:   665 KB/s, CRC32: 0xC61C2AA0
File /test_905.bin: opened:  2786 us, closed:     5 us, I/O:  14974 us, total:  22824 us, speed:   667 KB/s, CRC32: 0xC61C2AA0
File /test_906.bin: opened:  2785 us, closed:     5 us, I/O:  16631 us, total:  24509 us, speed:   601 KB/s, CRC32: 0xC61C2AA0
File /test_907.bin: opened:  2783 us, closed:     5 us, I/O:  15049 us, total:  23009 us, speed:   664 KB/s, CRC32: 0xC61C2AA0
File /test_908.bin: opened:  2786 us, closed:     5 us, I/O:  15072 us, total:  28865 us, speed:   663 KB/s, CRC32: 0xC61C2AA0
File /test_909.bin: opened:  2777 us, closed:     5 us, I/O:  15008 us, total:  22934 us, speed:   666 KB/s, CRC32: 0xC61C2AA0
File /test_910.bin: opened:  2801 us, closed:     5 us, I/O:  16639 us, total:  24480 us, speed:   600 KB/s, CRC32: 0xC61C2AA0
File /test_911.bin: opened:  2763 us, closed:     5 us, I/O:  15061 us, total:  22870 us, speed:   663 KB/s, CRC32: 0xC61C2AA0
File /test_912.bin: opened:  2782 us, closed:     5 us, I/O:  15060 us, total:  28944 us, speed:   664 KB/s, CRC32: 0xC61C2AA0
File /test_913.bin: opened:  2818 us, closed:     5 us, I/O:  14999 us, total:  22897 us, speed:   666 KB/s, CRC32: 0xC61C2AA0
File /test_914.bin: opened:  2794 us, closed:     5 us, I/O:  16647 us, total:  24504 us, speed:   600 KB/s, CRC32: 0xC61C2AA0
File /test_915.bin: opened:  2800 us, closed:     5 us, I/O:  15063 us, total:  22953 us, speed:   663 KB/s, CRC32: 0xC61C2AA0
File /test_916.bin: opened:  8773 us, closed:     5 us, I/O:  15092 us, total:  28964 us, speed:   662 KB/s, CRC32: 0xC61C2AA0
File /test_917.bin: opened:  2785 us, closed:     8 us, I/O:  15042 us, total:  22927 us, speed:   664 KB/s, CRC32: 0xC61C2AA0
File /test_918.bin: opened:  2801 us, closed:     5 us, I/O:  16598 us, total:  24467 us, speed:   602 KB/s, CRC32: 0xC61C2AA0
File /test_919.bin: opened:  2772 us, closed:     5 us, I/O:  15049 us, total:  22943 us, speed:   664 KB/s, CRC32: 0xC61C2AA0
File /test_920.bin: opened:  8768 us, closed:     9 us, I/O:  15103 us, total:  29071 us, speed:   662 KB/s, CRC32: 0xC61C2AA0
File /test_921.bin: opened:  2795 us, closed:     5 us, I/O:  15059 us, total:  22941 us, speed:   664 KB/s, CRC32: 0xC61C2AA0
File /test_922.bin: opened:  2783 us, closed:     5 us, I/O:  16656 us, total:  24546 us, speed:   600 KB/s, CRC32: 0xC61C2AA0
File /test_923.bin: opened:  2828 us, closed:     5 us, I/O:  20979 us, total:  28874 us, speed:   476 KB/s, CRC32: 0xC61C2AA0
File /test_924.bin: opened:  2780 us, closed:     5 us, I/O:  15072 us, total:  22940 us, speed:   663 KB/s, CRC32: 0xC61C2AA0
File /test_925.bin: opened:  2800 us, closed:     5 us, I/O:  15050 us, total:  22950 us, speed:   664 KB/s, CRC32: 0xC61C2AA0
File /test_926.bin: opened:  2802 us, closed:     5 us, I/O:  16648 us, total:  24519 us, speed:   600 KB/s, CRC32: 0xC61C2AA0
File /test_927.bin: opened:  2791 us, closed:     5 us, I/O:  21026 us, total:  28845 us, speed:   475 KB/s, CRC32: 0xC61C2AA0
File /test_928.bin: opened:  2785 us, closed:     5 us, I/O:  15053 us, total:  22872 us, speed:   664 KB/s, CRC32: 0xC61C2AA0
File /test_929.bin: opened:  2751 us, closed:     5 us, I/O:  15006 us, total:  22818 us, speed:   666 KB/s, CRC32: 0xC61C2AA0
File /test_930.bin: opened:  2800 us, closed:     5 us, I/O:  16594 us, total:  24439 us, speed:   602 KB/s, CRC32: 0xC61C2AA0
File /test_931.bin: opened:  2793 us, closed:     5 us, I/O:  21014 us, total:  28916 us, speed:   475 KB/s, CRC32: 0xC61C2AA0
File /test_932.bin: opened:  2804 us, closed:     5 us, I/O:  15082 us, total:  22966 us, speed:   663 KB/s, CRC32: 0xC61C2AA0
File /test_933.bin: opened:  2828 us, closed:     5 us, I/O:  15052 us, total:  22944 us, speed:   664 KB/s, CRC32: 0xC61C2AA0
File /test_934.bin: opened:  3997 us, closed:     5 us, I/O:  15438 us, total:  24536 us, speed:   647 KB/s, CRC32: 0xC61C2AA0
File /test_935.bin: opened:  2798 us, closed:     5 us, I/O:  21030 us, total:  28915 us, speed:   475 KB/s, CRC32: 0xC61C2AA0
File /test_936.bin: opened:  2776 us, closed:     9 us, I/O:  15123 us, total:  23024 us, speed:   661 KB/s, CRC32: 0xC61C2AA0
File /test_937.bin: opened:  2821 us, closed:     5 us, I/O:  15014 us, total:  22910 us, speed:   666 KB/s, CRC32: 0xC61C2AA0
File /test_938.bin: opened:  4398 us, closed:     5 us, I/O:  15044 us, total:  24486 us, speed:   664 KB/s, CRC32: 0xC61C2AA0
File /test_939.bin: opened:  2760 us, closed:     5 us, I/O:  21034 us, total:  28850 us, speed:   475 KB/s, CRC32: 0xC61C2AA0
File /test_940.bin: opened:  2810 us, closed:     5 us, I/O:  15066 us, total:  22948 us, speed:   663 KB/s, CRC32: 0xC61C2AA0
File /test_941.bin: opened:  2804 us, closed:     5 us, I/O:  16236 us, total:  24074 us, speed:   615 KB/s, CRC32: 0xC61C2AA0
File /test_942.bin: opened:  3248 us, closed:     5 us, I/O:  15061 us, total:  23412 us, speed:   663 KB/s, CRC32: 0xC61C2AA0
File /test_943.bin: opened:  2807 us, closed:     5 us, I/O:  20979 us, total:  28837 us, speed:   476 KB/s, CRC32: 0xC61C2AA0
File /test_944.bin: opened:  2825 us, closed:     5 us, I/O:  15043 us, total:  23001 us, speed:   664 KB/s, CRC32: 0xC61C2AA0
File /test_945.bin: opened:  2820 us, closed:     5 us, I/O:  16658 us, total:  24510 us, speed:   600 KB/s, CRC32: 0xC61C2AA0
File /test_946.bin: opened:  2804 us, closed:     5 us, I/O:  15062 us, total:  22967 us, speed:   663 KB/s, CRC32: 0xC61C2AA0
File /test_947.bin: opened:  2765 us, closed:     9 us, I/O:  20995 us, total:  28845 us, speed:   476 KB/s, CRC32: 0xC61C2AA0
File /test_948.bin: opened:  2759 us, closed:     5 us, I/O:  15061 us, total:  22871 us, speed:   663 KB/s, CRC32: 0xC61C2AA0
File /test_949.bin: opened:  2773 us, closed:     5 us, I/O:  16641 us, total:  24460 us, speed:   600 KB/s, CRC32: 0xC61C2AA0
File /test_950.bin: opened:  2828 us, closed:     5 us, I/O:  15036 us, total:  22914 us, speed:   665 KB/s, CRC32: 0xC61C2AA0
File /test_951.bin: opened:  2828 us, closed:     5 us, I/O:  21007 us, total:  28939 us, speed:   476 KB/s, CRC32: 0xC61C2AA0
File /test_952.bin: opened:  2806 us, closed:     5 us, I/O:  15005 us, total:  22917 us, speed:   666 KB/s, CRC32: 0xC61C2AA0
File /test_953.bin: opened:  2826 us, closed:     5 us, I/O:  16659 us, total:  24549 us, speed:   600 KB/s, CRC32: 0xC61C2AA0
File /test_954.bin: opened:  2816 us, closed:     5 us, I/O:  15030 us, total:  22942 us, speed:   665 KB/s, CRC32: 0xC61C2AA0
File /test_955.bin: opened:  2818 us, closed:     5 us, I/O:  21018 us, total:  28910 us, speed:   475 KB/s, CRC32: 0xC61C2AA0
File /test_956.bin: opened:  2798 us, closed:     5 us, I/O:  15029 us, total:  22929 us, speed:   665 KB/s, CRC32: 0xC61C2AA0
File /test_957.bin: opened:  2785 us, closed:     5 us, I/O:  16628 us, total:  24527 us, speed:   601 KB/s, CRC32: 0xC61C2AA0
File /test_958.bin: opened:  2807 us, closed:     5 us, I/O:  15069 us, total:  22973 us, speed:   663 KB/s, CRC32: 0xC61C2AA0
File /test_959.bin: opened:  2776 us, closed:     5 us, I/O:  21013 us, total:  28891 us, speed:   475 KB/s, CRC32: 0xC61C2AA0
File /test_960.bin: opened:  2854 us, closed:     5 us, I/O:  14971 us, total:  22863 us, speed:   667 KB/s, CRC32: 0xC61C2AA0
File /test_961.bin: opened:  2825 us, closed:     5 us, I/O:  16646 us, total:  24510 us, speed:   600 KB/s, CRC32: 0xC61C2AA0
File /test_962.bin: opened:  2831 us, closed:     8 us, I/O:  15067 us, total:  22942 us, speed:   663 KB/s, CRC32: 0xC61C2AA0
File /test_963.bin: opened:  2810 us, closed:     5 us, I/O:  15030 us, total:  28832 us, speed:   665 KB/s, CRC32: 0xC61C2AA0
File /test_964.bin: opened:  2835 us, closed:     5 us, I/O:  14999 us, total:  22916 us, speed:   666 KB/s, CRC32: 0xC61C2AA0
File /test_965.bin: opened:  2817 us, closed:     5 us, I/O:  16649 us, total:  24566 us, speed:   600 KB/s, CRC32: 0xC61C2AA0
File /test_966.bin: opened:  2790 us, closed:     5 us, I/O:  15071 us, total:  22926 us, speed:   663 KB/s, CRC32: 0xC61C2AA0
File /test_967.bin: opened:  2774 us, closed:     5 us, I/O:  15058 us, total:  28857 us, speed:   664 KB/s, CRC32: 0xC61C2AA0
File /test_968.bin: opened:  2796 us, closed:     5 us, I/O:  14956 us, total:  22776 us, speed:   668 KB/s, CRC32: 0xC61C2AA0
File /test_969.bin: opened:  2782 us, closed:     5 us, I/O:  16600 us, total:  24452 us, speed:   602 KB/s, CRC32: 0xC61C2AA0
File /test_970.bin: opened:  2837 us, closed:     5 us, I/O:  15033 us, total:  22947 us, speed:   665 KB/s, CRC32: 0xC61C2AA0
File /test_971.bin: opened:  2856 us, closed:     5 us, I/O:  15057 us, total:  28961 us, speed:   664 KB/s, CRC32: 0xC61C2AA0
File /test_972.bin: opened:  2824 us, closed:     5 us, I/O:  14998 us, total:  22919 us, speed:   666 KB/s, CRC32: 0xC61C2AA0
File /test_973.bin: opened:  2837 us, closed:     5 us, I/O:  16597 us, total:  24510 us, speed:   602 KB/s, CRC32: 0xC61C2AA0
File /test_974.bin: opened:  2835 us, closed:     5 us, I/O:  15058 us, total:  22955 us, speed:   664 KB/s, CRC32: 0xC61C2AA0
File /test_975.bin: opened:  8716 us, closed:     5 us, I/O:  15035 us, total:  28897 us, speed:   665 KB/s, CRC32: 0xC61C2AA0
File /test_976.bin: opened:  2785 us, closed:     5 us, I/O:  15039 us, total:  22881 us, speed:   664 KB/s, CRC32: 0xC61C2AA0
File /test_977.bin: opened:  2786 us, closed:     5 us, I/O:  16634 us, total:  24481 us, speed:   601 KB/s, CRC32: 0xC61C2AA0
File /test_978.bin: opened:  2790 us, closed:     5 us, I/O:  15025 us, total:  22907 us, speed:   665 KB/s, CRC32: 0xC61C2AA0
File /test_979.bin: opened:  8738 us, closed:     5 us, I/O:  15030 us, total:  28825 us, speed:   665 KB/s, CRC32: 0xC61C2AA0
File /test_980.bin: opened:  2858 us, closed:     5 us, I/O:  15026 us, total:  22976 us, speed:   665 KB/s, CRC32: 0xC61C2AA0
File /test_981.bin: opened:  2842 us, closed:     9 us, I/O:  16609 us, total:  24544 us, speed:   602 KB/s, CRC32: 0xC61C2AA0
File /test_982.bin: opened:  2824 us, closed:     5 us, I/O:  20968 us, total:  28865 us, speed:   476 KB/s, CRC32: 0xC61C2AA0
File /test_983.bin: opened:  2795 us, closed:     9 us, I/O:  15068 us, total:  22917 us, speed:   663 KB/s, CRC32: 0xC61C2AA0
File /test_984.bin: opened:  2805 us, closed:     5 us, I/O:  15063 us, total:  22940 us, speed:   663 KB/s, CRC32: 0xC61C2AA0
File /test_985.bin: opened:  2784 us, closed:     5 us, I/O:  16616 us, total:  24485 us, speed:   601 KB/s, CRC32: 0xC61C2AA0
File /test_986.bin: opened:  2793 us, closed:     5 us, I/O:  20985 us, total:  28818 us, speed:   476 KB/s, CRC32: 0xC61C2AA0
File /test_987.bin: opened:  2784 us, closed:     5 us, I/O:  15067 us, total:  22959 us, speed:   663 KB/s, CRC32: 0xC61C2AA0
File /test_988.bin: opened:  2775 us, closed:     5 us, I/O:  15039 us, total:  22913 us, speed:   664 KB/s, CRC32: 0xC61C2AA0
File /test_989.bin: opened:  2762 us, closed:     5 us, I/O:  16615 us, total:  24484 us, speed:   601 KB/s, CRC32: 0xC61C2AA0
File /test_990.bin: opened:  2880 us, closed:     5 us, I/O:  21030 us, total:  28968 us, speed:   475 KB/s, CRC32: 0xC61C2AA0
File /test_991.bin: opened:  2821 us, closed:     6 us, I/O:  15048 us, total:  22967 us, speed:   664 KB/s, CRC32: 0xC61C2AA0
File /test_992.bin: opened:  2843 us, closed:     5 us, I/O:  15059 us, total:  23010 us, speed:   664 KB/s, CRC32: 0xC61C2AA0
File /test_993.bin: opened:  2855 us, closed:     5 us, I/O:  16630 us, total:  24556 us, speed:   601 KB/s, CRC32: 0xC61C2AA0
File /test_994.bin: opened:  2788 us, closed:     5 us, I/O:  21012 us, total:  28810 us, speed:   475 KB/s, CRC32: 0xC61C2AA0
File /test_995.bin: opened:  2793 us, closed:     5 us, I/O:  15053 us, total:  22953 us, speed:   664 KB/s, CRC32: 0xC61C2AA0
File /test_996.bin: opened:  2815 us, closed:     5 us, I/O:  15018 us, total:  22875 us, speed:   665 KB/s, CRC32: 0xC61C2AA0
File /test_997.bin: opened:  4035 us, closed:     5 us, I/O:  15458 us, total:  24579 us, speed:   646 KB/s, CRC32: 0xC61C2AA0
File /test_998.bin: opened:  2774 us, closed:     5 us, I/O:  21005 us, total:  28828 us, speed:   476 KB/s, CRC32: 0xC61C2AA0
File /test_999.bin: opened:  2827 us, closed:     5 us, I/O:  15034 us, total:  22895 us, speed:   665 KB/s, CRC32: 0xC61C2AA0
File /test_1000.bin: opened:  2806 us, closed:     5 us, I/O:  15048 us, total:  22935 us, speed:   664 KB/s, CRC32: 0xC61C2AA0


=== Write Test Statistics ===
Successful operations: 1000
Failed operations:     0
Data processed: 10000 KB (10240000 bytes)

Timing breakdown:
  Open time     - Avg: 2864.6 us, Min:   2007 us, Max: 247026 us, Diff: 12208.2%
  Close time    - Avg:    5.3 us, Min:      5 us, Max:     26 us, Diff: 420.0%

Speed statistics:
  Max speed:      669 KB/s
  Avg speed:      607 KB/s
  Min speed:      441 KB/s

Data integrity:
  CRC errors    : 0
  Pattern errors: 0
  Size errors   : 0
  Total errors  : 0

Press any key to continue...
