=== YFFS2 Test Operations ===

=== YAFFS2 Media Information ===
Mount point          : /
Filesystem type      : YAFFS2
Total space          : 32768 KB (32 MB)
Free space           : 18300 KB (17 MB)
Used space           : 14467 KB (14 MB)
Usage                : 44% used, 56% free
GC Recommendation    : Low usage - passive garbage collection sufficient

=== Test Configuration ===
Files count      : 1000
File size        : 10240 bytes (10.0 KB)
Block size       : 65536 bytes (64.0 KB)
Data pattern     : Constant (0xAA)
Data verification: Enabled

Test operations:
<1> - Write files test
<2> - Read files test
<3> - Delete files test
<4> - Format filesystem test
<5> - Run full test (write+read+delete)

Configuration:
<6> - Change files count (1-10000)
<7> - Change file size (1KB-1MB)
<8> - Change block size (1KB-128KB)
<A> - Change data pattern
<B> - Toggle data verification
<C> - Change constant pattern value
<9> - Reset to defaults
<ESC> - Return to previous menu

Enter choice: 
=== YAFFS2 Read Test ===

=== Test Configuration ===
Files count      : 1000
File size        : 10240 bytes (10.0 KB)
Block size       : 65536 bytes (64.0 KB)
Data pattern     : Constant (0xAA)
Data verification: Enabled
Reading 1000 files of 10240 bytes each...
File /test_001.bin: opened:   440 us, closed:     3 us, I/O:   2135 us, total:   7859 us, speed:  4683 KB/s, CRC: OK, Pattern: OK, Size: OK (0xC61C2AA0)
File /test_002.bin: opened:   439 us, closed:     3 us, I/O:   2140 us, total:   7899 us, speed:  4672 KB/s, CRC: OK, Pattern: OK, Size: OK (0xC61C2AA0)
File /test_003.bin: opened:   443 us, closed:     3 us, I/O:   2145 us, total:   7836 us, speed:  4662 KB/s, CRC: OK, Pattern: OK, Size: OK (0xC61C2AA0)
File /test_004.bin: opened:   443 us, closed:     3 us, I/O:   2148 us, total:   7886 us, speed:  4655 KB/s, CRC: OK, Pattern: OK, Size: OK (0xC61C2AA0)
File /test_005.bin: opened:   446 us, closed:     3 us, I/O:   2144 us, total:   7917 us, speed:  4664 KB/s, CRC: OK, Pattern: OK, Size: OK (0xC61C2AA0)
File /test_006.bin: opened:   452 us, closed:     7 us, I/O:   2140 us, total:   7877 us, speed:  4672 KB/s, CRC: OK, Pattern: OK, Size: OK (0xC61C2AA0)
File /test_007.bin: opened:   462 us, closed:     3 us, I/O:   2145 us, total:  13872 us, speed:  4662 KB/s, CRC: OK, Pattern: OK, Size: OK (0xC61C2AA0)
File /test_008.bin: opened:   467 us, closed:     3 us, I/O:   2142 us, total:   7879 us, speed:  4668 KB/s, CRC: OK, Pattern: OK, Size: OK (0xC61C2AA0)
File /test_009.bin: opened:   471 us, closed:     3 us, I/O:   2140 us, total:   7904 us, speed:  4672 KB/s, CRC: OK, Pattern: OK, Size: OK (0xC61C2AA0)
File /test_010.bin: opened:   438 us, closed:     3 us, I/O:   2135 us, total:   7854 us, speed:  4683 KB/s, CRC: OK, Pattern: OK, Size: OK (0xC61C2AA0)
File /test_011.bin: opened:   437 us, closed:     3 us, I/O:   2135 us, total:   7856 us, speed:  4683 KB/s, CRC: OK, Pattern: OK, Size: OK (0xC61C2AA0)
File /test_012.bin: opened:   433 us, closed:     7 us, I/O:   2134 us, total:   7842 us, speed:  4686 KB/s, CRC: OK, Pattern: OK, Size: OK (0xC61C2AA0)
File /test_013.bin: opened:   439 us, closed:     3 us, I/O:   2131 us, total:   7898 us, speed:  4692 KB/s, CRC: OK, Pattern: OK, Size: OK (0xC61C2AA0)
File /test_014.bin: opened:   442 us, closed:     3 us, I/O:   2135 us, total:   7959 us, speed:  4683 KB/s, CRC: OK, Pattern: OK, Size: OK (0xC61C2AA0)
File /test_015.bin: opened:   445 us, closed:     3 us, I/O:   2132 us, total:   7883 us, speed:  4690 KB/s, CRC: OK, Pattern: OK, Size: OK (0xC61C2AA0)
File /test_016.bin: opened:   474 us, closed:     3 us, I/O:   2134 us, total:   7927 us, speed:  4686 KB/s, CRC: OK, Pattern: OK, Size: OK (0xC61C2AA0)
File /test_017.bin: opened:   474 us, closed:     3 us, I/O:   2142 us, total:  13845 us, speed:  4668 KB/s, CRC: OK, Pattern: OK, Size: OK (0xC61C2AA0)
File /test_018.bin: opened:   463 us, closed:     3 us, I/O:   2149 us, total:   7947 us, speed:  4653 KB/s, CRC: OK, Pattern: OK, Size: OK (0xC61C2AA0)
File /test_019.bin: opened:   486 us, closed:     3 us, I/O:   2145 us, total:   7932 us, speed:  4662 KB/s, CRC: OK, Pattern: OK, Size: OK (0xC61C2AA0)
File /test_020.bin: opened:   436 us, closed:     3 us, I/O:   2137 us, total:   7901 us, speed:  4679 KB/s, CRC: OK, Pattern: OK, Size: OK (0xC61C2AA0)
File /test_021.bin: opened:   435 us, closed:     3 us, I/O:   2135 us, total:   7948 us, speed:  4683 KB/s, CRC: OK, Pattern: OK, Size: OK (0xC61C2AA0)
File /test_022.bin: opened:   439 us, closed:     3 us, I/O:   2136 us, total:   7927 us, speed:  4681 KB/s, CRC: OK, Pattern: OK, Size: OK (0xC61C2AA0)
File /test_023.bin: opened:   443 us, closed:     3 us, I/O:   2136 us, total:   7922 us, speed:  4681 KB/s, CRC: OK, Pattern: OK, Size: OK (0xC61C2AA0)
File /test_024.bin: opened:   445 us, closed:     3 us, I/O:   2138 us, total:   7827 us, speed:  4677 KB/s, CRC: OK, Pattern: OK, Size: OK (0xC61C2AA0)
File /test_025.bin: opened:   448 us, closed:     3 us, I/O:   2144 us, total:   7863 us, speed:  4664 KB/s, CRC: OK, Pattern: OK, Size: OK (0xC61C2AA0)
File /test_026.bin: opened:   458 us, closed:     3 us, I/O:   2129 us, total:   7898 us, speed:  4697 KB/s, CRC: OK, Pattern: OK, Size: OK (0xC61C2AA0)
File /test_027.bin: opened:   457 us, closed:     3 us, I/O:   2150 us, total:   7914 us, speed:  4651 KB/s, CRC: OK, Pattern: OK, Size: OK (0xC61C2AA0)
File /test_028.bin: opened:   463 us, closed:     3 us, I/O:   2134 us, total:  13803 us, speed:  4686 KB/s, CRC: OK, Pattern: OK, Size: OK (0xC61C2AA0)
File /test_029.bin: opened:   463 us, closed:     3 us, I/O:   2140 us, total:   7910 us, speed:  4672 KB/s, CRC: OK, Pattern: OK, Size: OK (0xC61C2AA0)
File /test_030.bin: opened:   430 us, closed:     3 us, I/O:   2131 us, total:   7869 us, speed:  4692 KB/s, CRC: OK, Pattern: OK, Size: OK (0xC61C2AA0)
File /test_031.bin: opened:   434 us, closed:     3 us, I/O:   2136 us, total:   7865 us, speed:  4681 KB/s, CRC: OK, Pattern: OK, Size: OK (0xC61C2AA0)
File /test_032.bin: opened:   434 us, closed:     3 us, I/O:   2142 us, total:   7864 us, speed:  4668 KB/s, CRC: OK, Pattern: OK, Size: OK (0xC61C2AA0)
File /test_033.bin: opened:   436 us, closed:     3 us, I/O:   2138 us, total:   7816 us, speed:  4677 KB/s, CRC: OK, Pattern: OK, Size: OK (0xC61C2AA0)
File /test_034.bin: opened:   442 us, closed:     7 us, I/O:   2134 us, total:   7921 us, speed:  4686 KB/s, CRC: OK, Pattern: OK, Size: OK (0xC61C2AA0)
File /test_035.bin: opened:   448 us, closed:     3 us, I/O:   2133 us, total:   7920 us, speed:  4688 KB/s, CRC: OK, Pattern: OK, Size: OK (0xC61C2AA0)
File /test_036.bin: opened:   454 us, closed:     3 us, I/O:   2143 us, total:   7884 us, speed:  4666 KB/s, CRC: OK, Pattern: OK, Size: OK (0xC61C2AA0)
File /test_037.bin: opened:   456 us, closed:     3 us, I/O:   2131 us, total:   7849 us, speed:  4692 KB/s, CRC: OK, Pattern: OK, Size: OK (0xC61C2AA0)
File /test_038.bin: opened:   456 us, closed:     3 us, I/O:   2159 us, total:   7899 us, speed:  4631 KB/s, CRC: OK, Pattern: OK, Size: OK (0xC61C2AA0)
File /test_039.bin: opened:   460 us, closed:     3 us, I/O:   2134 us, total:   7863 us, speed:  4686 KB/s, CRC: OK, Pattern: OK, Size: OK (0xC61C2AA0)
File /test_040.bin: opened:   429 us, closed:     3 us, I/O:   2140 us, total:   8311 us, speed:  4672 KB/s, CRC: OK, Pattern: OK, Size: OK (0xC61C2AA0)
File /test_041.bin: opened:   435 us, closed:     3 us, I/O:   2132 us, total:   7835 us, speed:  4690 KB/s, CRC: OK, Pattern: OK, Size: OK (0xC61C2AA0)
File /test_042.bin: opened:   435 us, closed:     3 us, I/O:   2142 us, total:   7897 us, speed:  4668 KB/s, CRC: OK, Pattern: OK, Size: OK (0xC61C2AA0)
File /test_043.bin: opened:   438 us, closed:     3 us, I/O:   2144 us, total:   7927 us, speed:  4664 KB/s, CRC: OK, Pattern: OK, Size: OK (0xC61C2AA0)
File /test_044.bin: opened:   444 us, closed:     3 us, I/O:   2140 us, total:   7869 us, speed:  4672 KB/s, CRC: OK, Pattern: OK, Size: OK (0xC61C2AA0)
File /test_045.bin: opened:   446 us, closed:     3 us, I/O:   2144 us, total:   7892 us, speed:  4664 KB/s, CRC: OK, Pattern: OK, Size: OK (0xC61C2AA0)
File /test_046.bin: opened:   453 us, closed:     3 us, I/O:   2150 us, total:   7913 us, speed:  4651 KB/s, CRC: OK, Pattern: OK, Size: OK (0xC61C2AA0)
File /test_047.bin: opened:   453 us, closed:     3 us, I/O:   2156 us, total:   7894 us, speed:  4638 KB/s, CRC: OK, Pattern: OK, Size: OK (0xC61C2AA0)
File /test_048.bin: opened:   457 us, closed:     3 us, I/O:   2130 us, total:   7891 us, speed:  4694 KB/s, CRC: OK, Pattern: OK, Size: OK (0xC61C2AA0)
File /test_049.bin: opened:   450 us, closed:     3 us, I/O:   2139 us, total:  13853 us, speed:  4675 KB/s, CRC: OK, Pattern: OK, Size: OK (0xC61C2AA0)
File /test_050.bin: opened:   427 us, closed:     7 us, I/O:   2143 us, total:   7872 us, speed:  4666 KB/s, CRC: OK, Pattern: OK, Size: OK (0xC61C2AA0)
File /test_051.bin: opened:   430 us, closed:     3 us, I/O:   2134 us, total:   7859 us, speed:  4686 KB/s, CRC: OK, Pattern: OK, Size: OK (0xC61C2AA0)
File /test_052.bin: opened:   433 us, closed:     3 us, I/O:   2148 us, total:   7880 us, speed:  4655 KB/s, CRC: OK, Pattern: OK, Size: OK (0xC61C2AA0)
File /test_053.bin: opened:   437 us, closed:     3 us, I/O:   2133 us, total:   7840 us, speed:  4688 KB/s, CRC: OK, Pattern: OK, Size: OK (0xC61C2AA0)
File /test_054.bin: opened:   440 us, closed:     3 us, I/O:   2137 us, total:   7883 us, speed:  4679 KB/s, CRC: OK, Pattern: OK, Size: OK (0xC61C2AA0)
File /test_055.bin: opened:   447 us, closed:     3 us, I/O:   2135 us, total:   7911 us, speed:  4683 KB/s, CRC: OK, Pattern: OK, Size: OK (0xC61C2AA0)
File /test_056.bin: opened:   450 us, closed:     3 us, I/O:   2138 us, total:   7924 us, speed:  4677 KB/s, CRC: OK, Pattern: OK, Size: OK (0xC61C2AA0)
File /test_057.bin: opened:   449 us, closed:     3 us, I/O:   2137 us, total:   7865 us, speed:  4679 KB/s, CRC: OK, Pattern: OK, Size: OK (0xC61C2AA0)
File /test_058.bin: opened:   448 us, closed:     3 us, I/O:   2143 us, total:   7929 us, speed:  4666 KB/s, CRC: OK, Pattern: OK, Size: OK (0xC61C2AA0)
File /test_059.bin: opened:   445 us, closed:     3 us, I/O:   2140 us, total:  13815 us, speed:  4672 KB/s, CRC: OK, Pattern: OK, Size: OK (0xC61C2AA0)
File /test_060.bin: opened:   428 us, closed:     3 us, I/O:   2134 us, total:   7851 us, speed:  4686 KB/s, CRC: OK, Pattern: OK, Size: OK (0xC61C2AA0)
File /test_061.bin: opened:   435 us, closed:     3 us, I/O:   2142 us, total:   7887 us, speed:  4668 KB/s, CRC: OK, Pattern: OK, Size: OK (0xC61C2AA0)
File /test_062.bin: opened:   437 us, closed:     3 us, I/O:   2137 us, total:   7874 us, speed:  4679 KB/s, CRC: OK, Pattern: OK, Size: OK (0xC61C2AA0)
File /test_063.bin: opened:   445 us, closed:     3 us, I/O:   2135 us, total:   7868 us, speed:  4683 KB/s, CRC: OK, Pattern: OK, Size: OK (0xC61C2AA0)
File /test_064.bin: opened:   444 us, closed:     3 us, I/O:   2136 us, total:   7902 us, speed:  4681 KB/s, CRC: OK, Pattern: OK, Size: OK (0xC61C2AA0)
File /test_065.bin: opened:   460 us, closed:     3 us, I/O:   2141 us, total:   7898 us, speed:  4670 KB/s, CRC: OK, Pattern: OK, Size: OK (0xC61C2AA0)
File /test_066.bin: opened:   447 us, closed:     3 us, I/O:   2132 us, total:   7923 us, speed:  4690 KB/s, CRC: OK, Pattern: OK, Size: OK (0xC61C2AA0)
File /test_067.bin: opened:   447 us, closed:     3 us, I/O:   2136 us, total:   7898 us, speed:  4681 KB/s, CRC: OK, Pattern: OK, Size: OK (0xC61C2AA0)
File /test_068.bin: opened:   466 us, closed:     3 us, I/O:   2133 us, total:   7895 us, speed:  4688 KB/s, CRC: OK, Pattern: OK, Size: OK (0xC61C2AA0)
File /test_069.bin: opened:   439 us, closed:     3 us, I/O:   2139 us, total:   7844 us, speed:  4675 KB/s, CRC: OK, Pattern: OK, Size: OK (0xC61C2AA0)
File /test_070.bin: opened:   428 us, closed:     3 us, I/O:   2139 us, total:  13869 us, speed:  4675 KB/s, CRC: OK, Pattern: OK, Size: OK (0xC61C2AA0)
File /test_071.bin: opened:   427 us, closed:     3 us, I/O:   2167 us, total:   7907 us, speed:  4614 KB/s, CRC: OK, Pattern: OK, Size: OK (0xC61C2AA0)
File /test_072.bin: opened:   431 us, closed:     3 us, I/O:   2144 us, total:   7844 us, speed:  4664 KB/s, CRC: OK, Pattern: OK, Size: OK (0xC61C2AA0)
File /test_073.bin: opened:   433 us, closed:     3 us, I/O:   2146 us, total:   7906 us, speed:  4659 KB/s, CRC: OK, Pattern: OK, Size: OK (0xC61C2AA0)
File /test_074.bin: opened:   436 us, closed:     3 us, I/O:   2151 us, total:   7893 us, speed:  4649 KB/s, CRC: OK, Pattern: OK, Size: OK (0xC61C2AA0)
File /test_075.bin: opened:   442 us, closed:     3 us, I/O:   2132 us, total:   7858 us, speed:  4690 KB/s, CRC: OK, Pattern: OK, Size: OK (0xC61C2AA0)
File /test_076.bin: opened:   445 us, closed:     3 us, I/O:   2138 us, total:   7873 us, speed:  4677 KB/s, CRC: OK, Pattern: OK, Size: OK (0xC61C2AA0)
File /test_077.bin: opened:   441 us, closed:     3 us, I/O:   2165 us, total:   7920 us, speed:  4618 KB/s, CRC: OK, Pattern: OK, Size: OK (0xC61C2AA0)
File /test_078.bin: opened:   441 us, closed:     3 us, I/O:   2145 us, total:   7877 us, speed:  4662 KB/s, CRC: OK, Pattern: OK, Size: OK (0xC61C2AA0)
File /test_079.bin: opened:   439 us, closed:     3 us, I/O:   2130 us, total:   7874 us, speed:  4694 KB/s, CRC: OK, Pattern: OK, Size: OK (0xC61C2AA0)
File /test_080.bin: opened:   432 us, closed:     3 us, I/O:   2135 us, total:   7851 us, speed:  4683 KB/s, CRC: OK, Pattern: OK, Size: OK (0xC61C2AA0)
File /test_081.bin: opened:   432 us, closed:     3 us, I/O:   2138 us, total:   7881 us, speed:  4677 KB/s, CRC: OK, Pattern: OK, Size: OK (0xC61C2AA0)
File /test_082.bin: opened:   434 us, closed:     3 us, I/O:   2151 us, total:   7866 us, speed:  4649 KB/s, CRC: OK, Pattern: OK, Size: OK (0xC61C2AA0)
File /test_083.bin: opened:   439 us, closed:     3 us, I/O:   2137 us, total:   7864 us, speed:  4679 KB/s, CRC: OK, Pattern: OK, Size: OK (0xC61C2AA0)
File /test_084.bin: opened:   439 us, closed:     3 us, I/O:   2134 us, total:   7904 us, speed:  4686 KB/s, CRC: OK, Pattern: OK, Size: OK (0xC61C2AA0)
File /test_085.bin: opened:   440 us, closed:     3 us, I/O:   2140 us, total:   7844 us, speed:  4672 KB/s, CRC: OK, Pattern: OK, Size: OK (0xC61C2AA0)
File /test_086.bin: opened:   441 us, closed:     3 us, I/O:   2141 us, total:   7959 us, speed:  4670 KB/s, CRC: OK, Pattern: OK, Size: OK (0xC61C2AA0)
File /test_087.bin: opened:   451 us, closed:     3 us, I/O:   2145 us, total:   7907 us, speed:  4662 KB/s, CRC: OK, Pattern: OK, Size: OK (0xC61C2AA0)
File /test_088.bin: opened:   434 us, closed:     3 us, I/O:   2137 us, total:   7932 us, speed:  4679 KB/s, CRC: OK, Pattern: OK, Size: OK (0xC61C2AA0)
File /test_089.bin: opened:   425 us, closed:     3 us, I/O:   2141 us, total:   7856 us, speed:  4670 KB/s, CRC: OK, Pattern: OK, Size: OK (0xC61C2AA0)
File /test_090.bin: opened:   423 us, closed:     3 us, I/O:   2166 us, total:   7837 us, speed:  4616 KB/s, CRC: OK, Pattern: OK, Size: OK (0xC61C2AA0)
File /test_091.bin: opened:   426 us, closed:     3 us, I/O:   2133 us, total:  13782 us, speed:  4688 KB/s, CRC: OK, Pattern: OK, Size: OK (0xC61C2AA0)
File /test_092.bin: opened:   433 us, closed:     3 us, I/O:   2139 us, total:   7824 us, speed:  4675 KB/s, CRC: OK, Pattern: OK, Size: OK (0xC61C2AA0)
File /test_093.bin: opened:   432 us, closed:     3 us, I/O:   2164 us, total:   7897 us, speed:  4621 KB/s, CRC: OK, Pattern: OK, Size: OK (0xC61C2AA0)
File /test_094.bin: opened:   437 us, closed:     3 us, I/O:   2132 us, total:   7886 us, speed:  4690 KB/s, CRC: OK, Pattern: OK, Size: OK (0xC61C2AA0)
File /test_095.bin: opened:   455 us, closed:     3 us, I/O:   2131 us, total:   7863 us, speed:  4692 KB/s, CRC: OK, Pattern: OK, Size: OK (0xC61C2AA0)
File /test_096.bin: opened:   435 us, closed:     3 us, I/O:   2150 us, total:   7925 us, speed:  4651 KB/s, CRC: OK, Pattern: OK, Size: OK (0xC61C2AA0)
File /test_097.bin: opened:   436 us, closed:     3 us, I/O:   2134 us, total:   7872 us, speed:  4686 KB/s, CRC: OK, Pattern: OK, Size: OK (0xC61C2AA0)
File /test_098.bin: opened:   448 us, closed:     3 us, I/O:   2142 us, total:   7879 us, speed:  4668 KB/s, CRC: OK, Pattern: OK, Size: OK (0xC61C2AA0)
File /test_099.bin: opened:   420 us, closed:     3 us, I/O:   2134 us, total:   7824 us, speed:  4686 KB/s, CRC: OK, Pattern: OK, Size: OK (0xC61C2AA0)
File /test_100.bin: opened:   398 us, closed:     3 us, I/O:   2143 us, total:   7798 us, speed:  4666 KB/s, CRC: OK, Pattern: OK, Size: OK (0xC61C2AA0)
File /test_101.bin: opened:   398 us, closed:     3 us, I/O:   2132 us, total:   7820 us, speed:  4690 KB/s, CRC: OK, Pattern: OK, Size: OK (0xC61C2AA0)
File /test_102.bin: opened:   400 us, closed:     3 us, I/O:   2135 us, total:  13725 us, speed:  4683 KB/s, CRC: OK, Pattern: OK, Size: OK (0xC61C2AA0)
File /test_103.bin: opened:   403 us, closed:     3 us, I/O:   2136 us, total:   7777 us, speed:  4681 KB/s, CRC: OK, Pattern: OK, Size: OK (0xC61C2AA0)
File /test_104.bin: opened:   407 us, closed:     3 us, I/O:   2137 us, total:   7877 us, speed:  4679 KB/s, CRC: OK, Pattern: OK, Size: OK (0xC61C2AA0)
File /test_105.bin: opened:   408 us, closed:     3 us, I/O:   2146 us, total:   7864 us, speed:  4659 KB/s, CRC: OK, Pattern: OK, Size: OK (0xC61C2AA0)
File /test_106.bin: opened:   414 us, closed:     3 us, I/O:   2137 us, total:   7897 us, speed:  4679 KB/s, CRC: OK, Pattern: OK, Size: OK (0xC61C2AA0)
File /test_107.bin: opened:   420 us, closed:     3 us, I/O:   2168 us, total:   7846 us, speed:  4612 KB/s, CRC: OK, Pattern: OK, Size: OK (0xC61C2AA0)
File /test_108.bin: opened:   424 us, closed:     3 us, I/O:   2137 us, total:   7857 us, speed:  4679 KB/s, CRC: OK, Pattern: OK, Size: OK (0xC61C2AA0)
File /test_109.bin: opened:   426 us, closed:     3 us, I/O:   2143 us, total:   7930 us, speed:  4666 KB/s, CRC: OK, Pattern: OK, Size: OK (0xC61C2AA0)
File /test_110.bin: opened:   395 us, closed:     3 us, I/O:   2135 us, total:   7849 us, speed:  4683 KB/s, CRC: OK, Pattern: OK, Size: OK (0xC61C2AA0)
File /test_111.bin: opened:   394 us, closed:     3 us, I/O:   2139 us, total:   7826 us, speed:  4675 KB/s, CRC: OK, Pattern: OK, Size: OK (0xC61C2AA0)
File /test_112.bin: opened:   396 us, closed:     3 us, I/O:   2168 us, total:  13771 us, speed:  4612 KB/s, CRC: OK, Pattern: OK, Size: OK (0xC61C2AA0)
File /test_113.bin: opened:   400 us, closed:     3 us, I/O:   2130 us, total:   7792 us, speed:  4694 KB/s, CRC: OK, Pattern: OK, Size: OK (0xC61C2AA0)
File /test_114.bin: opened:   401 us, closed:     3 us, I/O:   2147 us, total:   7794 us, speed:  4657 KB/s, CRC: OK, Pattern: OK, Size: OK (0xC61C2AA0)
File /test_115.bin: opened:   404 us, closed:     3 us, I/O:   2142 us, total:   7828 us, speed:  4668 KB/s, CRC: OK, Pattern: OK, Size: OK (0xC61C2AA0)
File /test_116.bin: opened:   411 us, closed:     3 us, I/O:   2149 us, total:   7856 us, speed:  4653 KB/s, CRC: OK, Pattern: OK, Size: OK (0xC61C2AA0)
File /test_117.bin: opened:   417 us, closed:     3 us, I/O:   2139 us, total:   7855 us, speed:  4675 KB/s, CRC: OK, Pattern: OK, Size: OK (0xC61C2AA0)
File /test_118.bin: opened:   419 us, closed:     3 us, I/O:   2135 us, total:   7834 us, speed:  4683 KB/s, CRC: OK, Pattern: OK, Size: OK (0xC61C2AA0)
File /test_119.bin: opened:   427 us, closed:     3 us, I/O:   2131 us, total:   7805 us, speed:  4692 KB/s, CRC: OK, Pattern: OK, Size: OK (0xC61C2AA0)
File /test_120.bin: opened:   396 us, closed:     3 us, I/O:   2140 us, total:   7870 us, speed:  4672 KB/s, CRC: OK, Pattern: OK, Size: OK (0xC61C2AA0)
File /test_121.bin: opened:   396 us, closed:     3 us, I/O:   2149 us, total:   7841 us, speed:  4653 KB/s, CRC: OK, Pattern: OK, Size: OK (0xC61C2AA0)
File /test_122.bin: opened:   400 us, closed:     3 us, I/O:   2133 us, total:   7842 us, speed:  4688 KB/s, CRC: OK, Pattern: OK, Size: OK (0xC61C2AA0)
File /test_123.bin: opened:   402 us, closed:     3 us, I/O:   7992 us, total:  13694 us, speed:  1251 KB/s, CRC: OK, Pattern: OK, Size: OK (0xC61C2AA0)
File /test_124.bin: opened:   404 us, closed:     3 us, I/O:   2133 us, total:   7785 us, speed:  4688 KB/s, CRC: OK, Pattern: OK, Size: OK (0xC61C2AA0)
File /test_125.bin: opened:   407 us, closed:     3 us, I/O:   2140 us, total:   7863 us, speed:  4672 KB/s, CRC: OK, Pattern: OK, Size: OK (0xC61C2AA0)
File /test_126.bin: opened:   413 us, closed:     3 us, I/O:   2134 us, total:   7872 us, speed:  4686 KB/s, CRC: OK, Pattern: OK, Size: OK (0xC61C2AA0)
File /test_127.bin: opened:   416 us, closed:     3 us, I/O:   2151 us, total:   7864 us, speed:  4649 KB/s, CRC: OK, Pattern: OK, Size: OK (0xC61C2AA0)
File /test_128.bin: opened:   436 us, closed:     3 us, I/O:   2145 us, total:   7898 us, speed:  4662 KB/s, CRC: OK, Pattern: OK, Size: OK (0xC61C2AA0)
File /test_129.bin: opened:   420 us, closed:     3 us, I/O:   2139 us, total:   7871 us, speed:  4675 KB/s, CRC: OK, Pattern: OK, Size: OK (0xC61C2AA0)
File /test_130.bin: opened:   392 us, closed:     3 us, I/O:   2143 us, total:   7899 us, speed:  4666 KB/s, CRC: OK, Pattern: OK, Size: OK (0xC61C2AA0)
File /test_131.bin: opened:   389 us, closed:     3 us, I/O:   2139 us, total:   7817 us, speed:  4675 KB/s, CRC: OK, Pattern: OK, Size: OK (0xC61C2AA0)
File /test_132.bin: opened:   416 us, closed:     3 us, I/O:   2135 us, total:   7798 us, speed:  4683 KB/s, CRC: OK, Pattern: OK, Size: OK (0xC61C2AA0)
File /test_133.bin: opened:   398 us, closed:     3 us, I/O:   2134 us, total:  13796 us, speed:  4686 KB/s, CRC: OK, Pattern: OK, Size: OK (0xC61C2AA0)
File /test_134.bin: opened:   401 us, closed:     3 us, I/O:   2138 us, total:   7844 us, speed:  4677 KB/s, CRC: OK, Pattern: OK, Size: OK (0xC61C2AA0)
File /test_135.bin: opened:   403 us, closed:     3 us, I/O:   2132 us, total:   7757 us, speed:  4690 KB/s, CRC: OK, Pattern: OK, Size: OK (0xC61C2AA0)
File /test_136.bin: opened:   410 us, closed:     3 us, I/O:   2151 us, total:   7830 us, speed:  4649 KB/s, CRC: OK, Pattern: OK, Size: OK (0xC61C2AA0)
File /test_137.bin: opened:   412 us, closed:     3 us, I/O:   2145 us, total:   7880 us, speed:  4662 KB/s, CRC: OK, Pattern: OK, Size: OK (0xC61C2AA0)
File /test_138.bin: opened:   416 us, closed:     3 us, I/O:   2143 us, total:   7868 us, speed:  4666 KB/s, CRC: OK, Pattern: OK, Size: OK (0xC61C2AA0)
File /test_139.bin: opened:   416 us, closed:     3 us, I/O:   2135 us, total:   7862 us, speed:  4683 KB/s, CRC: OK, Pattern: OK, Size: OK (0xC61C2AA0)
File /test_140.bin: opened:   412 us, closed:     3 us, I/O:   2149 us, total:   7839 us, speed:  4653 KB/s, CRC: OK, Pattern: OK, Size: OK (0xC61C2AA0)
File /test_141.bin: opened:   411 us, closed:     3 us, I/O:   2139 us, total:   7856 us, speed:  4675 KB/s, CRC: OK, Pattern: OK, Size: OK (0xC61C2AA0)
File /test_142.bin: opened:   399 us, closed:     3 us, I/O:   2132 us, total:   7824 us, speed:  4690 KB/s, CRC: OK, Pattern: OK, Size: OK (0xC61C2AA0)
File /test_143.bin: opened:   400 us, closed:     3 us, I/O:   2136 us, total:   7825 us, speed:  4681 KB/s, CRC: OK, Pattern: OK, Size: OK (0xC61C2AA0)
File /test_144.bin: opened:   403 us, closed:     3 us, I/O:   7998 us, total:  13707 us, speed:  1250 KB/s, CRC: OK, Pattern: OK, Size: OK (0xC61C2AA0)
File /test_145.bin: opened:   406 us, closed:     3 us, I/O:   2140 us, total:   7886 us, speed:  4672 KB/s, CRC: OK, Pattern: OK, Size: OK (0xC61C2AA0)
File /test_146.bin: opened:   412 us, closed:     3 us, I/O:   2132 us, total:   7830 us, speed:  4690 KB/s, CRC: OK, Pattern: OK, Size: OK (0xC61C2AA0)
File /test_147.bin: opened:   413 us, closed:     3 us, I/O:   2139 us, total:   7878 us, speed:  4675 KB/s, CRC: OK, Pattern: OK, Size: OK (0xC61C2AA0)
File /test_148.bin: opened:   432 us, closed:     3 us, I/O:   2139 us, total:   7826 us, speed:  4675 KB/s, CRC: OK, Pattern: OK, Size: OK (0xC61C2AA0)
File /test_149.bin: opened:   409 us, closed:     3 us, I/O:   2150 us, total:   7859 us, speed:  4651 KB/s, CRC: OK, Pattern: OK, Size: OK (0xC61C2AA0)
File /test_150.bin: opened:   387 us, closed:     3 us, I/O:   2133 us, total:   7827 us, speed:  4688 KB/s, CRC: OK, Pattern: OK, Size: OK (0xC61C2AA0)
File /test_151.bin: opened:   391 us, closed:     3 us, I/O:   2142 us, total:   7920 us, speed:  4668 KB/s, CRC: OK, Pattern: OK, Size: OK (0xC61C2AA0)
File /test_152.bin: opened:   393 us, closed:     3 us, I/O:   2141 us, total:   7893 us, speed:  4670 KB/s, CRC: OK, Pattern: OK, Size: OK (0xC61C2AA0)
File /test_153.bin: opened:   396 us, closed:     3 us, I/O:   2141 us, total:   7821 us, speed:  4670 KB/s, CRC: OK, Pattern: OK, Size: OK (0xC61C2AA0)
File /test_154.bin: opened:   399 us, closed:     3 us, I/O:   2136 us, total:   7766 us, speed:  4681 KB/s, CRC: OK, Pattern: OK, Size: OK (0xC61C2AA0)
File /test_155.bin: opened:   402 us, closed:     3 us, I/O:   2134 us, total:   7771 us, speed:  4686 KB/s, CRC: OK, Pattern: OK, Size: OK (0xC61C2AA0)
File /test_156.bin: opened:   430 us, closed:     3 us, I/O:   2138 us, total:   7857 us, speed:  4677 KB/s, CRC: OK, Pattern: OK, Size: OK (0xC61C2AA0)
File /test_157.bin: opened:   413 us, closed:     3 us, I/O:   2135 us, total:   7822 us, speed:  4683 KB/s, CRC: OK, Pattern: OK, Size: OK (0xC61C2AA0)
File /test_158.bin: opened:   412 us, closed:     3 us, I/O:   2148 us, total:   7883 us, speed:  4655 KB/s, CRC: OK, Pattern: OK, Size: OK (0xC61C2AA0)
File /test_159.bin: opened:   405 us, closed:     3 us, I/O:   2142 us, total:   7881 us, speed:  4668 KB/s, CRC: OK, Pattern: OK, Size: OK (0xC61C2AA0)
File /test_160.bin: opened:   404 us, closed:     3 us, I/O:   2144 us, total:   7835 us, speed:  4664 KB/s, CRC: OK, Pattern: OK, Size: OK (0xC61C2AA0)
File /test_161.bin: opened:   411 us, closed:     3 us, I/O:   2146 us, total:   7827 us, speed:  4659 KB/s, CRC: OK, Pattern: OK, Size: OK (0xC61C2AA0)
File /test_162.bin: opened:   396 us, closed:     3 us, I/O:   2179 us, total:   7881 us, speed:  4589 KB/s, CRC: OK, Pattern: OK, Size: OK (0xC61C2AA0)
File /test_163.bin: opened:   400 us, closed:     3 us, I/O:   2136 us, total:   7852 us, speed:  4681 KB/s, CRC: OK, Pattern: OK, Size: OK (0xC61C2AA0)
File /test_164.bin: opened:   403 us, closed:     3 us, I/O:   2140 us, total:   7844 us, speed:  4672 KB/s, CRC: OK, Pattern: OK, Size: OK (0xC61C2AA0)
File /test_165.bin: opened:   401 us, closed:     7 us, I/O:   2142 us, total:  13749 us, speed:  4668 KB/s, CRC: OK, Pattern: OK, Size: OK (0xC61C2AA0)
File /test_166.bin: opened:   404 us, closed:     3 us, I/O:   2130 us, total:   7832 us, speed:  4694 KB/s, CRC: OK, Pattern: OK, Size: OK (0xC61C2AA0)
File /test_167.bin: opened:   404 us, closed:     3 us, I/O:   2146 us, total:   7841 us, speed:  4659 KB/s, CRC: OK, Pattern: OK, Size: OK (0xC61C2AA0)
File /test_168.bin: opened:   401 us, closed:     3 us, I/O:   2143 us, total:   7849 us, speed:  4666 KB/s, CRC: OK, Pattern: OK, Size: OK (0xC61C2AA0)
File /test_169.bin: opened:   397 us, closed:     3 us, I/O:   2135 us, total:   7800 us, speed:  4683 KB/s, CRC: OK, Pattern: OK, Size: OK (0xC61C2AA0)
File /test_170.bin: opened:   383 us, closed:     3 us, I/O:   2162 us, total:   7840 us, speed:  4625 KB/s, CRC: OK, Pattern: OK, Size: OK (0xC61C2AA0)
File /test_171.bin: opened:   391 us, closed:     3 us, I/O:   2142 us, total:   7818 us, speed:  4668 KB/s, CRC: OK, Pattern: OK, Size: OK (0xC61C2AA0)
File /test_172.bin: opened:   390 us, closed:     3 us, I/O:   2137 us, total:   7846 us, speed:  4679 KB/s, CRC: OK, Pattern: OK, Size: OK (0xC61C2AA0)
File /test_173.bin: opened:   397 us, closed:     3 us, I/O:   2132 us, total:   7808 us, speed:  4690 KB/s, CRC: OK, Pattern: OK, Size: OK (0xC61C2AA0)
File /test_174.bin: opened:   398 us, closed:     3 us, I/O:   2147 us, total:   7817 us, speed:  4657 KB/s, CRC: OK, Pattern: OK, Size: OK (0xC61C2AA0)
File /test_175.bin: opened:   397 us, closed:     3 us, I/O:   2130 us, total:   7911 us, speed:  4694 KB/s, CRC: OK, Pattern: OK, Size: OK (0xC61C2AA0)
File /test_176.bin: opened:   401 us, closed:     3 us, I/O:   2137 us, total:   7829 us, speed:  4679 KB/s, CRC: OK, Pattern: OK, Size: OK (0xC61C2AA0)
File /test_177.bin: opened:   400 us, closed:     3 us, I/O:   2136 us, total:   7772 us, speed:  4681 KB/s, CRC: OK, Pattern: OK, Size: OK (0xC61C2AA0)
File /test_178.bin: opened:   396 us, closed:     3 us, I/O:   2149 us, total:   7787 us, speed:  4653 KB/s, CRC: OK, Pattern: OK, Size: OK (0xC61C2AA0)
File /test_179.bin: opened:   394 us, closed:     3 us, I/O:   2135 us, total:   7848 us, speed:  4683 KB/s, CRC: OK, Pattern: OK, Size: OK (0xC61C2AA0)
File /test_180.bin: opened:   390 us, closed:     3 us, I/O:   2149 us, total:   7817 us, speed:  4653 KB/s, CRC: OK, Pattern: OK, Size: OK (0xC61C2AA0)
File /test_181.bin: opened:   393 us, closed:     3 us, I/O:   2159 us, total:   7877 us, speed:  4631 KB/s, CRC: OK, Pattern: OK, Size: OK (0xC61C2AA0)
File /test_182.bin: opened:   397 us, closed:     3 us, I/O:   2133 us, total:   7802 us, speed:  4688 KB/s, CRC: OK, Pattern: OK, Size: OK (0xC61C2AA0)
File /test_183.bin: opened:   398 us, closed:     3 us, I/O:   2145 us, total:   7855 us, speed:  4662 KB/s, CRC: OK, Pattern: OK, Size: OK (0xC61C2AA0)
File /test_184.bin: opened:   398 us, closed:     3 us, I/O:   2138 us, total:   7858 us, speed:  4677 KB/s, CRC: OK, Pattern: OK, Size: OK (0xC61C2AA0)
File /test_185.bin: opened:   397 us, closed:     3 us, I/O:   2139 us, total:   7868 us, speed:  4675 KB/s, CRC: OK, Pattern: OK, Size: OK (0xC61C2AA0)
File /test_186.bin: opened:   397 us, closed:     3 us, I/O:   2137 us, total:  13772 us, speed:  4679 KB/s, CRC: OK, Pattern: OK, Size: OK (0xC61C2AA0)
File /test_187.bin: opened:   394 us, closed:     3 us, I/O:   2137 us, total:   7839 us, speed:  4679 KB/s, CRC: OK, Pattern: OK, Size: OK (0xC61C2AA0)
File /test_188.bin: opened:   390 us, closed:     3 us, I/O:   2143 us, total:   7808 us, speed:  4666 KB/s, CRC: OK, Pattern: OK, Size: OK (0xC61C2AA0)
File /test_189.bin: opened:   384 us, closed:     3 us, I/O:   2143 us, total:   7829 us, speed:  4666 KB/s, CRC: OK, Pattern: OK, Size: OK (0xC61C2AA0)
File /test_190.bin: opened:   389 us, closed:     3 us, I/O:   2139 us, total:   7807 us, speed:  4675 KB/s, CRC: OK, Pattern: OK, Size: OK (0xC61C2AA0)
File /test_191.bin: opened:   388 us, closed:     3 us, I/O:   2142 us, total:   7824 us, speed:  4668 KB/s, CRC: OK, Pattern: OK, Size: OK (0xC61C2AA0)
File /test_192.bin: opened:   392 us, closed:     3 us, I/O:   2144 us, total:   7806 us, speed:  4664 KB/s, CRC: OK, Pattern: OK, Size: OK (0xC61C2AA0)
File /test_193.bin: opened:   394 us, closed:     3 us, I/O:   2141 us, total:   7848 us, speed:  4670 KB/s, CRC: OK, Pattern: OK, Size: OK (0xC61C2AA0)
File /test_194.bin: opened:   394 us, closed:     3 us, I/O:   2164 us, total:   7846 us, speed:  4621 KB/s, CRC: OK, Pattern: OK, Size: OK (0xC61C2AA0)
File /test_195.bin: opened:   393 us, closed:     3 us, I/O:   2134 us, total:   7807 us, speed:  4686 KB/s, CRC: OK, Pattern: OK, Size: OK (0xC61C2AA0)
File /test_196.bin: opened:   414 us, closed:     3 us, I/O:   2141 us, total:   7876 us, speed:  4670 KB/s, CRC: OK, Pattern: OK, Size: OK (0xC61C2AA0)
File /test_197.bin: opened:   391 us, closed:     3 us, I/O:   8086 us, total:  13776 us, speed:  1236 KB/s, CRC: OK, Pattern: OK, Size: OK (0xC61C2AA0)
File /test_198.bin: opened:   388 us, closed:     3 us, I/O:   2148 us, total:   7846 us, speed:  4655 KB/s, CRC: OK, Pattern: OK, Size: OK (0xC61C2AA0)
File /test_199.bin: opened:   379 us, closed:     3 us, I/O:   2131 us, total:   7795 us, speed:  4692 KB/s, CRC: OK, Pattern: OK, Size: OK (0xC61C2AA0)
File /test_200.bin: opened:   361 us, closed:     3 us, I/O:   2138 us, total:   7776 us, speed:  4677 KB/s, CRC: OK, Pattern: OK, Size: OK (0xC61C2AA0)
File /test_201.bin: opened:   357 us, closed:     3 us, I/O:   2137 us, total:   7796 us, speed:  4679 KB/s, CRC: OK, Pattern: OK, Size: OK (0xC61C2AA0)
File /test_202.bin: opened:   357 us, closed:     3 us, I/O:   2149 us, total:   7822 us, speed:  4653 KB/s, CRC: OK, Pattern: OK, Size: OK (0xC61C2AA0)
File /test_203.bin: opened:   362 us, closed:     3 us, I/O:   2142 us, total:   7776 us, speed:  4668 KB/s, CRC: OK, Pattern: OK, Size: OK (0xC61C2AA0)
File /test_204.bin: opened:   389 us, closed:     3 us, I/O:   2139 us, total:   7799 us, speed:  4675 KB/s, CRC: OK, Pattern: OK, Size: OK (0xC61C2AA0)
File /test_205.bin: opened:   370 us, closed:     3 us, I/O:   2149 us, total:   7815 us, speed:  4653 KB/s, CRC: OK, Pattern: OK, Size: OK (0xC61C2AA0)
File /test_206.bin: opened:   373 us, closed:     3 us, I/O:   2134 us, total:   7809 us, speed:  4686 KB/s, CRC: OK, Pattern: OK, Size: OK (0xC61C2AA0)
File /test_207.bin: opened:   375 us, closed:     3 us, I/O:   2142 us, total:  13750 us, speed:  4668 KB/s, CRC: OK, Pattern: OK, Size: OK (0xC61C2AA0)
File /test_208.bin: opened:   379 us, closed:     3 us, I/O:   2136 us, total:   7832 us, speed:  4681 KB/s, CRC: OK, Pattern: OK, Size: OK (0xC61C2AA0)
File /test_209.bin: opened:   385 us, closed:     3 us, I/O:   2137 us, total:   7822 us, speed:  4679 KB/s, CRC: OK, Pattern: OK, Size: OK (0xC61C2AA0)
File /test_210.bin: opened:   359 us, closed:     3 us, I/O:   2138 us, total:   7741 us, speed:  4677 KB/s, CRC: OK, Pattern: OK, Size: OK (0xC61C2AA0)
File /test_211.bin: opened:   357 us, closed:     3 us, I/O:   2133 us, total:   7798 us, speed:  4688 KB/s, CRC: OK, Pattern: OK, Size: OK (0xC61C2AA0)
File /test_212.bin: opened:   356 us, closed:     3 us, I/O:   2134 us, total:   7819 us, speed:  4686 KB/s, CRC: OK, Pattern: OK, Size: OK (0xC61C2AA0)
File /test_213.bin: opened:   360 us, closed:     3 us, I/O:   2139 us, total:   7804 us, speed:  4675 KB/s, CRC: OK, Pattern: OK, Size: OK (0xC61C2AA0)
File /test_214.bin: opened:   363 us, closed:     3 us, I/O:   2139 us, total:   7786 us, speed:  4675 KB/s, CRC: OK, Pattern: OK, Size: OK (0xC61C2AA0)
File /test_215.bin: opened:   363 us, closed:     3 us, I/O:   2154 us, total:   7815 us, speed:  4642 KB/s, CRC: OK, Pattern: OK, Size: OK (0xC61C2AA0)
File /test_216.bin: opened:   367 us, closed:     3 us, I/O:   2138 us, total:   7795 us, speed:  4677 KB/s, CRC: OK, Pattern: OK, Size: OK (0xC61C2AA0)
File /test_217.bin: opened:   397 us, closed:     3 us, I/O:   2142 us, total:   7855 us, speed:  4668 KB/s, CRC: OK, Pattern: OK, Size: OK (0xC61C2AA0)
File /test_218.bin: opened:   378 us, closed:     3 us, I/O:   2148 us, total:  13759 us, speed:  4655 KB/s, CRC: OK, Pattern: OK, Size: OK (0xC61C2AA0)
File /test_219.bin: opened:   381 us, closed:     3 us, I/O:   2140 us, total:   7803 us, speed:  4672 KB/s, CRC: OK, Pattern: OK, Size: OK (0xC61C2AA0)
File /test_220.bin: opened:   353 us, closed:     3 us, I/O:   2145 us, total:   7808 us, speed:  4662 KB/s, CRC: OK, Pattern: OK, Size: OK (0xC61C2AA0)
File /test_221.bin: opened:   356 us, closed:     7 us, I/O:   2156 us, total:   7770 us, speed:  4638 KB/s, CRC: OK, Pattern: OK, Size: OK (0xC61C2AA0)
File /test_222.bin: opened:   357 us, closed:     3 us, I/O:   2139 us, total:   7790 us, speed:  4675 KB/s, CRC: OK, Pattern: OK, Size: OK (0xC61C2AA0)
File /test_223.bin: opened:   359 us, closed:     3 us, I/O:   2136 us, total:   7815 us, speed:  4681 KB/s, CRC: OK, Pattern: OK, Size: OK (0xC61C2AA0)
File /test_224.bin: opened:   364 us, closed:     3 us, I/O:   2138 us, total:   7805 us, speed:  4677 KB/s, CRC: OK, Pattern: OK, Size: OK (0xC61C2AA0)
File /test_225.bin: opened:   391 us, closed:     3 us, I/O:   2149 us, total:   7854 us, speed:  4653 KB/s, CRC: OK, Pattern: OK, Size: OK (0xC61C2AA0)
File /test_226.bin: opened:   373 us, closed:     3 us, I/O:   2158 us, total:   7776 us, speed:  4633 KB/s, CRC: OK, Pattern: OK, Size: OK (0xC61C2AA0)
File /test_227.bin: opened:   375 us, closed:     3 us, I/O:   2145 us, total:   7855 us, speed:  4662 KB/s, CRC: OK, Pattern: OK, Size: OK (0xC61C2AA0)
File /test_228.bin: opened:   378 us, closed:     3 us, I/O:   2133 us, total:   7776 us, speed:  4688 KB/s, CRC: OK, Pattern: OK, Size: OK (0xC61C2AA0)
File /test_229.bin: opened:   374 us, closed:     3 us, I/O:   2138 us, total:   7804 us, speed:  4677 KB/s, CRC: OK, Pattern: OK, Size: OK (0xC61C2AA0)
File /test_230.bin: opened:   350 us, closed:     3 us, I/O:   2134 us, total:   7796 us, speed:  4686 KB/s, CRC: OK, Pattern: OK, Size: OK (0xC61C2AA0)
File /test_231.bin: opened:   351 us, closed:     3 us, I/O:   2146 us, total:   7819 us, speed:  4659 KB/s, CRC: OK, Pattern: OK, Size: OK (0xC61C2AA0)
File /test_232.bin: opened:   357 us, closed:     3 us, I/O:   2149 us, total:   7764 us, speed:  4653 KB/s, CRC: OK, Pattern: OK, Size: OK (0xC61C2AA0)
File /test_233.bin: opened:   380 us, closed:     3 us, I/O:   2143 us, total:   7819 us, speed:  4666 KB/s, CRC: OK, Pattern: OK, Size: OK (0xC61C2AA0)
File /test_234.bin: opened:   362 us, closed:     3 us, I/O:   2149 us, total:   7855 us, speed:  4653 KB/s, CRC: OK, Pattern: OK, Size: OK (0xC61C2AA0)
File /test_235.bin: opened:   362 us, closed:     3 us, I/O:   2134 us, total:   7827 us, speed:  4686 KB/s, CRC: OK, Pattern: OK, Size: OK (0xC61C2AA0)
File /test_236.bin: opened:   368 us, closed:     3 us, I/O:   2138 us, total:   7845 us, speed:  4677 KB/s, CRC: OK, Pattern: OK, Size: OK (0xC61C2AA0)
File /test_237.bin: opened:   371 us, closed:     3 us, I/O:   2136 us, total:   7797 us, speed:  4681 KB/s, CRC: OK, Pattern: OK, Size: OK (0xC61C2AA0)
File /test_238.bin: opened:   374 us, closed:     3 us, I/O:   2149 us, total:   7832 us, speed:  4653 KB/s, CRC: OK, Pattern: OK, Size: OK (0xC61C2AA0)
File /test_239.bin: opened:   375 us, closed:     3 us, I/O:   2139 us, total:  13796 us, speed:  4675 KB/s, CRC: OK, Pattern: OK, Size: OK (0xC61C2AA0)
File /test_240.bin: opened:   351 us, closed:     3 us, I/O:   2146 us, total:   7778 us, speed:  4659 KB/s, CRC: OK, Pattern: OK, Size: OK (0xC61C2AA0)
File /test_241.bin: opened:   356 us, closed:     3 us, I/O:   2142 us, total:   7794 us, speed:  4668 KB/s, CRC: OK, Pattern: OK, Size: OK (0xC61C2AA0)
File /test_242.bin: opened:   360 us, closed:     3 us, I/O:   2158 us, total:   7796 us, speed:  4633 KB/s, CRC: OK, Pattern: OK, Size: OK (0xC61C2AA0)
File /test_243.bin: opened:   359 us, closed:     3 us, I/O:   2150 us, total:   7798 us, speed:  4651 KB/s, CRC: OK, Pattern: OK, Size: OK (0xC61C2AA0)
File /test_244.bin: opened:   365 us, closed:     3 us, I/O:   2140 us, total:   7855 us, speed:  4672 KB/s, CRC: OK, Pattern: OK, Size: OK (0xC61C2AA0)
File /test_245.bin: opened:   364 us, closed:     3 us, I/O:   2149 us, total:   7799 us, speed:  4653 KB/s, CRC: OK, Pattern: OK, Size: OK (0xC61C2AA0)
File /test_246.bin: opened:   389 us, closed:     3 us, I/O:   2133 us, total:   7814 us, speed:  4688 KB/s, CRC: OK, Pattern: OK, Size: OK (0xC61C2AA0)
File /test_247.bin: opened:   372 us, closed:     7 us, I/O:   2152 us, total:   7817 us, speed:  4646 KB/s, CRC: OK, Pattern: OK, Size: OK (0xC61C2AA0)
File /test_248.bin: opened:   370 us, closed:     3 us, I/O:   2131 us, total:   7822 us, speed:  4692 KB/s, CRC: OK, Pattern: OK, Size: OK (0xC61C2AA0)
File /test_249.bin: opened:   363 us, closed:     7 us, I/O:   2138 us, total:   7849 us, speed:  4677 KB/s, CRC: OK, Pattern: OK, Size: OK (0xC61C2AA0)
File /test_250.bin: opened:   350 us, closed:     3 us, I/O:   7946 us, total:  13597 us, speed:  1258 KB/s, CRC: OK, Pattern: OK, Size: OK (0xC61C2AA0)
File /test_251.bin: opened:   351 us, closed:     3 us, I/O:   2147 us, total:   7818 us, speed:  4657 KB/s, CRC: OK, Pattern: OK, Size: OK (0xC61C2AA0)
File /test_252.bin: opened:   356 us, closed:     3 us, I/O:   2139 us, total:   7792 us, speed:  4675 KB/s, CRC: OK, Pattern: OK, Size: OK (0xC61C2AA0)
File /test_253.bin: opened:   359 us, closed:     3 us, I/O:   2132 us, total:   7739 us, speed:  4690 KB/s, CRC: OK, Pattern: OK, Size: OK (0xC61C2AA0)
File /test_254.bin: opened:   361 us, closed:     3 us, I/O:   2138 us, total:   7751 us, speed:  4677 KB/s, CRC: OK, Pattern: OK, Size: OK (0xC61C2AA0)
File /test_255.bin: opened:   360 us, closed:     3 us, I/O:   2152 us, total:   8146 us, speed:  4646 KB/s, CRC: OK, Pattern: OK, Size: OK (0xC61C2AA0)
File /test_256.bin: opened:   364 us, closed:     3 us, I/O:   2152 us, total:   7844 us, speed:  4646 KB/s, CRC: OK, Pattern: OK, Size: OK (0xC61C2AA0)
File /test_257.bin: opened:   367 us, closed:     7 us, I/O:   2135 us, total:   7843 us, speed:  4683 KB/s, CRC: OK, Pattern: OK, Size: OK (0xC61C2AA0)
File /test_258.bin: opened:   363 us, closed:     3 us, I/O:   2138 us, total:   7815 us, speed:  4677 KB/s, CRC: OK, Pattern: OK, Size: OK (0xC61C2AA0)
File /test_259.bin: opened:   385 us, closed:     3 us, I/O:   2133 us, total:   7805 us, speed:  4688 KB/s, CRC: OK, Pattern: OK, Size: OK (0xC61C2AA0)
File /test_260.bin: opened:   365 us, closed:     3 us, I/O:   2146 us, total:  13761 us, speed:  4659 KB/s, CRC: OK, Pattern: OK, Size: OK (0xC61C2AA0)
File /test_261.bin: opened:   352 us, closed:     7 us, I/O:   2142 us, total:   7751 us, speed:  4668 KB/s, CRC: OK, Pattern: OK, Size: OK (0xC61C2AA0)
File /test_262.bin: opened:   355 us, closed:     3 us, I/O:   2141 us, total:   7788 us, speed:  4670 KB/s, CRC: OK, Pattern: OK, Size: OK (0xC61C2AA0)
File /test_263.bin: opened:   358 us, closed:     3 us, I/O:   2140 us, total:   7794 us, speed:  4672 KB/s, CRC: OK, Pattern: OK, Size: OK (0xC61C2AA0)
File /test_264.bin: opened:   364 us, closed:     3 us, I/O:   2134 us, total:   7822 us, speed:  4686 KB/s, CRC: OK, Pattern: OK, Size: OK (0xC61C2AA0)
File /test_265.bin: opened:   362 us, closed:     3 us, I/O:   2144 us, total:   7836 us, speed:  4664 KB/s, CRC: OK, Pattern: OK, Size: OK (0xC61C2AA0)
File /test_266.bin: opened:   377 us, closed:     3 us, I/O:   2149 us, total:   7829 us, speed:  4653 KB/s, CRC: OK, Pattern: OK, Size: OK (0xC61C2AA0)
File /test_267.bin: opened:   385 us, closed:     3 us, I/O:   2145 us, total:   7822 us, speed:  4662 KB/s, CRC: OK, Pattern: OK, Size: OK (0xC61C2AA0)
File /test_268.bin: opened:   356 us, closed:     3 us, I/O:   2182 us, total:   7804 us, speed:  4582 KB/s, CRC: OK, Pattern: OK, Size: OK (0xC61C2AA0)
File /test_269.bin: opened:   356 us, closed:     7 us, I/O:   2133 us, total:   7782 us, speed:  4688 KB/s, CRC: OK, Pattern: OK, Size: OK (0xC61C2AA0)
File /test_270.bin: opened:   349 us, closed:     3 us, I/O:   2131 us, total:   7752 us, speed:  4692 KB/s, CRC: OK, Pattern: OK, Size: OK (0xC61C2AA0)
File /test_271.bin: opened:   352 us, closed:     3 us, I/O:   2135 us, total:  13744 us, speed:  4683 KB/s, CRC: OK, Pattern: OK, Size: OK (0xC61C2AA0)
File /test_272.bin: opened:   353 us, closed:     3 us, I/O:   2142 us, total:   7801 us, speed:  4668 KB/s, CRC: OK, Pattern: OK, Size: OK (0xC61C2AA0)
File /test_273.bin: opened:   354 us, closed:     3 us, I/O:   2134 us, total:   7798 us, speed:  4686 KB/s, CRC: OK, Pattern: OK, Size: OK (0xC61C2AA0)
File /test_274.bin: opened:   357 us, closed:     3 us, I/O:   2143 us, total:   7800 us, speed:  4666 KB/s, CRC: OK, Pattern: OK, Size: OK (0xC61C2AA0)
File /test_275.bin: opened:   356 us, closed:     3 us, I/O:   2131 us, total:   7790 us, speed:  4692 KB/s, CRC: OK, Pattern: OK, Size: OK (0xC61C2AA0)
File /test_276.bin: opened:   357 us, closed:     3 us, I/O:   2138 us, total:   7848 us, speed:  4677 KB/s, CRC: OK, Pattern: OK, Size: OK (0xC61C2AA0)
File /test_277.bin: opened:   360 us, closed:     3 us, I/O:   2133 us, total:   7772 us, speed:  4688 KB/s, CRC: OK, Pattern: OK, Size: OK (0xC61C2AA0)
File /test_278.bin: opened:   356 us, closed:     3 us, I/O:   2149 us, total:   7781 us, speed:  4653 KB/s, CRC: OK, Pattern: OK, Size: OK (0xC61C2AA0)
File /test_279.bin: opened:   351 us, closed:     3 us, I/O:   2163 us, total:   7751 us, speed:  4623 KB/s, CRC: OK, Pattern: OK, Size: OK (0xC61C2AA0)
File /test_280.bin: opened:   348 us, closed:     3 us, I/O:   2137 us, total:   7761 us, speed:  4679 KB/s, CRC: OK, Pattern: OK, Size: OK (0xC61C2AA0)
File /test_281.bin: opened:   348 us, closed:     3 us, I/O:   2137 us, total:   7814 us, speed:  4679 KB/s, CRC: OK, Pattern: OK, Size: OK (0xC61C2AA0)
File /test_282.bin: opened:   354 us, closed:     3 us, I/O:   7954 us, total:  13577 us, speed:  1257 KB/s, CRC: OK, Pattern: OK, Size: OK (0xC61C2AA0)
File /test_283.bin: opened:   358 us, closed:     3 us, I/O:   2191 us, total:   7843 us, speed:  4564 KB/s, CRC: OK, Pattern: OK, Size: OK (0xC61C2AA0)
File /test_284.bin: opened:   356 us, closed:     3 us, I/O:   2140 us, total:   7761 us, speed:  4672 KB/s, CRC: OK, Pattern: OK, Size: OK (0xC61C2AA0)
File /test_285.bin: opened:   356 us, closed:     3 us, I/O:   2148 us, total:   7839 us, speed:  4655 KB/s, CRC: OK, Pattern: OK, Size: OK (0xC61C2AA0)
File /test_286.bin: opened:   349 us, closed:     3 us, I/O:   2134 us, total:   7737 us, speed:  4686 KB/s, CRC: OK, Pattern: OK, Size: OK (0xC61C2AA0)
File /test_287.bin: opened:   345 us, closed:     3 us, I/O:   2148 us, total:   7778 us, speed:  4655 KB/s, CRC: OK, Pattern: OK, Size: OK (0xC61C2AA0)
File /test_288.bin: opened:   341 us, closed:     3 us, I/O:   2135 us, total:   7791 us, speed:  4683 KB/s, CRC: OK, Pattern: OK, Size: OK (0xC61C2AA0)
File /test_289.bin: opened:   340 us, closed:     3 us, I/O:   2145 us, total:   7766 us, speed:  4662 KB/s, CRC: OK, Pattern: OK, Size: OK (0xC61C2AA0)
File /test_290.bin: opened:   341 us, closed:     3 us, I/O:   2146 us, total:   7783 us, speed:  4659 KB/s, CRC: OK, Pattern: OK, Size: OK (0xC61C2AA0)
File /test_291.bin: opened:   347 us, closed:     3 us, I/O:   2136 us, total:   7783 us, speed:  4681 KB/s, CRC: OK, Pattern: OK, Size: OK (0xC61C2AA0)
File /test_292.bin: opened:   346 us, closed:     3 us, I/O:   2143 us, total:  13737 us, speed:  4666 KB/s, CRC: OK, Pattern: OK, Size: OK (0xC61C2AA0)
File /test_293.bin: opened:   354 us, closed:     7 us, I/O:   2137 us, total:   7819 us, speed:  4679 KB/s, CRC: OK, Pattern: OK, Size: OK (0xC61C2AA0)
File /test_294.bin: opened:   349 us, closed:     3 us, I/O:   2135 us, total:   7802 us, speed:  4683 KB/s, CRC: OK, Pattern: OK, Size: OK (0xC61C2AA0)
File /test_295.bin: opened:   353 us, closed:     3 us, I/O:   2134 us, total:   7714 us, speed:  4686 KB/s, CRC: OK, Pattern: OK, Size: OK (0xC61C2AA0)
File /test_296.bin: opened:   345 us, closed:     3 us, I/O:   2149 us, total:   7794 us, speed:  4653 KB/s, CRC: OK, Pattern: OK, Size: OK (0xC61C2AA0)
File /test_297.bin: opened:   341 us, closed:     3 us, I/O:   2131 us, total:   7765 us, speed:  4692 KB/s, CRC: OK, Pattern: OK, Size: OK (0xC61C2AA0)
File /test_298.bin: opened:   341 us, closed:     3 us, I/O:   2142 us, total:   7767 us, speed:  4668 KB/s, CRC: OK, Pattern: OK, Size: OK (0xC61C2AA0)
File /test_299.bin: opened:   338 us, closed:     3 us, I/O:   2136 us, total:   7738 us, speed:  4681 KB/s, CRC: OK, Pattern: OK, Size: OK (0xC61C2AA0)
File /test_300.bin: opened:   321 us, closed:     3 us, I/O:   2140 us, total:   7781 us, speed:  4672 KB/s, CRC: OK, Pattern: OK, Size: OK (0xC61C2AA0)
File /test_301.bin: opened:   320 us, closed:     3 us, I/O:   2156 us, total:   7773 us, speed:  4638 KB/s, CRC: OK, Pattern: OK, Size: OK (0xC61C2AA0)
File /test_302.bin: opened:   319 us, closed:     3 us, I/O:   2134 us, total:   7780 us, speed:  4686 KB/s, CRC: OK, Pattern: OK, Size: OK (0xC61C2AA0)
File /test_303.bin: opened:   326 us, closed:     3 us, I/O:   2138 us, total:  13777 us, speed:  4677 KB/s, CRC: OK, Pattern: OK, Size: OK (0xC61C2AA0)
File /test_304.bin: opened:   329 us, closed:     3 us, I/O:   2151 us, total:   7764 us, speed:  4649 KB/s, CRC: OK, Pattern: OK, Size: OK (0xC61C2AA0)
File /test_305.bin: opened:   329 us, closed:     3 us, I/O:   2144 us, total:   7801 us, speed:  4664 KB/s, CRC: OK, Pattern: OK, Size: OK (0xC61C2AA0)
File /test_306.bin: opened:   332 us, closed:     3 us, I/O:   2133 us, total:   7757 us, speed:  4688 KB/s, CRC: OK, Pattern: OK, Size: OK (0xC61C2AA0)
File /test_307.bin: opened:   354 us, closed:     3 us, I/O:   2136 us, total:   7738 us, speed:  4681 KB/s, CRC: OK, Pattern: OK, Size: OK (0xC61C2AA0)
File /test_308.bin: opened:   341 us, closed:     3 us, I/O:   2131 us, total:   7757 us, speed:  4692 KB/s, CRC: OK, Pattern: OK, Size: OK (0xC61C2AA0)
File /test_309.bin: opened:   340 us, closed:     3 us, I/O:   2143 us, total:   7764 us, speed:  4666 KB/s, CRC: OK, Pattern: OK, Size: OK (0xC61C2AA0)
File /test_310.bin: opened:   316 us, closed:     3 us, I/O:   2141 us, total:   7780 us, speed:  4670 KB/s, CRC: OK, Pattern: OK, Size: OK (0xC61C2AA0)
File /test_311.bin: opened:   336 us, closed:     3 us, I/O:   2132 us, total:   7798 us, speed:  4690 KB/s, CRC: OK, Pattern: OK, Size: OK (0xC61C2AA0)
File /test_312.bin: opened:   332 us, closed:     3 us, I/O:   2139 us, total:   7756 us, speed:  4675 KB/s, CRC: OK, Pattern: OK, Size: OK (0xC61C2AA0)
File /test_313.bin: opened:   320 us, closed:     3 us, I/O:   2147 us, total:   7773 us, speed:  4657 KB/s, CRC: OK, Pattern: OK, Size: OK (0xC61C2AA0)
File /test_314.bin: opened:   322 us, closed:     3 us, I/O:   2139 us, total:  13663 us, speed:  4675 KB/s, CRC: OK, Pattern: OK, Size: OK (0xC61C2AA0)
File /test_315.bin: opened:   325 us, closed:     3 us, I/O:   2139 us, total:   7762 us, speed:  4675 KB/s, CRC: OK, Pattern: OK, Size: OK (0xC61C2AA0)
File /test_316.bin: opened:   332 us, closed:     3 us, I/O:   2139 us, total:   7783 us, speed:  4675 KB/s, CRC: OK, Pattern: OK, Size: OK (0xC61C2AA0)
File /test_317.bin: opened:   335 us, closed:     3 us, I/O:   2167 us, total:   7805 us, speed:  4614 KB/s, CRC: OK, Pattern: OK, Size: OK (0xC61C2AA0)
File /test_318.bin: opened:   339 us, closed:     3 us, I/O:   2142 us, total:   7776 us, speed:  4668 KB/s, CRC: OK, Pattern: OK, Size: OK (0xC61C2AA0)
File /test_319.bin: opened:   337 us, closed:     3 us, I/O:   2142 us, total:   7784 us, speed:  4668 KB/s, CRC: OK, Pattern: OK, Size: OK (0xC61C2AA0)
File /test_320.bin: opened:   315 us, closed:     3 us, I/O:   2145 us, total:   7752 us, speed:  4662 KB/s, CRC: OK, Pattern: OK, Size: OK (0xC61C2AA0)
File /test_321.bin: opened:   316 us, closed:     3 us, I/O:   2141 us, total:   7753 us, speed:  4670 KB/s, CRC: OK, Pattern: OK, Size: OK (0xC61C2AA0)
File /test_322.bin: opened:   320 us, closed:     3 us, I/O:   2143 us, total:   7741 us, speed:  4666 KB/s, CRC: OK, Pattern: OK, Size: OK (0xC61C2AA0)
File /test_323.bin: opened:   324 us, closed:     3 us, I/O:   2141 us, total:   7771 us, speed:  4670 KB/s, CRC: OK, Pattern: OK, Size: OK (0xC61C2AA0)
File /test_324.bin: opened:   328 us, closed:     3 us, I/O:   2134 us, total:  13689 us, speed:  4686 KB/s, CRC: OK, Pattern: OK, Size: OK (0xC61C2AA0)
File /test_325.bin: opened:   331 us, closed:     3 us, I/O:   2137 us, total:   7718 us, speed:  4679 KB/s, CRC: OK, Pattern: OK, Size: OK (0xC61C2AA0)
File /test_326.bin: opened:   330 us, closed:     3 us, I/O:   2131 us, total:   7798 us, speed:  4692 KB/s, CRC: OK, Pattern: OK, Size: OK (0xC61C2AA0)
File /test_327.bin: opened:   331 us, closed:     3 us, I/O:   2172 us, total:   7801 us, speed:  4604 KB/s, CRC: OK, Pattern: OK, Size: OK (0xC61C2AA0)
File /test_328.bin: opened:   335 us, closed:     3 us, I/O:   2141 us, total:   7790 us, speed:  4670 KB/s, CRC: OK, Pattern: OK, Size: OK (0xC61C2AA0)
File /test_329.bin: opened:   336 us, closed:     3 us, I/O:   2138 us, total:   7751 us, speed:  4677 KB/s, CRC: OK, Pattern: OK, Size: OK (0xC61C2AA0)
File /test_330.bin: opened:   312 us, closed:     3 us, I/O:   2135 us, total:   7712 us, speed:  4683 KB/s, CRC: OK, Pattern: OK, Size: OK (0xC61C2AA0)
File /test_331.bin: opened:   312 us, closed:     3 us, I/O:   2135 us, total:   7711 us, speed:  4683 KB/s, CRC: OK, Pattern: OK, Size: OK (0xC61C2AA0)
File /test_332.bin: opened:   315 us, closed:     3 us, I/O:   2138 us, total:   7789 us, speed:  4677 KB/s, CRC: OK, Pattern: OK, Size: OK (0xC61C2AA0)
File /test_333.bin: opened:   320 us, closed:     3 us, I/O:   2134 us, total:   7743 us, speed:  4686 KB/s, CRC: OK, Pattern: OK, Size: OK (0xC61C2AA0)
File /test_334.bin: opened:   323 us, closed:     3 us, I/O:   2146 us, total:   7761 us, speed:  4659 KB/s, CRC: OK, Pattern: OK, Size: OK (0xC61C2AA0)
File /test_335.bin: opened:   327 us, closed:     7 us, I/O:   2132 us, total:  13691 us, speed:  4690 KB/s, CRC: OK, Pattern: OK, Size: OK (0xC61C2AA0)
File /test_336.bin: opened:   327 us, closed:     3 us, I/O:   2147 us, total:   7724 us, speed:  4657 KB/s, CRC: OK, Pattern: OK, Size: OK (0xC61C2AA0)
File /test_337.bin: opened:   326 us, closed:     3 us, I/O:   2143 us, total:   7792 us, speed:  4666 KB/s, CRC: OK, Pattern: OK, Size: OK (0xC61C2AA0)
File /test_338.bin: opened:   331 us, closed:     3 us, I/O:   2147 us, total:   7724 us, speed:  4657 KB/s, CRC: OK, Pattern: OK, Size: OK (0xC61C2AA0)
File /test_339.bin: opened:   349 us, closed:     3 us, I/O:   2139 us, total:   7744 us, speed:  4675 KB/s, CRC: OK, Pattern: OK, Size: OK (0xC61C2AA0)
File /test_340.bin: opened:   315 us, closed:     3 us, I/O:   2159 us, total:   7810 us, speed:  4631 KB/s, CRC: OK, Pattern: OK, Size: OK (0xC61C2AA0)
File /test_341.bin: opened:   315 us, closed:     3 us, I/O:   2143 us, total:   7751 us, speed:  4666 KB/s, CRC: OK, Pattern: OK, Size: OK (0xC61C2AA0)
File /test_342.bin: opened:   318 us, closed:     3 us, I/O:   2137 us, total:   7729 us, speed:  4679 KB/s, CRC: OK, Pattern: OK, Size: OK (0xC61C2AA0)
File /test_343.bin: opened:   374 us, closed:     3 us, I/O:   2131 us, total:   7791 us, speed:  4692 KB/s, CRC: OK, Pattern: OK, Size: OK (0xC61C2AA0)
File /test_344.bin: opened:   344 us, closed:     3 us, I/O:   2132 us, total:   7740 us, speed:  4690 KB/s, CRC: OK, Pattern: OK, Size: OK (0xC61C2AA0)
File /test_345.bin: opened:   330 us, closed:     3 us, I/O:   2137 us, total:   7757 us, speed:  4679 KB/s, CRC: OK, Pattern: OK, Size: OK (0xC61C2AA0)
File /test_346.bin: opened:   326 us, closed:     3 us, I/O:   8074 us, total:  13657 us, speed:  1238 KB/s, CRC: OK, Pattern: OK, Size: OK (0xC61C2AA0)
File /test_347.bin: opened:   326 us, closed:     3 us, I/O:   2142 us, total:   7764 us, speed:  4668 KB/s, CRC: OK, Pattern: OK, Size: OK (0xC61C2AA0)
File /test_348.bin: opened:   325 us, closed:     3 us, I/O:   2140 us, total:   7827 us, speed:  4672 KB/s, CRC: OK, Pattern: OK, Size: OK (0xC61C2AA0)
File /test_349.bin: opened:   329 us, closed:     3 us, I/O:   2141 us, total:   7773 us, speed:  4670 KB/s, CRC: OK, Pattern: OK, Size: OK (0xC61C2AA0)
File /test_350.bin: opened:   309 us, closed:     3 us, I/O:   2142 us, total:   7681 us, speed:  4668 KB/s, CRC: OK, Pattern: OK, Size: OK (0xC61C2AA0)
File /test_351.bin: opened:   314 us, closed:     3 us, I/O:   2146 us, total:   7750 us, speed:  4659 KB/s, CRC: OK, Pattern: OK, Size: OK (0xC61C2AA0)
File /test_352.bin: opened:   317 us, closed:     3 us, I/O:   2148 us, total:   7735 us, speed:  4655 KB/s, CRC: OK, Pattern: OK, Size: OK (0xC61C2AA0)
File /test_353.bin: opened:   317 us, closed:     3 us, I/O:   2146 us, total:   7782 us, speed:  4659 KB/s, CRC: OK, Pattern: OK, Size: OK (0xC61C2AA0)
File /test_354.bin: opened:   320 us, closed:     3 us, I/O:   2142 us, total:   7842 us, speed:  4668 KB/s, CRC: OK, Pattern: OK, Size: OK (0xC61C2AA0)
File /test_355.bin: opened:   327 us, closed:     3 us, I/O:   2144 us, total:   7728 us, speed:  4664 KB/s, CRC: OK, Pattern: OK, Size: OK (0xC61C2AA0)
File /test_356.bin: opened:   346 us, closed:     3 us, I/O:   2139 us, total:  13729 us, speed:  4675 KB/s, CRC: OK, Pattern: OK, Size: OK (0xC61C2AA0)
File /test_357.bin: opened:   322 us, closed:     3 us, I/O:   2143 us, total:   7761 us, speed:  4666 KB/s, CRC: OK, Pattern: OK, Size: OK (0xC61C2AA0)
File /test_358.bin: opened:   325 us, closed:     3 us, I/O:   2136 us, total:   7745 us, speed:  4681 KB/s, CRC: OK, Pattern: OK, Size: OK (0xC61C2AA0)
File /test_359.bin: opened:   318 us, closed:     3 us, I/O:   2138 us, total:   7727 us, speed:  4677 KB/s, CRC: OK, Pattern: OK, Size: OK (0xC61C2AA0)
File /test_360.bin: opened:   313 us, closed:     3 us, I/O:   2142 us, total:   7747 us, speed:  4668 KB/s, CRC: OK, Pattern: OK, Size: OK (0xC61C2AA0)
File /test_361.bin: opened:   311 us, closed:     3 us, I/O:   2144 us, total:   7777 us, speed:  4664 KB/s, CRC: OK, Pattern: OK, Size: OK (0xC61C2AA0)
File /test_362.bin: opened:   314 us, closed:     3 us, I/O:   2141 us, total:   7769 us, speed:  4670 KB/s, CRC: OK, Pattern: OK, Size: OK (0xC61C2AA0)
File /test_363.bin: opened:   320 us, closed:     3 us, I/O:   2132 us, total:   7730 us, speed:  4690 KB/s, CRC: OK, Pattern: OK, Size: OK (0xC61C2AA0)
File /test_364.bin: opened:   319 us, closed:     3 us, I/O:   2139 us, total:   7718 us, speed:  4675 KB/s, CRC: OK, Pattern: OK, Size: OK (0xC61C2AA0)
File /test_365.bin: opened:   320 us, closed:     3 us, I/O:   2144 us, total:   7768 us, speed:  4664 KB/s, CRC: OK, Pattern: OK, Size: OK (0xC61C2AA0)
File /test_366.bin: opened:   322 us, closed:     3 us, I/O:   2135 us, total:   7724 us, speed:  4683 KB/s, CRC: OK, Pattern: OK, Size: OK (0xC61C2AA0)
File /test_367.bin: opened:   318 us, closed:     3 us, I/O:   2141 us, total:  13699 us, speed:  4670 KB/s, CRC: OK, Pattern: OK, Size: OK (0xC61C2AA0)
File /test_368.bin: opened:   311 us, closed:     3 us, I/O:   2137 us, total:   7799 us, speed:  4679 KB/s, CRC: OK, Pattern: OK, Size: OK (0xC61C2AA0)
File /test_369.bin: opened:   310 us, closed:     3 us, I/O:   2144 us, total:   7734 us, speed:  4664 KB/s, CRC: OK, Pattern: OK, Size: OK (0xC61C2AA0)
File /test_370.bin: opened:   304 us, closed:     3 us, I/O:   2141 us, total:   7718 us, speed:  4670 KB/s, CRC: OK, Pattern: OK, Size: OK (0xC61C2AA0)
File /test_371.bin: opened:   306 us, closed:     3 us, I/O:   2145 us, total:   7744 us, speed:  4662 KB/s, CRC: OK, Pattern: OK, Size: OK (0xC61C2AA0)
File /test_372.bin: opened:   310 us, closed:     3 us, I/O:   2147 us, total:   7773 us, speed:  4657 KB/s, CRC: OK, Pattern: OK, Size: OK (0xC61C2AA0)
File /test_373.bin: opened:   313 us, closed:     3 us, I/O:   2137 us, total:   7772 us, speed:  4679 KB/s, CRC: OK, Pattern: OK, Size: OK (0xC61C2AA0)
File /test_374.bin: opened:   320 us, closed:     3 us, I/O:   2145 us, total:   7804 us, speed:  4662 KB/s, CRC: OK, Pattern: OK, Size: OK (0xC61C2AA0)
File /test_375.bin: opened:   316 us, closed:     3 us, I/O:   2141 us, total:   7739 us, speed:  4670 KB/s, CRC: OK, Pattern: OK, Size: OK (0xC61C2AA0)
File /test_376.bin: opened:   314 us, closed:     3 us, I/O:   2133 us, total:   7740 us, speed:  4688 KB/s, CRC: OK, Pattern: OK, Size: OK (0xC61C2AA0)
File /test_377.bin: opened:   311 us, closed:     3 us, I/O:   2134 us, total:   7754 us, speed:  4686 KB/s, CRC: OK, Pattern: OK, Size: OK (0xC61C2AA0)
File /test_378.bin: opened:   308 us, closed:     3 us, I/O:   8059 us, total:  13636 us, speed:  1240 KB/s, CRC: OK, Pattern: OK, Size: OK (0xC61C2AA0)
File /test_379.bin: opened:   325 us, closed:     3 us, I/O:   2132 us, total:   7724 us, speed:  4690 KB/s, CRC: OK, Pattern: OK, Size: OK (0xC61C2AA0)
File /test_380.bin: opened:   304 us, closed:     3 us, I/O:   2152 us, total:   7739 us, speed:  4646 KB/s, CRC: OK, Pattern: OK, Size: OK (0xC61C2AA0)
File /test_381.bin: opened:   306 us, closed:     3 us, I/O:   2142 us, total:   7753 us, speed:  4668 KB/s, CRC: OK, Pattern: OK, Size: OK (0xC61C2AA0)
File /test_382.bin: opened:   309 us, closed:     3 us, I/O:   2143 us, total:   7781 us, speed:  4666 KB/s, CRC: OK, Pattern: OK, Size: OK (0xC61C2AA0)
File /test_383.bin: opened:   312 us, closed:     3 us, I/O:   2144 us, total:   7738 us, speed:  4664 KB/s, CRC: OK, Pattern: OK, Size: OK (0xC61C2AA0)
File /test_384.bin: opened:   337 us, closed:     3 us, I/O:   2132 us, total:   7718 us, speed:  4690 KB/s, CRC: OK, Pattern: OK, Size: OK (0xC61C2AA0)
File /test_385.bin: opened:   311 us, closed:     3 us, I/O:   2139 us, total:   7748 us, speed:  4675 KB/s, CRC: OK, Pattern: OK, Size: OK (0xC61C2AA0)
File /test_386.bin: opened:   308 us, closed:     3 us, I/O:   2134 us, total:   7731 us, speed:  4686 KB/s, CRC: OK, Pattern: OK, Size: OK (0xC61C2AA0)
File /test_387.bin: opened:   304 us, closed:     3 us, I/O:   2135 us, total:   7717 us, speed:  4683 KB/s, CRC: OK, Pattern: OK, Size: OK (0xC61C2AA0)
File /test_388.bin: opened:   318 us, closed:     3 us, I/O:   2136 us, total:  13733 us, speed:  4681 KB/s, CRC: OK, Pattern: OK, Size: OK (0xC61C2AA0)
File /test_389.bin: opened:   297 us, closed:     3 us, I/O:   2145 us, total:   7736 us, speed:  4662 KB/s, CRC: OK, Pattern: OK, Size: OK (0xC61C2AA0)
File /test_390.bin: opened:   300 us, closed:     3 us, I/O:   2136 us, total:   7730 us, speed:  4681 KB/s, CRC: OK, Pattern: OK, Size: OK (0xC61C2AA0)
File /test_391.bin: opened:   303 us, closed:     3 us, I/O:   2142 us, total:   7754 us, speed:  4668 KB/s, CRC: OK, Pattern: OK, Size: OK (0xC61C2AA0)
File /test_392.bin: opened:   310 us, closed:     3 us, I/O:   2136 us, total:   7711 us, speed:  4681 KB/s, CRC: OK, Pattern: OK, Size: OK (0xC61C2AA0)
File /test_393.bin: opened:   308 us, closed:     3 us, I/O:   2140 us, total:   7745 us, speed:  4672 KB/s, CRC: OK, Pattern: OK, Size: OK (0xC61C2AA0)
File /test_394.bin: opened:   311 us, closed:     3 us, I/O:   2133 us, total:   7752 us, speed:  4688 KB/s, CRC: OK, Pattern: OK, Size: OK (0xC61C2AA0)
File /test_395.bin: opened:   311 us, closed:     3 us, I/O:   2138 us, total:   7717 us, speed:  4677 KB/s, CRC: OK, Pattern: OK, Size: OK (0xC61C2AA0)
File /test_396.bin: opened:   304 us, closed:     3 us, I/O:   2148 us, total:   7729 us, speed:  4655 KB/s, CRC: OK, Pattern: OK, Size: OK (0xC61C2AA0)
File /test_397.bin: opened:   301 us, closed:     3 us, I/O:   2131 us, total:   7689 us, speed:  4692 KB/s, CRC: OK, Pattern: OK, Size: OK (0xC61C2AA0)
File /test_398.bin: opened:   297 us, closed:     3 us, I/O:   2136 us, total:   7736 us, speed:  4681 KB/s, CRC: OK, Pattern: OK, Size: OK (0xC61C2AA0)
File /test_399.bin: opened:   293 us, closed:     3 us, I/O:   2143 us, total:  13649 us, speed:  4666 KB/s, CRC: OK, Pattern: OK, Size: OK (0xC61C2AA0)
File /test_400.bin: opened:   283 us, closed:     3 us, I/O:   2147 us, total:   7683 us, speed:  4657 KB/s, CRC: OK, Pattern: OK, Size: OK (0xC61C2AA0)
File /test_401.bin: opened:   282 us, closed:     3 us, I/O:   2134 us, total:   7731 us, speed:  4686 KB/s, CRC: OK, Pattern: OK, Size: OK (0xC61C2AA0)
File /test_402.bin: opened:   283 us, closed:     3 us, I/O:   2147 us, total:   7751 us, speed:  4657 KB/s, CRC: OK, Pattern: OK, Size: OK (0xC61C2AA0)
File /test_403.bin: opened:   285 us, closed:     3 us, I/O:   2138 us, total:   7668 us, speed:  4677 KB/s, CRC: OK, Pattern: OK, Size: OK (0xC61C2AA0)
File /test_404.bin: opened:   288 us, closed:     3 us, I/O:   2131 us, total:   7710 us, speed:  4692 KB/s, CRC: OK, Pattern: OK, Size: OK (0xC61C2AA0)
File /test_405.bin: opened:   292 us, closed:     3 us, I/O:   2145 us, total:   7721 us, speed:  4662 KB/s, CRC: OK, Pattern: OK, Size: OK (0xC61C2AA0)
File /test_406.bin: opened:   295 us, closed:     3 us, I/O:   2132 us, total:   7692 us, speed:  4690 KB/s, CRC: OK, Pattern: OK, Size: OK (0xC61C2AA0)
File /test_407.bin: opened:   297 us, closed:     3 us, I/O:   2138 us, total:   7742 us, speed:  4677 KB/s, CRC: OK, Pattern: OK, Size: OK (0xC61C2AA0)
File /test_408.bin: opened:   297 us, closed:     3 us, I/O:   2130 us, total:   7663 us, speed:  4694 KB/s, CRC: OK, Pattern: OK, Size: OK (0xC61C2AA0)
File /test_409.bin: opened:   320 us, closed:     3 us, I/O:   2135 us, total:   7791 us, speed:  4683 KB/s, CRC: OK, Pattern: OK, Size: OK (0xC61C2AA0)
File /test_410.bin: opened:   282 us, closed:     3 us, I/O:   7981 us, total:  13556 us, speed:  1252 KB/s, CRC: OK, Pattern: OK, Size: OK (0xC61C2AA0)
File /test_411.bin: opened:   275 us, closed:     3 us, I/O:   2132 us, total:   7690 us, speed:  4690 KB/s, CRC: OK, Pattern: OK, Size: OK (0xC61C2AA0)
File /test_412.bin: opened:   277 us, closed:     7 us, I/O:   2137 us, total:   7729 us, speed:  4679 KB/s, CRC: OK, Pattern: OK, Size: OK (0xC61C2AA0)
File /test_413.bin: opened:   279 us, closed:     3 us, I/O:   2142 us, total:   7683 us, speed:  4668 KB/s, CRC: OK, Pattern: OK, Size: OK (0xC61C2AA0)
File /test_414.bin: opened:   281 us, closed:     3 us, I/O:   2146 us, total:   7690 us, speed:  4659 KB/s, CRC: OK, Pattern: OK, Size: OK (0xC61C2AA0)
File /test_415.bin: opened:   287 us, closed:     3 us, I/O:   2143 us, total:   7755 us, speed:  4666 KB/s, CRC: OK, Pattern: OK, Size: OK (0xC61C2AA0)
File /test_416.bin: opened:   290 us, closed:     3 us, I/O:   2146 us, total:   7759 us, speed:  4659 KB/s, CRC: OK, Pattern: OK, Size: OK (0xC61C2AA0)
File /test_417.bin: opened:   294 us, closed:     3 us, I/O:   2171 us, total:   7786 us, speed:  4606 KB/s, CRC: OK, Pattern: OK, Size: OK (0xC61C2AA0)
File /test_418.bin: opened:   294 us, closed:     3 us, I/O:   2143 us, total:   7756 us, speed:  4666 KB/s, CRC: OK, Pattern: OK, Size: OK (0xC61C2AA0)
File /test_419.bin: opened:   291 us, closed:     3 us, I/O:   2143 us, total:   7711 us, speed:  4666 KB/s, CRC: OK, Pattern: OK, Size: OK (0xC61C2AA0)
File /test_420.bin: opened:   278 us, closed:     3 us, I/O:   2150 us, total:   7696 us, speed:  4651 KB/s, CRC: OK, Pattern: OK, Size: OK (0xC61C2AA0)
File /test_421.bin: opened:   274 us, closed:     7 us, I/O:   2137 us, total:  13701 us, speed:  4679 KB/s, CRC: OK, Pattern: OK, Size: OK (0xC61C2AA0)
File /test_422.bin: opened:   278 us, closed:     3 us, I/O:   2134 us, total:   7736 us, speed:  4686 KB/s, CRC: OK, Pattern: OK, Size: OK (0xC61C2AA0)
File /test_423.bin: opened:   283 us, closed:     3 us, I/O:   2143 us, total:   7717 us, speed:  4666 KB/s, CRC: OK, Pattern: OK, Size: OK (0xC61C2AA0)
File /test_424.bin: opened:   287 us, closed:     5 us, I/O:   2140 us, total:   7728 us, speed:  4672 KB/s, CRC: OK, Pattern: OK, Size: OK (0xC61C2AA0)
File /test_425.bin: opened:   290 us, closed:     3 us, I/O:   2149 us, total:   7751 us, speed:  4653 KB/s, CRC: OK, Pattern: OK, Size: OK (0xC61C2AA0)
File /test_426.bin: opened:   293 us, closed:     3 us, I/O:   2143 us, total:   7707 us, speed:  4666 KB/s, CRC: OK, Pattern: OK, Size: OK (0xC61C2AA0)
File /test_427.bin: opened:   294 us, closed:     3 us, I/O:   2140 us, total:   7733 us, speed:  4672 KB/s, CRC: OK, Pattern: OK, Size: OK (0xC61C2AA0)
File /test_428.bin: opened:   288 us, closed:     3 us, I/O:   2141 us, total:   7722 us, speed:  4670 KB/s, CRC: OK, Pattern: OK, Size: OK (0xC61C2AA0)
File /test_429.bin: opened:   291 us, closed:     3 us, I/O:   2145 us, total:   7695 us, speed:  4662 KB/s, CRC: OK, Pattern: OK, Size: OK (0xC61C2AA0)
File /test_430.bin: opened:   274 us, closed:     3 us, I/O:   2136 us, total:   7765 us, speed:  4681 KB/s, CRC: OK, Pattern: OK, Size: OK (0xC61C2AA0)
File /test_431.bin: opened:   272 us, closed:     3 us, I/O:   2136 us, total:  13682 us, speed:  4681 KB/s, CRC: OK, Pattern: OK, Size: OK (0xC61C2AA0)
File /test_432.bin: opened:   274 us, closed:     3 us, I/O:   2143 us, total:   7683 us, speed:  4666 KB/s, CRC: OK, Pattern: OK, Size: OK (0xC61C2AA0)
File /test_433.bin: opened:   276 us, closed:     3 us, I/O:   2143 us, total:   7714 us, speed:  4666 KB/s, CRC: OK, Pattern: OK, Size: OK (0xC61C2AA0)
File /test_434.bin: opened:   283 us, closed:     3 us, I/O:   2134 us, total:   7703 us, speed:  4686 KB/s, CRC: OK, Pattern: OK, Size: OK (0xC61C2AA0)
File /test_435.bin: opened:   288 us, closed:     3 us, I/O:   2144 us, total:   7702 us, speed:  4664 KB/s, CRC: OK, Pattern: OK, Size: OK (0xC61C2AA0)
File /test_436.bin: opened:   289 us, closed:     3 us, I/O:   2140 us, total:   7743 us, speed:  4672 KB/s, CRC: OK, Pattern: OK, Size: OK (0xC61C2AA0)
File /test_437.bin: opened:   285 us, closed:     3 us, I/O:   2143 us, total:   7694 us, speed:  4666 KB/s, CRC: OK, Pattern: OK, Size: OK (0xC61C2AA0)
File /test_438.bin: opened:   289 us, closed:     3 us, I/O:   2144 us, total:   7736 us, speed:  4664 KB/s, CRC: OK, Pattern: OK, Size: OK (0xC61C2AA0)
File /test_439.bin: opened:   287 us, closed:     3 us, I/O:   2145 us, total:   7739 us, speed:  4662 KB/s, CRC: OK, Pattern: OK, Size: OK (0xC61C2AA0)
File /test_440.bin: opened:   271 us, closed:     3 us, I/O:   2144 us, total:   7776 us, speed:  4664 KB/s, CRC: OK, Pattern: OK, Size: OK (0xC61C2AA0)
File /test_441.bin: opened:   270 us, closed:     3 us, I/O:   2131 us, total:   7722 us, speed:  4692 KB/s, CRC: OK, Pattern: OK, Size: OK (0xC61C2AA0)
File /test_442.bin: opened:   273 us, closed:     3 us, I/O:   2174 us, total:  13703 us, speed:  4599 KB/s, CRC: OK, Pattern: OK, Size: OK (0xC61C2AA0)
File /test_443.bin: opened:   281 us, closed:     3 us, I/O:   2136 us, total:   7727 us, speed:  4681 KB/s, CRC: OK, Pattern: OK, Size: OK (0xC61C2AA0)
File /test_444.bin: opened:   283 us, closed:     3 us, I/O:   2140 us, total:   7712 us, speed:  4672 KB/s, CRC: OK, Pattern: OK, Size: OK (0xC61C2AA0)
File /test_445.bin: opened:   282 us, closed:     3 us, I/O:   2139 us, total:   7714 us, speed:  4675 KB/s, CRC: OK, Pattern: OK, Size: OK (0xC61C2AA0)
File /test_446.bin: opened:   285 us, closed:     3 us, I/O:   2134 us, total:   7711 us, speed:  4686 KB/s, CRC: OK, Pattern: OK, Size: OK (0xC61C2AA0)
File /test_447.bin: opened:   285 us, closed:     3 us, I/O:   2145 us, total:   7759 us, speed:  4662 KB/s, CRC: OK, Pattern: OK, Size: OK (0xC61C2AA0)
File /test_448.bin: opened:   282 us, closed:     3 us, I/O:   2136 us, total:   7700 us, speed:  4681 KB/s, CRC: OK, Pattern: OK, Size: OK (0xC61C2AA0)
File /test_449.bin: opened:   278 us, closed:     3 us, I/O:   2143 us, total:   7684 us, speed:  4666 KB/s, CRC: OK, Pattern: OK, Size: OK (0xC61C2AA0)
File /test_450.bin: opened:   270 us, closed:     3 us, I/O:   2148 us, total:   7651 us, speed:  4655 KB/s, CRC: OK, Pattern: OK, Size: OK (0xC61C2AA0)
File /test_451.bin: opened:   274 us, closed:     3 us, I/O:   2136 us, total:   7666 us, speed:  4681 KB/s, CRC: OK, Pattern: OK, Size: OK (0xC61C2AA0)
File /test_452.bin: opened:   273 us, closed:     3 us, I/O:   2136 us, total:   7727 us, speed:  4681 KB/s, CRC: OK, Pattern: OK, Size: OK (0xC61C2AA0)
File /test_453.bin: opened:   274 us, closed:     3 us, I/O:   7982 us, total:  13505 us, speed:  1252 KB/s, CRC: OK, Pattern: OK, Size: OK (0xC61C2AA0)
File /test_454.bin: opened:   279 us, closed:     3 us, I/O:   2148 us, total:   7700 us, speed:  4655 KB/s, CRC: OK, Pattern: OK, Size: OK (0xC61C2AA0)
File /test_455.bin: opened:   282 us, closed:     3 us, I/O:   2140 us, total:   7712 us, speed:  4672 KB/s, CRC: OK, Pattern: OK, Size: OK (0xC61C2AA0)
File /test_456.bin: opened:   279 us, closed:     3 us, I/O:   2139 us, total:   7745 us, speed:  4675 KB/s, CRC: OK, Pattern: OK, Size: OK (0xC61C2AA0)
File /test_457.bin: opened:   302 us, closed:     3 us, I/O:   2135 us, total:   7672 us, speed:  4683 KB/s, CRC: OK, Pattern: OK, Size: OK (0xC61C2AA0)
File /test_458.bin: opened:   273 us, closed:     3 us, I/O:   2160 us, total:   7784 us, speed:  4629 KB/s, CRC: OK, Pattern: OK, Size: OK (0xC61C2AA0)
File /test_459.bin: opened:   270 us, closed:     3 us, I/O:   2133 us, total:   7746 us, speed:  4688 KB/s, CRC: OK, Pattern: OK, Size: OK (0xC61C2AA0)
File /test_460.bin: opened:   267 us, closed:     3 us, I/O:   2140 us, total:   7740 us, speed:  4672 KB/s, CRC: OK, Pattern: OK, Size: OK (0xC61C2AA0)
File /test_461.bin: opened:   267 us, closed:     3 us, I/O:   2138 us, total:   7668 us, speed:  4677 KB/s, CRC: OK, Pattern: OK, Size: OK (0xC61C2AA0)
File /test_462.bin: opened:   272 us, closed:     3 us, I/O:   2133 us, total:   7692 us, speed:  4688 KB/s, CRC: OK, Pattern: OK, Size: OK (0xC61C2AA0)
File /test_463.bin: opened:   275 us, closed:     3 us, I/O:   2136 us, total:   7706 us, speed:  4681 KB/s, CRC: OK, Pattern: OK, Size: OK (0xC61C2AA0)
File /test_464.bin: opened:   275 us, closed:     3 us, I/O:   2138 us, total:   7761 us, speed:  4677 KB/s, CRC: OK, Pattern: OK, Size: OK (0xC61C2AA0)
File /test_465.bin: opened:   295 us, closed:     3 us, I/O:   2138 us, total:   7717 us, speed:  4677 KB/s, CRC: OK, Pattern: OK, Size: OK (0xC61C2AA0)
File /test_466.bin: opened:   278 us, closed:     3 us, I/O:   2151 us, total:   7730 us, speed:  4649 KB/s, CRC: OK, Pattern: OK, Size: OK (0xC61C2AA0)
File /test_467.bin: opened:   274 us, closed:     3 us, I/O:   2135 us, total:   7683 us, speed:  4683 KB/s, CRC: OK, Pattern: OK, Size: OK (0xC61C2AA0)
File /test_468.bin: opened:   267 us, closed:     3 us, I/O:   2143 us, total:   7747 us, speed:  4666 KB/s, CRC: OK, Pattern: OK, Size: OK (0xC61C2AA0)
File /test_469.bin: opened:   265 us, closed:     3 us, I/O:   2142 us, total:   7653 us, speed:  4668 KB/s, CRC: OK, Pattern: OK, Size: OK (0xC61C2AA0)
File /test_470.bin: opened:   263 us, closed:     3 us, I/O:   2160 us, total:   7711 us, speed:  4629 KB/s, CRC: OK, Pattern: OK, Size: OK (0xC61C2AA0)
File /test_471.bin: opened:   265 us, closed:     3 us, I/O:   2148 us, total:   7781 us, speed:  4655 KB/s, CRC: OK, Pattern: OK, Size: OK (0xC61C2AA0)
File /test_472.bin: opened:   265 us, closed:     3 us, I/O:   2133 us, total:   7738 us, speed:  4688 KB/s, CRC: OK, Pattern: OK, Size: OK (0xC61C2AA0)
File /test_473.bin: opened:   272 us, closed:     3 us, I/O:   2136 us, total:   7688 us, speed:  4681 KB/s, CRC: OK, Pattern: OK, Size: OK (0xC61C2AA0)
File /test_474.bin: opened:   276 us, closed:     3 us, I/O:   2142 us, total:  13645 us, speed:  4668 KB/s, CRC: OK, Pattern: OK, Size: OK (0xC61C2AA0)
File /test_475.bin: opened:   274 us, closed:     3 us, I/O:   2137 us, total:   7735 us, speed:  4679 KB/s, CRC: OK, Pattern: OK, Size: OK (0xC61C2AA0)
File /test_476.bin: opened:   273 us, closed:     3 us, I/O:   2145 us, total:   7682 us, speed:  4662 KB/s, CRC: OK, Pattern: OK, Size: OK (0xC61C2AA0)
File /test_477.bin: opened:   303 us, closed:     3 us, I/O:   2139 us, total:   7694 us, speed:  4675 KB/s, CRC: OK, Pattern: OK, Size: OK (0xC61C2AA0)
File /test_478.bin: opened:   263 us, closed:     3 us, I/O:   2179 us, total:   7743 us, speed:  4589 KB/s, CRC: OK, Pattern: OK, Size: OK (0xC61C2AA0)
File /test_479.bin: opened:   259 us, closed:     3 us, I/O:   2135 us, total:   7987 us, speed:  4683 KB/s, CRC: OK, Pattern: OK, Size: OK (0xC61C2AA0)
File /test_480.bin: opened:   262 us, closed:     3 us, I/O:   2139 us, total:   7705 us, speed:  4675 KB/s, CRC: OK, Pattern: OK, Size: OK (0xC61C2AA0)
File /test_481.bin: opened:   265 us, closed:     3 us, I/O:   2134 us, total:   7704 us, speed:  4686 KB/s, CRC: OK, Pattern: OK, Size: OK (0xC61C2AA0)
File /test_482.bin: opened:   300 us, closed:     3 us, I/O:   2147 us, total:   7708 us, speed:  4657 KB/s, CRC: OK, Pattern: OK, Size: OK (0xC61C2AA0)
File /test_483.bin: opened:   272 us, closed:     3 us, I/O:   2148 us, total:   7722 us, speed:  4655 KB/s, CRC: OK, Pattern: OK, Size: OK (0xC61C2AA0)
File /test_484.bin: opened:   267 us, closed:     3 us, I/O:   2144 us, total:   7737 us, speed:  4664 KB/s, CRC: OK, Pattern: OK, Size: OK (0xC61C2AA0)
File /test_485.bin: opened:   267 us, closed:     3 us, I/O:   2150 us, total:  13651 us, speed:  4651 KB/s, CRC: OK, Pattern: OK, Size: OK (0xC61C2AA0)
File /test_486.bin: opened:   263 us, closed:     3 us, I/O:   2139 us, total:   7804 us, speed:  4675 KB/s, CRC: OK, Pattern: OK, Size: OK (0xC61C2AA0)
File /test_487.bin: opened:   261 us, closed:     3 us, I/O:   2145 us, total:   7712 us, speed:  4662 KB/s, CRC: OK, Pattern: OK, Size: OK (0xC61C2AA0)
File /test_488.bin: opened:   255 us, closed:     3 us, I/O:   2145 us, total:   7717 us, speed:  4662 KB/s, CRC: OK, Pattern: OK, Size: OK (0xC61C2AA0)
File /test_489.bin: opened:   252 us, closed:     3 us, I/O:   2149 us, total:   7669 us, speed:  4653 KB/s, CRC: OK, Pattern: OK, Size: OK (0xC61C2AA0)
File /test_490.bin: opened:   262 us, closed:     3 us, I/O:   2145 us, total:   7691 us, speed:  4662 KB/s, CRC: OK, Pattern: OK, Size: OK (0xC61C2AA0)
File /test_491.bin: opened:   260 us, closed:     3 us, I/O:   2146 us, total:   7722 us, speed:  4659 KB/s, CRC: OK, Pattern: OK, Size: OK (0xC61C2AA0)
File /test_492.bin: opened:   261 us, closed:     3 us, I/O:   2147 us, total:   7708 us, speed:  4657 KB/s, CRC: OK, Pattern: OK, Size: OK (0xC61C2AA0)
File /test_493.bin: opened:   267 us, closed:     3 us, I/O:   2139 us, total:   7725 us, speed:  4675 KB/s, CRC: OK, Pattern: OK, Size: OK (0xC61C2AA0)
File /test_494.bin: opened:   267 us, closed:     3 us, I/O:   2138 us, total:   7650 us, speed:  4677 KB/s, CRC: OK, Pattern: OK, Size: OK (0xC61C2AA0)
File /test_495.bin: opened:   268 us, closed:     3 us, I/O:   2132 us, total:   7663 us, speed:  4690 KB/s, CRC: OK, Pattern: OK, Size: OK (0xC61C2AA0)
File /test_496.bin: opened:   259 us, closed:     3 us, I/O:   7982 us, total:  13483 us, speed:  1252 KB/s, CRC: OK, Pattern: OK, Size: OK (0xC61C2AA0)
File /test_497.bin: opened:   260 us, closed:     3 us, I/O:   2145 us, total:   7710 us, speed:  4662 KB/s, CRC: OK, Pattern: OK, Size: OK (0xC61C2AA0)
File /test_498.bin: opened:   253 us, closed:     3 us, I/O:   2166 us, total:   7690 us, speed:  4616 KB/s, CRC: OK, Pattern: OK, Size: OK (0xC61C2AA0)
File /test_499.bin: opened:   252 us, closed:     3 us, I/O:   2138 us, total:   7680 us, speed:  4677 KB/s, CRC: OK, Pattern: OK, Size: OK (0xC61C2AA0)
File /test_500.bin: opened:   241 us, closed:     3 us, I/O:   2148 us, total:   7672 us, speed:  4655 KB/s, CRC: OK, Pattern: OK, Size: OK (0xC61C2AA0)
File /test_501.bin: opened:   241 us, closed:     3 us, I/O:   2143 us, total:   7652 us, speed:  4666 KB/s, CRC: OK, Pattern: OK, Size: OK (0xC61C2AA0)
File /test_502.bin: opened:   265 us, closed:     3 us, I/O:   2149 us, total:   7713 us, speed:  4653 KB/s, CRC: OK, Pattern: OK, Size: OK (0xC61C2AA0)
File /test_503.bin: opened:   243 us, closed:     3 us, I/O:   2135 us, total:   7660 us, speed:  4683 KB/s, CRC: OK, Pattern: OK, Size: OK (0xC61C2AA0)
File /test_504.bin: opened:   246 us, closed:     3 us, I/O:   2135 us, total:   7684 us, speed:  4683 KB/s, CRC: OK, Pattern: OK, Size: OK (0xC61C2AA0)
File /test_505.bin: opened:   253 us, closed:     3 us, I/O:   2145 us, total:   7691 us, speed:  4662 KB/s, CRC: OK, Pattern: OK, Size: OK (0xC61C2AA0)
File /test_506.bin: opened:   252 us, closed:     3 us, I/O:   2141 us, total:  13653 us, speed:  4670 KB/s, CRC: OK, Pattern: OK, Size: OK (0xC61C2AA0)
File /test_507.bin: opened:   256 us, closed:     3 us, I/O:   2152 us, total:   7705 us, speed:  4646 KB/s, CRC: OK, Pattern: OK, Size: OK (0xC61C2AA0)
File /test_508.bin: opened:   255 us, closed:     3 us, I/O:   2141 us, total:   7663 us, speed:  4670 KB/s, CRC: OK, Pattern: OK, Size: OK (0xC61C2AA0)
File /test_509.bin: opened:   262 us, closed:     3 us, I/O:   2136 us, total:   7689 us, speed:  4681 KB/s, CRC: OK, Pattern: OK, Size: OK (0xC61C2AA0)
File /test_510.bin: opened:   241 us, closed:     3 us, I/O:   2134 us, total:   7650 us, speed:  4686 KB/s, CRC: OK, Pattern: OK, Size: OK (0xC61C2AA0)
File /test_511.bin: opened:   237 us, closed:     3 us, I/O:   2138 us, total:   7696 us, speed:  4677 KB/s, CRC: OK, Pattern: OK, Size: OK (0xC61C2AA0)
File /test_512.bin: opened:   240 us, closed:     3 us, I/O:   2163 us, total:   7733 us, speed:  4623 KB/s, CRC: OK, Pattern: OK, Size: OK (0xC61C2AA0)
File /test_513.bin: opened:   257 us, closed:     3 us, I/O:   2141 us, total:   7639 us, speed:  4670 KB/s, CRC: OK, Pattern: OK, Size: OK (0xC61C2AA0)
File /test_514.bin: opened:   246 us, closed:     3 us, I/O:   2142 us, total:   7687 us, speed:  4668 KB/s, CRC: OK, Pattern: OK, Size: OK (0xC61C2AA0)
File /test_515.bin: opened:   249 us, closed:     3 us, I/O:   2130 us, total:   7634 us, speed:  4694 KB/s, CRC: OK, Pattern: OK, Size: OK (0xC61C2AA0)
File /test_516.bin: opened:   248 us, closed:     3 us, I/O:   2149 us, total:   7679 us, speed:  4653 KB/s, CRC: OK, Pattern: OK, Size: OK (0xC61C2AA0)
File /test_517.bin: opened:   256 us, closed:     3 us, I/O:   2134 us, total:  13609 us, speed:  4686 KB/s, CRC: OK, Pattern: OK, Size: OK (0xC61C2AA0)
File /test_518.bin: opened:   255 us, closed:     3 us, I/O:   2138 us, total:   7693 us, speed:  4677 KB/s, CRC: OK, Pattern: OK, Size: OK (0xC61C2AA0)
File /test_519.bin: opened:   250 us, closed:     3 us, I/O:   2142 us, total:   7692 us, speed:  4668 KB/s, CRC: OK, Pattern: OK, Size: OK (0xC61C2AA0)
File /test_520.bin: opened:   254 us, closed:     3 us, I/O:   2145 us, total:   7703 us, speed:  4662 KB/s, CRC: OK, Pattern: OK, Size: OK (0xC61C2AA0)
File /test_521.bin: opened:   236 us, closed:     3 us, I/O:   2142 us, total:   7657 us, speed:  4668 KB/s, CRC: OK, Pattern: OK, Size: OK (0xC61C2AA0)
File /test_522.bin: opened:   237 us, closed:     3 us, I/O:   2165 us, total:   7709 us, speed:  4618 KB/s, CRC: OK, Pattern: OK, Size: OK (0xC61C2AA0)
File /test_523.bin: opened:   239 us, closed:     3 us, I/O:   2141 us, total:   7755 us, speed:  4670 KB/s, CRC: OK, Pattern: OK, Size: OK (0xC61C2AA0)
File /test_524.bin: opened:   242 us, closed:     3 us, I/O:   2137 us, total:   7693 us, speed:  4679 KB/s, CRC: OK, Pattern: OK, Size: OK (0xC61C2AA0)
File /test_525.bin: opened:   262 us, closed:     7 us, I/O:   2139 us, total:   7716 us, speed:  4675 KB/s, CRC: OK, Pattern: OK, Size: OK (0xC61C2AA0)
File /test_526.bin: opened:   248 us, closed:     3 us, I/O:   2137 us, total:   7654 us, speed:  4679 KB/s, CRC: OK, Pattern: OK, Size: OK (0xC61C2AA0)
File /test_527.bin: opened:   248 us, closed:     3 us, I/O:   2147 us, total:   7657 us, speed:  4657 KB/s, CRC: OK, Pattern: OK, Size: OK (0xC61C2AA0)
File /test_528.bin: opened:   251 us, closed:     3 us, I/O:   2132 us, total:  13611 us, speed:  4690 KB/s, CRC: OK, Pattern: OK, Size: OK (0xC61C2AA0)
File /test_529.bin: opened:   248 us, closed:     3 us, I/O:   2146 us, total:   7673 us, speed:  4659 KB/s, CRC: OK, Pattern: OK, Size: OK (0xC61C2AA0)
File /test_530.bin: opened:   233 us, closed:     3 us, I/O:   2143 us, total:   7687 us, speed:  4666 KB/s, CRC: OK, Pattern: OK, Size: OK (0xC61C2AA0)
File /test_531.bin: opened:   236 us, closed:     3 us, I/O:   2144 us, total:   7721 us, speed:  4664 KB/s, CRC: OK, Pattern: OK, Size: OK (0xC61C2AA0)
File /test_532.bin: opened:   232 us, closed:     3 us, I/O:   2142 us, total:   7664 us, speed:  4668 KB/s, CRC: OK, Pattern: OK, Size: OK (0xC61C2AA0)
File /test_533.bin: opened:   236 us, closed:     3 us, I/O:   2130 us, total:   7648 us, speed:  4694 KB/s, CRC: OK, Pattern: OK, Size: OK (0xC61C2AA0)
File /test_534.bin: opened:   242 us, closed:     3 us, I/O:   2136 us, total:   7643 us, speed:  4681 KB/s, CRC: OK, Pattern: OK, Size: OK (0xC61C2AA0)
File /test_535.bin: opened:   241 us, closed:     3 us, I/O:   2155 us, total:   7698 us, speed:  4640 KB/s, CRC: OK, Pattern: OK, Size: OK (0xC61C2AA0)
File /test_536.bin: opened:   265 us, closed:     3 us, I/O:   2147 us, total:   7711 us, speed:  4657 KB/s, CRC: OK, Pattern: OK, Size: OK (0xC61C2AA0)
File /test_537.bin: opened:   247 us, closed:     3 us, I/O:   2136 us, total:   7667 us, speed:  4681 KB/s, CRC: OK, Pattern: OK, Size: OK (0xC61C2AA0)
File /test_538.bin: opened:   243 us, closed:     3 us, I/O:   2150 us, total:   7721 us, speed:  4651 KB/s, CRC: OK, Pattern: OK, Size: OK (0xC61C2AA0)
File /test_539.bin: opened:   240 us, closed:     3 us, I/O:   8082 us, total:  13702 us, speed:  1237 KB/s, CRC: OK, Pattern: OK, Size: OK (0xC61C2AA0)
File /test_540.bin: opened:   235 us, closed:     3 us, I/O:   2150 us, total:   7682 us, speed:  4651 KB/s, CRC: OK, Pattern: OK, Size: OK (0xC61C2AA0)
File /test_541.bin: opened:   233 us, closed:     3 us, I/O:   2142 us, total:   7692 us, speed:  4668 KB/s, CRC: OK, Pattern: OK, Size: OK (0xC61C2AA0)
File /test_542.bin: opened:   232 us, closed:     3 us, I/O:   2144 us, total:   7644 us, speed:  4664 KB/s, CRC: OK, Pattern: OK, Size: OK (0xC61C2AA0)
File /test_543.bin: opened:   235 us, closed:     3 us, I/O:   2143 us, total:   7677 us, speed:  4666 KB/s, CRC: OK, Pattern: OK, Size: OK (0xC61C2AA0)
File /test_544.bin: opened:   255 us, closed:     3 us, I/O:   2133 us, total:   7698 us, speed:  4688 KB/s, CRC: OK, Pattern: OK, Size: OK (0xC61C2AA0)
File /test_545.bin: opened:   241 us, closed:     3 us, I/O:   2142 us, total:   7665 us, speed:  4668 KB/s, CRC: OK, Pattern: OK, Size: OK (0xC61C2AA0)
File /test_546.bin: opened:   241 us, closed:     3 us, I/O:   2142 us, total:   7708 us, speed:  4668 KB/s, CRC: OK, Pattern: OK, Size: OK (0xC61C2AA0)
File /test_547.bin: opened:   243 us, closed:     3 us, I/O:   2135 us, total:   7677 us, speed:  4683 KB/s, CRC: OK, Pattern: OK, Size: OK (0xC61C2AA0)
File /test_548.bin: opened:   240 us, closed:     3 us, I/O:   2155 us, total:   7684 us, speed:  4640 KB/s, CRC: OK, Pattern: OK, Size: OK (0xC61C2AA0)
File /test_549.bin: opened:   232 us, closed:     3 us, I/O:   8083 us, total:  13607 us, speed:  1237 KB/s, CRC: OK, Pattern: OK, Size: OK (0xC61C2AA0)
File /test_550.bin: opened:   229 us, closed:     3 us, I/O:   2139 us, total:   7637 us, speed:  4675 KB/s, CRC: OK, Pattern: OK, Size: OK (0xC61C2AA0)
File /test_551.bin: opened:   246 us, closed:     3 us, I/O:   2147 us, total:   7674 us, speed:  4657 KB/s, CRC: OK, Pattern: OK, Size: OK (0xC61C2AA0)
File /test_552.bin: opened:   228 us, closed:     3 us, I/O:   2150 us, total:   7638 us, speed:  4651 KB/s, CRC: OK, Pattern: OK, Size: OK (0xC61C2AA0)
File /test_553.bin: opened:   231 us, closed:     3 us, I/O:   2138 us, total:   7687 us, speed:  4677 KB/s, CRC: OK, Pattern: OK, Size: OK (0xC61C2AA0)
File /test_554.bin: opened:   235 us, closed:     3 us, I/O:   2147 us, total:   7693 us, speed:  4657 KB/s, CRC: OK, Pattern: OK, Size: OK (0xC61C2AA0)
File /test_555.bin: opened:   237 us, closed:     3 us, I/O:   2133 us, total:   7636 us, speed:  4688 KB/s, CRC: OK, Pattern: OK, Size: OK (0xC61C2AA0)
File /test_556.bin: opened:   236 us, closed:     3 us, I/O:   2153 us, total:   7694 us, speed:  4644 KB/s, CRC: OK, Pattern: OK, Size: OK (0xC61C2AA0)
File /test_557.bin: opened:   237 us, closed:     3 us, I/O:   2144 us, total:   7738 us, speed:  4664 KB/s, CRC: OK, Pattern: OK, Size: OK (0xC61C2AA0)
File /test_558.bin: opened:   236 us, closed:     3 us, I/O:   2138 us, total:   7644 us, speed:  4677 KB/s, CRC: OK, Pattern: OK, Size: OK (0xC61C2AA0)
File /test_559.bin: opened:   232 us, closed:     3 us, I/O:   2134 us, total:   7610 us, speed:  4686 KB/s, CRC: OK, Pattern: OK, Size: OK (0xC61C2AA0)
File /test_560.bin: opened:   229 us, closed:     7 us, I/O:   2150 us, total:  13613 us, speed:  4651 KB/s, CRC: OK, Pattern: OK, Size: OK (0xC61C2AA0)
File /test_561.bin: opened:   232 us, closed:     3 us, I/O:   2142 us, total:   7671 us, speed:  4668 KB/s, CRC: OK, Pattern: OK, Size: OK (0xC61C2AA0)
File /test_562.bin: opened:   231 us, closed:     3 us, I/O:   2136 us, total:   7602 us, speed:  4681 KB/s, CRC: OK, Pattern: OK, Size: OK (0xC61C2AA0)
File /test_563.bin: opened:   231 us, closed:     3 us, I/O:   2159 us, total:   7674 us, speed:  4631 KB/s, CRC: OK, Pattern: OK, Size: OK (0xC61C2AA0)
File /test_564.bin: opened:   235 us, closed:     3 us, I/O:   2141 us, total:   7711 us, speed:  4670 KB/s, CRC: OK, Pattern: OK, Size: OK (0xC61C2AA0)
File /test_565.bin: opened:   233 us, closed:     3 us, I/O:   2142 us, total:   7687 us, speed:  4668 KB/s, CRC: OK, Pattern: OK, Size: OK (0xC61C2AA0)
File /test_566.bin: opened:   233 us, closed:     3 us, I/O:   2132 us, total:   7621 us, speed:  4690 KB/s, CRC: OK, Pattern: OK, Size: OK (0xC61C2AA0)
File /test_567.bin: opened:   230 us, closed:     3 us, I/O:   2157 us, total:   7645 us, speed:  4636 KB/s, CRC: OK, Pattern: OK, Size: OK (0xC61C2AA0)
File /test_568.bin: opened:   226 us, closed:     3 us, I/O:   2135 us, total:   7669 us, speed:  4683 KB/s, CRC: OK, Pattern: OK, Size: OK (0xC61C2AA0)
File /test_569.bin: opened:   222 us, closed:     3 us, I/O:   2149 us, total:   7645 us, speed:  4653 KB/s, CRC: OK, Pattern: OK, Size: OK (0xC61C2AA0)
File /test_570.bin: opened:   225 us, closed:     3 us, I/O:   2140 us, total:   7649 us, speed:  4672 KB/s, CRC: OK, Pattern: OK, Size: OK (0xC61C2AA0)
File /test_571.bin: opened:   228 us, closed:     3 us, I/O:   2144 us, total:  13602 us, speed:  4664 KB/s, CRC: OK, Pattern: OK, Size: OK (0xC61C2AA0)
File /test_572.bin: opened:   224 us, closed:     3 us, I/O:   2146 us, total:   7669 us, speed:  4659 KB/s, CRC: OK, Pattern: OK, Size: OK (0xC61C2AA0)
File /test_573.bin: opened:   227 us, closed:     3 us, I/O:   2132 us, total:   7591 us, speed:  4690 KB/s, CRC: OK, Pattern: OK, Size: OK (0xC61C2AA0)
File /test_574.bin: opened:   254 us, closed:     3 us, I/O:   2137 us, total:   7675 us, speed:  4679 KB/s, CRC: OK, Pattern: OK, Size: OK (0xC61C2AA0)
File /test_575.bin: opened:   229 us, closed:     7 us, I/O:   2145 us, total:   7645 us, speed:  4662 KB/s, CRC: OK, Pattern: OK, Size: OK (0xC61C2AA0)
File /test_576.bin: opened:   229 us, closed:     3 us, I/O:   2147 us, total:   7707 us, speed:  4657 KB/s, CRC: OK, Pattern: OK, Size: OK (0xC61C2AA0)
File /test_577.bin: opened:   230 us, closed:     3 us, I/O:   2133 us, total:   7639 us, speed:  4688 KB/s, CRC: OK, Pattern: OK, Size: OK (0xC61C2AA0)
File /test_578.bin: opened:   222 us, closed:     3 us, I/O:   2151 us, total:   7624 us, speed:  4649 KB/s, CRC: OK, Pattern: OK, Size: OK (0xC61C2AA0)
File /test_579.bin: opened:   217 us, closed:     3 us, I/O:   2170 us, total:   7664 us, speed:  4608 KB/s, CRC: OK, Pattern: OK, Size: OK (0xC61C2AA0)
File /test_580.bin: opened:   229 us, closed:     3 us, I/O:   2143 us, total:   7697 us, speed:  4666 KB/s, CRC: OK, Pattern: OK, Size: OK (0xC61C2AA0)
File /test_581.bin: opened:   224 us, closed:     3 us, I/O:   2136 us, total:   7660 us, speed:  4681 KB/s, CRC: OK, Pattern: OK, Size: OK (0xC61C2AA0)
File /test_582.bin: opened:   224 us, closed:     3 us, I/O:   2146 us, total:  13602 us, speed:  4659 KB/s, CRC: OK, Pattern: OK, Size: OK (0xC61C2AA0)
File /test_583.bin: opened:   227 us, closed:     3 us, I/O:   2143 us, total:   7682 us, speed:  4666 KB/s, CRC: OK, Pattern: OK, Size: OK (0xC61C2AA0)
File /test_584.bin: opened:   226 us, closed:     3 us, I/O:   2134 us, total:   7655 us, speed:  4686 KB/s, CRC: OK, Pattern: OK, Size: OK (0xC61C2AA0)
File /test_585.bin: opened:   225 us, closed:     3 us, I/O:   2146 us, total:   7608 us, speed:  4659 KB/s, CRC: OK, Pattern: OK, Size: OK (0xC61C2AA0)
File /test_586.bin: opened:   222 us, closed:     3 us, I/O:   2139 us, total:   7673 us, speed:  4675 KB/s, CRC: OK, Pattern: OK, Size: OK (0xC61C2AA0)
File /test_587.bin: opened:   222 us, closed:     3 us, I/O:   2140 us, total:   7639 us, speed:  4672 KB/s, CRC: OK, Pattern: OK, Size: OK (0xC61C2AA0)
File /test_588.bin: opened:   214 us, closed:     3 us, I/O:   2143 us, total:   7672 us, speed:  4666 KB/s, CRC: OK, Pattern: OK, Size: OK (0xC61C2AA0)
File /test_589.bin: opened:   211 us, closed:     3 us, I/O:   2146 us, total:   7666 us, speed:  4659 KB/s, CRC: OK, Pattern: OK, Size: OK (0xC61C2AA0)
File /test_590.bin: opened:   241 us, closed:     3 us, I/O:   2134 us, total:   7614 us, speed:  4686 KB/s, CRC: OK, Pattern: OK, Size: OK (0xC61C2AA0)
File /test_591.bin: opened:   219 us, closed:     3 us, I/O:   2138 us, total:   7661 us, speed:  4677 KB/s, CRC: OK, Pattern: OK, Size: OK (0xC61C2AA0)
File /test_592.bin: opened:   219 us, closed:     3 us, I/O:   2139 us, total:   7660 us, speed:  4675 KB/s, CRC: OK, Pattern: OK, Size: OK (0xC61C2AA0)
File /test_593.bin: opened:   227 us, closed:     3 us, I/O:   7960 us, total:  13454 us, speed:  1256 KB/s, CRC: OK, Pattern: OK, Size: OK (0xC61C2AA0)
File /test_594.bin: opened:   222 us, closed:     3 us, I/O:   2135 us, total:   7655 us, speed:  4683 KB/s, CRC: OK, Pattern: OK, Size: OK (0xC61C2AA0)
File /test_595.bin: opened:   222 us, closed:     3 us, I/O:   2141 us, total:   7660 us, speed:  4670 KB/s, CRC: OK, Pattern: OK, Size: OK (0xC61C2AA0)
File /test_596.bin: opened:   220 us, closed:     3 us, I/O:   2141 us, total:   7662 us, speed:  4670 KB/s, CRC: OK, Pattern: OK, Size: OK (0xC61C2AA0)
File /test_597.bin: opened:   214 us, closed:     3 us, I/O:   2134 us, total:   7613 us, speed:  4686 KB/s, CRC: OK, Pattern: OK, Size: OK (0xC61C2AA0)
File /test_598.bin: opened:   211 us, closed:     3 us, I/O:   2170 us, total:   7658 us, speed:  4608 KB/s, CRC: OK, Pattern: OK, Size: OK (0xC61C2AA0)
File /test_599.bin: opened:   211 us, closed:     3 us, I/O:   2143 us, total:   7651 us, speed:  4666 KB/s, CRC: OK, Pattern: OK, Size: OK (0xC61C2AA0)
File /test_600.bin: opened:   204 us, closed:     3 us, I/O:   2144 us, total:   7650 us, speed:  4664 KB/s, CRC: OK, Pattern: OK, Size: OK (0xC61C2AA0)
File /test_601.bin: opened:   202 us, closed:     3 us, I/O:   2140 us, total:   7644 us, speed:  4672 KB/s, CRC: OK, Pattern: OK, Size: OK (0xC61C2AA0)
File /test_602.bin: opened:   203 us, closed:     3 us, I/O:   2132 us, total:   7619 us, speed:  4690 KB/s, CRC: OK, Pattern: OK, Size: OK (0xC61C2AA0)
File /test_603.bin: opened:   202 us, closed:     3 us, I/O:   2136 us, total:   7646 us, speed:  4681 KB/s, CRC: OK, Pattern: OK, Size: OK (0xC61C2AA0)
File /test_604.bin: opened:   206 us, closed:     3 us, I/O:   2133 us, total:   7637 us, speed:  4688 KB/s, CRC: OK, Pattern: OK, Size: OK (0xC61C2AA0)
File /test_605.bin: opened:   209 us, closed:     3 us, I/O:   2146 us, total:   7663 us, speed:  4659 KB/s, CRC: OK, Pattern: OK, Size: OK (0xC61C2AA0)
File /test_606.bin: opened:   211 us, closed:     3 us, I/O:   2145 us, total:   7617 us, speed:  4662 KB/s, CRC: OK, Pattern: OK, Size: OK (0xC61C2AA0)
File /test_607.bin: opened:   214 us, closed:     3 us, I/O:   2138 us, total:   7639 us, speed:  4677 KB/s, CRC: OK, Pattern: OK, Size: OK (0xC61C2AA0)
File /test_608.bin: opened:   217 us, closed:     3 us, I/O:   2140 us, total:   7627 us, speed:  4672 KB/s, CRC: OK, Pattern: OK, Size: OK (0xC61C2AA0)
File /test_609.bin: opened:   213 us, closed:     3 us, I/O:   2145 us, total:   7621 us, speed:  4662 KB/s, CRC: OK, Pattern: OK, Size: OK (0xC61C2AA0)
File /test_610.bin: opened:   200 us, closed:     3 us, I/O:   2133 us, total:   7638 us, speed:  4688 KB/s, CRC: OK, Pattern: OK, Size: OK (0xC61C2AA0)
File /test_611.bin: opened:   199 us, closed:     3 us, I/O:   2151 us, total:   7661 us, speed:  4649 KB/s, CRC: OK, Pattern: OK, Size: OK (0xC61C2AA0)
File /test_612.bin: opened:   200 us, closed:     3 us, I/O:   2142 us, total:   7677 us, speed:  4668 KB/s, CRC: OK, Pattern: OK, Size: OK (0xC61C2AA0)
File /test_613.bin: opened:   198 us, closed:     3 us, I/O:   2136 us, total:   7625 us, speed:  4681 KB/s, CRC: OK, Pattern: OK, Size: OK (0xC61C2AA0)
File /test_614.bin: opened:   202 us, closed:     3 us, I/O:   2144 us, total:  13544 us, speed:  4664 KB/s, CRC: OK, Pattern: OK, Size: OK (0xC61C2AA0)
File /test_615.bin: opened:   206 us, closed:     7 us, I/O:   2133 us, total:   7644 us, speed:  4688 KB/s, CRC: OK, Pattern: OK, Size: OK (0xC61C2AA0)
File /test_616.bin: opened:   208 us, closed:     3 us, I/O:   2147 us, total:   7639 us, speed:  4657 KB/s, CRC: OK, Pattern: OK, Size: OK (0xC61C2AA0)
File /test_617.bin: opened:   210 us, closed:     3 us, I/O:   2137 us, total:   7619 us, speed:  4679 KB/s, CRC: OK, Pattern: OK, Size: OK (0xC61C2AA0)
File /test_618.bin: opened:   218 us, closed:     3 us, I/O:   2137 us, total:   7621 us, speed:  4679 KB/s, CRC: OK, Pattern: OK, Size: OK (0xC61C2AA0)
File /test_619.bin: opened:   209 us, closed:     3 us, I/O:   2138 us, total:   7642 us, speed:  4677 KB/s, CRC: OK, Pattern: OK, Size: OK (0xC61C2AA0)
File /test_620.bin: opened:   199 us, closed:     3 us, I/O:   2141 us, total:   7618 us, speed:  4670 KB/s, CRC: OK, Pattern: OK, Size: OK (0xC61C2AA0)
File /test_621.bin: opened:   219 us, closed:     3 us, I/O:   2138 us, total:   7590 us, speed:  4677 KB/s, CRC: OK, Pattern: OK, Size: OK (0xC61C2AA0)
File /test_622.bin: opened:   199 us, closed:     3 us, I/O:   2148 us, total:   7650 us, speed:  4655 KB/s, CRC: OK, Pattern: OK, Size: OK (0xC61C2AA0)
File /test_623.bin: opened:   198 us, closed:     3 us, I/O:   2136 us, total:   7640 us, speed:  4681 KB/s, CRC: OK, Pattern: OK, Size: OK (0xC61C2AA0)
File /test_624.bin: opened:   201 us, closed:     7 us, I/O:   2133 us, total:   7647 us, speed:  4688 KB/s, CRC: OK, Pattern: OK, Size: OK (0xC61C2AA0)
File /test_625.bin: opened:   208 us, closed:     3 us, I/O:   2138 us, total:  13605 us, speed:  4677 KB/s, CRC: OK, Pattern: OK, Size: OK (0xC61C2AA0)
File /test_626.bin: opened:   207 us, closed:     3 us, I/O:   2138 us, total:   7671 us, speed:  4677 KB/s, CRC: OK, Pattern: OK, Size: OK (0xC61C2AA0)
File /test_627.bin: opened:   206 us, closed:     3 us, I/O:   2138 us, total:   7641 us, speed:  4677 KB/s, CRC: OK, Pattern: OK, Size: OK (0xC61C2AA0)
File /test_628.bin: opened:   223 us, closed:     3 us, I/O:   2143 us, total:   7668 us, speed:  4666 KB/s, CRC: OK, Pattern: OK, Size: OK (0xC61C2AA0)
File /test_629.bin: opened:   202 us, closed:     3 us, I/O:   2136 us, total:   7583 us, speed:  4681 KB/s, CRC: OK, Pattern: OK, Size: OK (0xC61C2AA0)
File /test_630.bin: opened:   195 us, closed:     3 us, I/O:   2165 us, total:   7658 us, speed:  4618 KB/s, CRC: OK, Pattern: OK, Size: OK (0xC61C2AA0)
File /test_631.bin: opened:   197 us, closed:     3 us, I/O:   2139 us, total:   7668 us, speed:  4675 KB/s, CRC: OK, Pattern: OK, Size: OK (0xC61C2AA0)
File /test_632.bin: opened:   194 us, closed:     3 us, I/O:   2140 us, total:   7620 us, speed:  4672 KB/s, CRC: OK, Pattern: OK, Size: OK (0xC61C2AA0)
File /test_633.bin: opened:   195 us, closed:     3 us, I/O:   2163 us, total:   7660 us, speed:  4623 KB/s, CRC: OK, Pattern: OK, Size: OK (0xC61C2AA0)
File /test_634.bin: opened:   199 us, closed:     3 us, I/O:   2135 us, total:   7593 us, speed:  4683 KB/s, CRC: OK, Pattern: OK, Size: OK (0xC61C2AA0)
File /test_635.bin: opened:   200 us, closed:     3 us, I/O:   2159 us, total:   7637 us, speed:  4631 KB/s, CRC: OK, Pattern: OK, Size: OK (0xC61C2AA0)
File /test_636.bin: opened:   203 us, closed:     3 us, I/O:   2138 us, total:  13599 us, speed:  4677 KB/s, CRC: OK, Pattern: OK, Size: OK (0xC61C2AA0)
File /test_637.bin: opened:   203 us, closed:     3 us, I/O:   2144 us, total:   7693 us, speed:  4664 KB/s, CRC: OK, Pattern: OK, Size: OK (0xC61C2AA0)
File /test_638.bin: opened:   204 us, closed:     3 us, I/O:   2143 us, total:   7650 us, speed:  4666 KB/s, CRC: OK, Pattern: OK, Size: OK (0xC61C2AA0)
File /test_639.bin: opened:   198 us, closed:     3 us, I/O:   2143 us, total:   7700 us, speed:  4666 KB/s, CRC: OK, Pattern: OK, Size: OK (0xC61C2AA0)
File /test_640.bin: opened:   195 us, closed:     3 us, I/O:   2153 us, total:   7651 us, speed:  4644 KB/s, CRC: OK, Pattern: OK, Size: OK (0xC61C2AA0)
File /test_641.bin: opened:   196 us, closed:     3 us, I/O:   2135 us, total:   7607 us, speed:  4683 KB/s, CRC: OK, Pattern: OK, Size: OK (0xC61C2AA0)
File /test_642.bin: opened:   194 us, closed:     3 us, I/O:   2169 us, total:   7668 us, speed:  4610 KB/s, CRC: OK, Pattern: OK, Size: OK (0xC61C2AA0)
File /test_643.bin: opened:   194 us, closed:     3 us, I/O:   2141 us, total:   7674 us, speed:  4670 KB/s, CRC: OK, Pattern: OK, Size: OK (0xC61C2AA0)
File /test_644.bin: opened:   197 us, closed:     3 us, I/O:   2150 us, total:   7656 us, speed:  4651 KB/s, CRC: OK, Pattern: OK, Size: OK (0xC61C2AA0)
File /test_645.bin: opened:   200 us, closed:     3 us, I/O:   2144 us, total:   7636 us, speed:  4664 KB/s, CRC: OK, Pattern: OK, Size: OK (0xC61C2AA0)
File /test_646.bin: opened:   199 us, closed:     3 us, I/O:   2132 us, total:   7640 us, speed:  4690 KB/s, CRC: OK, Pattern: OK, Size: OK (0xC61C2AA0)
File /test_647.bin: opened:   199 us, closed:     3 us, I/O:   8074 us, total:  13582 us, speed:  1238 KB/s, CRC: OK, Pattern: OK, Size: OK (0xC61C2AA0)
File /test_648.bin: opened:   196 us, closed:     3 us, I/O:   2140 us, total:   7629 us, speed:  4672 KB/s, CRC: OK, Pattern: OK, Size: OK (0xC61C2AA0)
File /test_649.bin: opened:   192 us, closed:     3 us, I/O:   2142 us, total:   7652 us, speed:  4668 KB/s, CRC: OK, Pattern: OK, Size: OK (0xC61C2AA0)
File /test_650.bin: opened:   191 us, closed:     3 us, I/O:   2142 us, total:   7632 us, speed:  4668 KB/s, CRC: OK, Pattern: OK, Size: OK (0xC61C2AA0)
File /test_651.bin: opened:   191 us, closed:     3 us, I/O:   2135 us, total:   7604 us, speed:  4683 KB/s, CRC: OK, Pattern: OK, Size: OK (0xC61C2AA0)
File /test_652.bin: opened:   187 us, closed:     3 us, I/O:   2159 us, total:   7654 us, speed:  4631 KB/s, CRC: OK, Pattern: OK, Size: OK (0xC61C2AA0)
File /test_653.bin: opened:   190 us, closed:     3 us, I/O:   2143 us, total:   7640 us, speed:  4666 KB/s, CRC: OK, Pattern: OK, Size: OK (0xC61C2AA0)
File /test_654.bin: opened:   214 us, closed:     3 us, I/O:   2145 us, total:   7651 us, speed:  4662 KB/s, CRC: OK, Pattern: OK, Size: OK (0xC61C2AA0)
File /test_655.bin: opened:   196 us, closed:     3 us, I/O:   2142 us, total:   7614 us, speed:  4668 KB/s, CRC: OK, Pattern: OK, Size: OK (0xC61C2AA0)
File /test_656.bin: opened:   195 us, closed:     3 us, I/O:   2149 us, total:   7654 us, speed:  4653 KB/s, CRC: OK, Pattern: OK, Size: OK (0xC61C2AA0)
File /test_657.bin: opened:   196 us, closed:     3 us, I/O:   2140 us, total:   7649 us, speed:  4672 KB/s, CRC: OK, Pattern: OK, Size: OK (0xC61C2AA0)
File /test_658.bin: opened:   192 us, closed:     3 us, I/O:   2138 us, total:  13556 us, speed:  4677 KB/s, CRC: OK, Pattern: OK, Size: OK (0xC61C2AA0)
File /test_659.bin: opened:   188 us, closed:     3 us, I/O:   2147 us, total:   7651 us, speed:  4657 KB/s, CRC: OK, Pattern: OK, Size: OK (0xC61C2AA0)
File /test_660.bin: opened:   192 us, closed:     3 us, I/O:   2148 us, total:   7648 us, speed:  4655 KB/s, CRC: OK, Pattern: OK, Size: OK (0xC61C2AA0)
File /test_661.bin: opened:   190 us, closed:     3 us, I/O:   2151 us, total:   7639 us, speed:  4649 KB/s, CRC: OK, Pattern: OK, Size: OK (0xC61C2AA0)
File /test_662.bin: opened:   190 us, closed:     3 us, I/O:   2142 us, total:   7620 us, speed:  4668 KB/s, CRC: OK, Pattern: OK, Size: OK (0xC61C2AA0)
File /test_663.bin: opened:   189 us, closed:     3 us, I/O:   2138 us, total:   7642 us, speed:  4677 KB/s, CRC: OK, Pattern: OK, Size: OK (0xC61C2AA0)
File /test_664.bin: opened:   192 us, closed:     3 us, I/O:   2134 us, total:   7641 us, speed:  4686 KB/s, CRC: OK, Pattern: OK, Size: OK (0xC61C2AA0)
File /test_665.bin: opened:   192 us, closed:     3 us, I/O:   2141 us, total:   7628 us, speed:  4670 KB/s, CRC: OK, Pattern: OK, Size: OK (0xC61C2AA0)
File /test_666.bin: opened:   191 us, closed:     3 us, I/O:   2135 us, total:   7631 us, speed:  4683 KB/s, CRC: OK, Pattern: OK, Size: OK (0xC61C2AA0)
File /test_667.bin: opened:   188 us, closed:     3 us, I/O:   2135 us, total:   7646 us, speed:  4683 KB/s, CRC: OK, Pattern: OK, Size: OK (0xC61C2AA0)
File /test_668.bin: opened:   184 us, closed:     3 us, I/O:   2160 us, total:   7664 us, speed:  4629 KB/s, CRC: OK, Pattern: OK, Size: OK (0xC61C2AA0)
File /test_669.bin: opened:   181 us, closed:     3 us, I/O:   2137 us, total:   7545 us, speed:  4679 KB/s, CRC: OK, Pattern: OK, Size: OK (0xC61C2AA0)
File /test_670.bin: opened:   187 us, closed:     3 us, I/O:   2135 us, total:   7578 us, speed:  4683 KB/s, CRC: OK, Pattern: OK, Size: OK (0xC61C2AA0)
File /test_671.bin: opened:   186 us, closed:     3 us, I/O:   2135 us, total:   7629 us, speed:  4683 KB/s, CRC: OK, Pattern: OK, Size: OK (0xC61C2AA0)
File /test_672.bin: opened:   186 us, closed:     3 us, I/O:   2136 us, total:   7629 us, speed:  4681 KB/s, CRC: OK, Pattern: OK, Size: OK (0xC61C2AA0)
File /test_673.bin: opened:   182 us, closed:     3 us, I/O:   2133 us, total:   7612 us, speed:  4688 KB/s, CRC: OK, Pattern: OK, Size: OK (0xC61C2AA0)
File /test_674.bin: opened:   188 us, closed:     3 us, I/O:   2144 us, total:   7561 us, speed:  4664 KB/s, CRC: OK, Pattern: OK, Size: OK (0xC61C2AA0)
File /test_675.bin: opened:   188 us, closed:     3 us, I/O:   2142 us, total:   7619 us, speed:  4668 KB/s, CRC: OK, Pattern: OK, Size: OK (0xC61C2AA0)
File /test_676.bin: opened:   188 us, closed:     3 us, I/O:   2145 us, total:   7665 us, speed:  4662 KB/s, CRC: OK, Pattern: OK, Size: OK (0xC61C2AA0)
File /test_677.bin: opened:   184 us, closed:     3 us, I/O:   2140 us, total:   7605 us, speed:  4672 KB/s, CRC: OK, Pattern: OK, Size: OK (0xC61C2AA0)
File /test_678.bin: opened:   181 us, closed:     3 us, I/O:   2147 us, total:   7631 us, speed:  4657 KB/s, CRC: OK, Pattern: OK, Size: OK (0xC61C2AA0)
File /test_679.bin: opened:   177 us, closed:     3 us, I/O:   2142 us, total:  13572 us, speed:  4668 KB/s, CRC: OK, Pattern: OK, Size: OK (0xC61C2AA0)
File /test_680.bin: opened:   183 us, closed:     3 us, I/O:   2141 us, total:   7591 us, speed:  4670 KB/s, CRC: OK, Pattern: OK, Size: OK (0xC61C2AA0)
File /test_681.bin: opened:   183 us, closed:     3 us, I/O:   2140 us, total:   7629 us, speed:  4672 KB/s, CRC: OK, Pattern: OK, Size: OK (0xC61C2AA0)
File /test_682.bin: opened:   184 us, closed:     3 us, I/O:   2146 us, total:   7661 us, speed:  4659 KB/s, CRC: OK, Pattern: OK, Size: OK (0xC61C2AA0)
File /test_683.bin: opened:   182 us, closed:     3 us, I/O:   2142 us, total:   7722 us, speed:  4668 KB/s, CRC: OK, Pattern: OK, Size: OK (0xC61C2AA0)
File /test_684.bin: opened:   178 us, closed:     3 us, I/O:   2138 us, total:   7616 us, speed:  4677 KB/s, CRC: OK, Pattern: OK, Size: OK (0xC61C2AA0)
File /test_685.bin: opened:   195 us, closed:     3 us, I/O:   2145 us, total:   7612 us, speed:  4662 KB/s, CRC: OK, Pattern: OK, Size: OK (0xC61C2AA0)
File /test_686.bin: opened:   181 us, closed:     3 us, I/O:   2143 us, total:   7619 us, speed:  4666 KB/s, CRC: OK, Pattern: OK, Size: OK (0xC61C2AA0)
File /test_687.bin: opened:   177 us, closed:     3 us, I/O:   2140 us, total:   7655 us, speed:  4672 KB/s, CRC: OK, Pattern: OK, Size: OK (0xC61C2AA0)
File /test_688.bin: opened:   170 us, closed:     3 us, I/O:   2143 us, total:   7624 us, speed:  4666 KB/s, CRC: OK, Pattern: OK, Size: OK (0xC61C2AA0)
File /test_689.bin: opened:   170 us, closed:     3 us, I/O:   2136 us, total:   7567 us, speed:  4681 KB/s, CRC: OK, Pattern: OK, Size: OK (0xC61C2AA0)
File /test_690.bin: opened:   176 us, closed:     3 us, I/O:   2139 us, total:  13560 us, speed:  4675 KB/s, CRC: OK, Pattern: OK, Size: OK (0xC61C2AA0)
File /test_691.bin: opened:   180 us, closed:     3 us, I/O:   2133 us, total:   7612 us, speed:  4688 KB/s, CRC: OK, Pattern: OK, Size: OK (0xC61C2AA0)
File /test_692.bin: opened:   179 us, closed:     3 us, I/O:   2149 us, total:   7622 us, speed:  4653 KB/s, CRC: OK, Pattern: OK, Size: OK (0xC61C2AA0)
File /test_693.bin: opened:   174 us, closed:     3 us, I/O:   2148 us, total:   7609 us, speed:  4655 KB/s, CRC: OK, Pattern: OK, Size: OK (0xC61C2AA0)
File /test_694.bin: opened:   175 us, closed:     3 us, I/O:   2163 us, total:   7607 us, speed:  4623 KB/s, CRC: OK, Pattern: OK, Size: OK (0xC61C2AA0)
File /test_695.bin: opened:   174 us, closed:     3 us, I/O:   2139 us, total:   7652 us, speed:  4675 KB/s, CRC: OK, Pattern: OK, Size: OK (0xC61C2AA0)
File /test_696.bin: opened:   177 us, closed:     3 us, I/O:   2150 us, total:   7602 us, speed:  4651 KB/s, CRC: OK, Pattern: OK, Size: OK (0xC61C2AA0)
File /test_697.bin: opened:   170 us, closed:     3 us, I/O:   2139 us, total:   7597 us, speed:  4675 KB/s, CRC: OK, Pattern: OK, Size: OK (0xC61C2AA0)
File /test_698.bin: opened:   170 us, closed:     3 us, I/O:   2137 us, total:   7562 us, speed:  4679 KB/s, CRC: OK, Pattern: OK, Size: OK (0xC61C2AA0)
File /test_699.bin: opened:   166 us, closed:     3 us, I/O:   2140 us, total:   7657 us, speed:  4672 KB/s, CRC: OK, Pattern: OK, Size: OK (0xC61C2AA0)
File /test_700.bin: opened:   166 us, closed:     3 us, I/O:   2142 us, total:   7613 us, speed:  4668 KB/s, CRC: OK, Pattern: OK, Size: OK (0xC61C2AA0)
File /test_701.bin: opened:   162 us, closed:     3 us, I/O:   2139 us, total:  13524 us, speed:  4675 KB/s, CRC: OK, Pattern: OK, Size: OK (0xC61C2AA0)
File /test_702.bin: opened:   165 us, closed:     3 us, I/O:   2146 us, total:   7683 us, speed:  4659 KB/s, CRC: OK, Pattern: OK, Size: OK (0xC61C2AA0)
File /test_703.bin: opened:   166 us, closed:     3 us, I/O:   2141 us, total:   7572 us, speed:  4670 KB/s, CRC: OK, Pattern: OK, Size: OK (0xC61C2AA0)
File /test_704.bin: opened:   161 us, closed:     3 us, I/O:   2134 us, total:   7560 us, speed:  4686 KB/s, CRC: OK, Pattern: OK, Size: OK (0xC61C2AA0)
File /test_705.bin: opened:   163 us, closed:     3 us, I/O:   2147 us, total:   7551 us, speed:  4657 KB/s, CRC: OK, Pattern: OK, Size: OK (0xC61C2AA0)
File /test_706.bin: opened:   166 us, closed:     3 us, I/O:   2136 us, total:   7624 us, speed:  4681 KB/s, CRC: OK, Pattern: OK, Size: OK (0xC61C2AA0)
File /test_707.bin: opened:   169 us, closed:     3 us, I/O:   2143 us, total:   7577 us, speed:  4666 KB/s, CRC: OK, Pattern: OK, Size: OK (0xC61C2AA0)
File /test_708.bin: opened:   172 us, closed:     3 us, I/O:   2131 us, total:   7568 us, speed:  4692 KB/s, CRC: OK, Pattern: OK, Size: OK (0xC61C2AA0)
File /test_709.bin: opened:   168 us, closed:     3 us, I/O:   2150 us, total:   7582 us, speed:  4651 KB/s, CRC: OK, Pattern: OK, Size: OK (0xC61C2AA0)
File /test_710.bin: opened:   161 us, closed:     3 us, I/O:   2145 us, total:   7588 us, speed:  4662 KB/s, CRC: OK, Pattern: OK, Size: OK (0xC61C2AA0)
File /test_711.bin: opened:   158 us, closed:     3 us, I/O:   2141 us, total:   7627 us, speed:  4670 KB/s, CRC: OK, Pattern: OK, Size: OK (0xC61C2AA0)
File /test_712.bin: opened:   158 us, closed:     3 us, I/O:   7966 us, total:  13386 us, speed:  1255 KB/s, CRC: OK, Pattern: OK, Size: OK (0xC61C2AA0)
File /test_713.bin: opened:   158 us, closed:     3 us, I/O:   2142 us, total:   7612 us, speed:  4668 KB/s, CRC: OK, Pattern: OK, Size: OK (0xC61C2AA0)
File /test_714.bin: opened:   160 us, closed:     3 us, I/O:   2143 us, total:   7644 us, speed:  4666 KB/s, CRC: OK, Pattern: OK, Size: OK (0xC61C2AA0)
File /test_715.bin: opened:   163 us, closed:     3 us, I/O:   2130 us, total:   7584 us, speed:  4694 KB/s, CRC: OK, Pattern: OK, Size: OK (0xC61C2AA0)
File /test_716.bin: opened:   163 us, closed:     3 us, I/O:   2144 us, total:   7585 us, speed:  4664 KB/s, CRC: OK, Pattern: OK, Size: OK (0xC61C2AA0)
File /test_717.bin: opened:   169 us, closed:     3 us, I/O:   2145 us, total:   7601 us, speed:  4662 KB/s, CRC: OK, Pattern: OK, Size: OK (0xC61C2AA0)
File /test_718.bin: opened:   169 us, closed:     3 us, I/O:   2141 us, total:   7620 us, speed:  4670 KB/s, CRC: OK, Pattern: OK, Size: OK (0xC61C2AA0)
File /test_719.bin: opened:   168 us, closed:     3 us, I/O:   2132 us, total:   7563 us, speed:  4690 KB/s, CRC: OK, Pattern: OK, Size: OK (0xC61C2AA0)
File /test_720.bin: opened:   158 us, closed:     3 us, I/O:   2164 us, total:   7598 us, speed:  4621 KB/s, CRC: OK, Pattern: OK, Size: OK (0xC61C2AA0)
File /test_721.bin: opened:   161 us, closed:     3 us, I/O:   2146 us, total:   7539 us, speed:  4659 KB/s, CRC: OK, Pattern: OK, Size: OK (0xC61C2AA0)
File /test_722.bin: opened:   158 us, closed:     3 us, I/O:   2147 us, total:   7570 us, speed:  4657 KB/s, CRC: OK, Pattern: OK, Size: OK (0xC61C2AA0)
File /test_723.bin: opened:   160 us, closed:     3 us, I/O:   8089 us, total:  13554 us, speed:  1236 KB/s, CRC: OK, Pattern: OK, Size: OK (0xC61C2AA0)
File /test_724.bin: opened:   160 us, closed:     3 us, I/O:   2136 us, total:   7598 us, speed:  4681 KB/s, CRC: OK, Pattern: OK, Size: OK (0xC61C2AA0)
File /test_725.bin: opened:   163 us, closed:     3 us, I/O:   2141 us, total:   7603 us, speed:  4670 KB/s, CRC: OK, Pattern: OK, Size: OK (0xC61C2AA0)
File /test_726.bin: opened:   165 us, closed:     3 us, I/O:   2136 us, total:   7596 us, speed:  4681 KB/s, CRC: OK, Pattern: OK, Size: OK (0xC61C2AA0)
File /test_727.bin: opened:   161 us, closed:     3 us, I/O:   2150 us, total:   7581 us, speed:  4651 KB/s, CRC: OK, Pattern: OK, Size: OK (0xC61C2AA0)
File /test_728.bin: opened:   165 us, closed:     3 us, I/O:   2134 us, total:   7550 us, speed:  4686 KB/s, CRC: OK, Pattern: OK, Size: OK (0xC61C2AA0)
File /test_729.bin: opened:   158 us, closed:     3 us, I/O:   2142 us, total:   7618 us, speed:  4668 KB/s, CRC: OK, Pattern: OK, Size: OK (0xC61C2AA0)
File /test_730.bin: opened:   154 us, closed:     3 us, I/O:   2149 us, total:   7620 us, speed:  4653 KB/s, CRC: OK, Pattern: OK, Size: OK (0xC61C2AA0)
File /test_731.bin: opened:   177 us, closed:     3 us, I/O:   2141 us, total:   7626 us, speed:  4670 KB/s, CRC: OK, Pattern: OK, Size: OK (0xC61C2AA0)
File /test_732.bin: opened:   153 us, closed:     3 us, I/O:   2138 us, total:   7547 us, speed:  4677 KB/s, CRC: OK, Pattern: OK, Size: OK (0xC61C2AA0)
File /test_733.bin: opened:   156 us, closed:     3 us, I/O:   2129 us, total:   7531 us, speed:  4697 KB/s, CRC: OK, Pattern: OK, Size: OK (0xC61C2AA0)
File /test_734.bin: opened:   152 us, closed:     3 us, I/O:   7983 us, total:  13392 us, speed:  1252 KB/s, CRC: OK, Pattern: OK, Size: OK (0xC61C2AA0)
File /test_735.bin: opened:   156 us, closed:     3 us, I/O:   2144 us, total:   7587 us, speed:  4664 KB/s, CRC: OK, Pattern: OK, Size: OK (0xC61C2AA0)
File /test_736.bin: opened:   162 us, closed:     3 us, I/O:   2142 us, total:   7582 us, speed:  4668 KB/s, CRC: OK, Pattern: OK, Size: OK (0xC61C2AA0)
File /test_737.bin: opened:   161 us, closed:     3 us, I/O:   2141 us, total:   7611 us, speed:  4670 KB/s, CRC: OK, Pattern: OK, Size: OK (0xC61C2AA0)
File /test_738.bin: opened:   157 us, closed:     3 us, I/O:   2145 us, total:   7560 us, speed:  4662 KB/s, CRC: OK, Pattern: OK, Size: OK (0xC61C2AA0)
File /test_739.bin: opened:   158 us, closed:     3 us, I/O:   2132 us, total:   7537 us, speed:  4690 KB/s, CRC: OK, Pattern: OK, Size: OK (0xC61C2AA0)
File /test_740.bin: opened:   157 us, closed:     3 us, I/O:   2152 us, total:   7652 us, speed:  4646 KB/s, CRC: OK, Pattern: OK, Size: OK (0xC61C2AA0)
File /test_741.bin: opened:   161 us, closed:     3 us, I/O:   2140 us, total:   7585 us, speed:  4672 KB/s, CRC: OK, Pattern: OK, Size: OK (0xC61C2AA0)
File /test_742.bin: opened:   153 us, closed:     3 us, I/O:   2140 us, total:   7634 us, speed:  4672 KB/s, CRC: OK, Pattern: OK, Size: OK (0xC61C2AA0)
File /test_743.bin: opened:   156 us, closed:     3 us, I/O:   2153 us, total:   7635 us, speed:  4644 KB/s, CRC: OK, Pattern: OK, Size: OK (0xC61C2AA0)
File /test_744.bin: opened:   157 us, closed:     3 us, I/O:   2167 us, total:   7573 us, speed:  4614 KB/s, CRC: OK, Pattern: OK, Size: OK (0xC61C2AA0)
File /test_745.bin: opened:   155 us, closed:     3 us, I/O:   2145 us, total:   7577 us, speed:  4662 KB/s, CRC: OK, Pattern: OK, Size: OK (0xC61C2AA0)
File /test_746.bin: opened:   154 us, closed:     3 us, I/O:   2145 us, total:   7547 us, speed:  4662 KB/s, CRC: OK, Pattern: OK, Size: OK (0xC61C2AA0)
File /test_747.bin: opened:   154 us, closed:     3 us, I/O:   2149 us, total:   7585 us, speed:  4653 KB/s, CRC: OK, Pattern: OK, Size: OK (0xC61C2AA0)
File /test_748.bin: opened:   154 us, closed:     3 us, I/O:   2147 us, total:   7609 us, speed:  4657 KB/s, CRC: OK, Pattern: OK, Size: OK (0xC61C2AA0)
File /test_749.bin: opened:   152 us, closed:     3 us, I/O:   2150 us, total:   7583 us, speed:  4651 KB/s, CRC: OK, Pattern: OK, Size: OK (0xC61C2AA0)
File /test_750.bin: opened:   150 us, closed:     3 us, I/O:   2139 us, total:   7631 us, speed:  4675 KB/s, CRC: OK, Pattern: OK, Size: OK (0xC61C2AA0)
File /test_751.bin: opened:   153 us, closed:     3 us, I/O:   2148 us, total:   7651 us, speed:  4655 KB/s, CRC: OK, Pattern: OK, Size: OK (0xC61C2AA0)
File /test_752.bin: opened:   170 us, closed:     3 us, I/O:   2137 us, total:   7625 us, speed:  4679 KB/s, CRC: OK, Pattern: OK, Size: OK (0xC61C2AA0)
File /test_753.bin: opened:   152 us, closed:     3 us, I/O:   2150 us, total:   7584 us, speed:  4651 KB/s, CRC: OK, Pattern: OK, Size: OK (0xC61C2AA0)
File /test_754.bin: opened:   148 us, closed:     3 us, I/O:   2139 us, total:   7578 us, speed:  4675 KB/s, CRC: OK, Pattern: OK, Size: OK (0xC61C2AA0)
File /test_755.bin: opened:   151 us, closed:     3 us, I/O:   2140 us, total:  13536 us, speed:  4672 KB/s, CRC: OK, Pattern: OK, Size: OK (0xC61C2AA0)
File /test_756.bin: opened:   151 us, closed:     3 us, I/O:   2142 us, total:   7579 us, speed:  4668 KB/s, CRC: OK, Pattern: OK, Size: OK (0xC61C2AA0)
File /test_757.bin: opened:   150 us, closed:     3 us, I/O:   2136 us, total:   7563 us, speed:  4681 KB/s, CRC: OK, Pattern: OK, Size: OK (0xC61C2AA0)
File /test_758.bin: opened:   151 us, closed:     3 us, I/O:   2135 us, total:   7548 us, speed:  4683 KB/s, CRC: OK, Pattern: OK, Size: OK (0xC61C2AA0)
File /test_759.bin: opened:   143 us, closed:     3 us, I/O:   2142 us, total:   7576 us, speed:  4668 KB/s, CRC: OK, Pattern: OK, Size: OK (0xC61C2AA0)
File /test_760.bin: opened:   146 us, closed:     3 us, I/O:   2139 us, total:   7617 us, speed:  4675 KB/s, CRC: OK, Pattern: OK, Size: OK (0xC61C2AA0)
File /test_761.bin: opened:   146 us, closed:     3 us, I/O:   2159 us, total:   7606 us, speed:  4631 KB/s, CRC: OK, Pattern: OK, Size: OK (0xC61C2AA0)
File /test_762.bin: opened:   145 us, closed:     3 us, I/O:   2138 us, total:   7590 us, speed:  4677 KB/s, CRC: OK, Pattern: OK, Size: OK (0xC61C2AA0)
File /test_763.bin: opened:   145 us, closed:     3 us, I/O:   2147 us, total:   7651 us, speed:  4657 KB/s, CRC: OK, Pattern: OK, Size: OK (0xC61C2AA0)
File /test_764.bin: opened:   145 us, closed:     3 us, I/O:   2139 us, total:   7599 us, speed:  4675 KB/s, CRC: OK, Pattern: OK, Size: OK (0xC61C2AA0)
File /test_765.bin: opened:   144 us, closed:     3 us, I/O:   2143 us, total:   7543 us, speed:  4666 KB/s, CRC: OK, Pattern: OK, Size: OK (0xC61C2AA0)
File /test_766.bin: opened:   144 us, closed:     3 us, I/O:   2144 us, total:  13549 us, speed:  4664 KB/s, CRC: OK, Pattern: OK, Size: OK (0xC61C2AA0)
File /test_767.bin: opened:   147 us, closed:     3 us, I/O:   2148 us, total:   7552 us, speed:  4655 KB/s, CRC: OK, Pattern: OK, Size: OK (0xC61C2AA0)
File /test_768.bin: opened:   140 us, closed:     3 us, I/O:   2133 us, total:   7583 us, speed:  4688 KB/s, CRC: OK, Pattern: OK, Size: OK (0xC61C2AA0)
File /test_769.bin: opened:   136 us, closed:     3 us, I/O:   2151 us, total:   7548 us, speed:  4649 KB/s, CRC: OK, Pattern: OK, Size: OK (0xC61C2AA0)
File /test_770.bin: opened:   142 us, closed:     3 us, I/O:   2137 us, total:   7536 us, speed:  4679 KB/s, CRC: OK, Pattern: OK, Size: OK (0xC61C2AA0)
File /test_771.bin: opened:   145 us, closed:     3 us, I/O:   2142 us, total:   7588 us, speed:  4668 KB/s, CRC: OK, Pattern: OK, Size: OK (0xC61C2AA0)
File /test_772.bin: opened:   141 us, closed:     3 us, I/O:   2158 us, total:   7530 us, speed:  4633 KB/s, CRC: OK, Pattern: OK, Size: OK (0xC61C2AA0)
File /test_773.bin: opened:   161 us, closed:     3 us, I/O:   2136 us, total:   7602 us, speed:  4681 KB/s, CRC: OK, Pattern: OK, Size: OK (0xC61C2AA0)
File /test_774.bin: opened:   141 us, closed:     3 us, I/O:   2141 us, total:   7631 us, speed:  4670 KB/s, CRC: OK, Pattern: OK, Size: OK (0xC61C2AA0)
File /test_775.bin: opened:   144 us, closed:     3 us, I/O:   2141 us, total:   7600 us, speed:  4670 KB/s, CRC: OK, Pattern: OK, Size: OK (0xC61C2AA0)
File /test_776.bin: opened:   145 us, closed:     3 us, I/O:   2136 us, total:   7553 us, speed:  4681 KB/s, CRC: OK, Pattern: OK, Size: OK (0xC61C2AA0)
File /test_777.bin: opened:   139 us, closed:     3 us, I/O:   2174 us, total:  13560 us, speed:  4599 KB/s, CRC: OK, Pattern: OK, Size: OK (0xC61C2AA0)
File /test_778.bin: opened:   136 us, closed:     3 us, I/O:   2149 us, total:   7615 us, speed:  4653 KB/s, CRC: OK, Pattern: OK, Size: OK (0xC61C2AA0)
File /test_779.bin: opened:   153 us, closed:     3 us, I/O:   2142 us, total:   7573 us, speed:  4668 KB/s, CRC: OK, Pattern: OK, Size: OK (0xC61C2AA0)
File /test_780.bin: opened:   138 us, closed:     3 us, I/O:   2143 us, total:   7560 us, speed:  4666 KB/s, CRC: OK, Pattern: OK, Size: OK (0xC61C2AA0)
File /test_781.bin: opened:   138 us, closed:     3 us, I/O:   2135 us, total:   7611 us, speed:  4683 KB/s, CRC: OK, Pattern: OK, Size: OK (0xC61C2AA0)
File /test_782.bin: opened:   137 us, closed:     3 us, I/O:   2141 us, total:   7620 us, speed:  4670 KB/s, CRC: OK, Pattern: OK, Size: OK (0xC61C2AA0)
File /test_783.bin: opened:   141 us, closed:     3 us, I/O:   2138 us, total:   7573 us, speed:  4677 KB/s, CRC: OK, Pattern: OK, Size: OK (0xC61C2AA0)
File /test_784.bin: opened:   142 us, closed:     3 us, I/O:   2133 us, total:   7573 us, speed:  4688 KB/s, CRC: OK, Pattern: OK, Size: OK (0xC61C2AA0)
File /test_785.bin: opened:   136 us, closed:     3 us, I/O:   2156 us, total:   7618 us, speed:  4638 KB/s, CRC: OK, Pattern: OK, Size: OK (0xC61C2AA0)
File /test_786.bin: opened:   140 us, closed:     3 us, I/O:   2140 us, total:   7660 us, speed:  4672 KB/s, CRC: OK, Pattern: OK, Size: OK (0xC61C2AA0)
File /test_787.bin: opened:   137 us, closed:     3 us, I/O:   2143 us, total:   7592 us, speed:  4666 KB/s, CRC: OK, Pattern: OK, Size: OK (0xC61C2AA0)
File /test_788.bin: opened:   132 us, closed:     3 us, I/O:   2142 us, total:  13524 us, speed:  4668 KB/s, CRC: OK, Pattern: OK, Size: OK (0xC61C2AA0)
File /test_789.bin: opened:   129 us, closed:     3 us, I/O:   2136 us, total:   7540 us, speed:  4681 KB/s, CRC: OK, Pattern: OK, Size: OK (0xC61C2AA0)
File /test_790.bin: opened:   138 us, closed:     3 us, I/O:   2135 us, total:   7537 us, speed:  4683 KB/s, CRC: OK, Pattern: OK, Size: OK (0xC61C2AA0)
File /test_791.bin: opened:   134 us, closed:     3 us, I/O:   2136 us, total:   7548 us, speed:  4681 KB/s, CRC: OK, Pattern: OK, Size: OK (0xC61C2AA0)
File /test_792.bin: opened:   139 us, closed:     3 us, I/O:   2151 us, total:   7601 us, speed:  4649 KB/s, CRC: OK, Pattern: OK, Size: OK (0xC61C2AA0)
File /test_793.bin: opened:   134 us, closed:     3 us, I/O:   2149 us, total:   7565 us, speed:  4653 KB/s, CRC: OK, Pattern: OK, Size: OK (0xC61C2AA0)
File /test_794.bin: opened:   133 us, closed:     3 us, I/O:   2144 us, total:   7582 us, speed:  4664 KB/s, CRC: OK, Pattern: OK, Size: OK (0xC61C2AA0)
File /test_795.bin: opened:   134 us, closed:     3 us, I/O:   2143 us, total:   7585 us, speed:  4666 KB/s, CRC: OK, Pattern: OK, Size: OK (0xC61C2AA0)
File /test_796.bin: opened:   132 us, closed:     3 us, I/O:   2148 us, total:   7634 us, speed:  4655 KB/s, CRC: OK, Pattern: OK, Size: OK (0xC61C2AA0)
File /test_797.bin: opened:   135 us, closed:     3 us, I/O:   2136 us, total:   7561 us, speed:  4681 KB/s, CRC: OK, Pattern: OK, Size: OK (0xC61C2AA0)
File /test_798.bin: opened:   128 us, closed:     3 us, I/O:   2141 us, total:   7582 us, speed:  4670 KB/s, CRC: OK, Pattern: OK, Size: OK (0xC61C2AA0)
File /test_799.bin: opened:   124 us, closed:     3 us, I/O:   2139 us, total:  13567 us, speed:  4675 KB/s, CRC: OK, Pattern: OK, Size: OK (0xC61C2AA0)
File /test_800.bin: opened:   125 us, closed:     3 us, I/O:   2147 us, total:   7575 us, speed:  4657 KB/s, CRC: OK, Pattern: OK, Size: OK (0xC61C2AA0)
File /test_801.bin: opened:   124 us, closed:     3 us, I/O:   2142 us, total:   7567 us, speed:  4668 KB/s, CRC: OK, Pattern: OK, Size: OK (0xC61C2AA0)
File /test_802.bin: opened:   123 us, closed:     3 us, I/O:   2146 us, total:   8008 us, speed:  4659 KB/s, CRC: OK, Pattern: OK, Size: OK (0xC61C2AA0)
File /test_803.bin: opened:   123 us, closed:     3 us, I/O:   2151 us, total:   7556 us, speed:  4649 KB/s, CRC: OK, Pattern: OK, Size: OK (0xC61C2AA0)
File /test_804.bin: opened:   127 us, closed:     3 us, I/O:   2141 us, total:   7556 us, speed:  4670 KB/s, CRC: OK, Pattern: OK, Size: OK (0xC61C2AA0)
File /test_805.bin: opened:   123 us, closed:     3 us, I/O:   2148 us, total:   7584 us, speed:  4655 KB/s, CRC: OK, Pattern: OK, Size: OK (0xC61C2AA0)
File /test_806.bin: opened:   129 us, closed:     3 us, I/O:   2147 us, total:   7616 us, speed:  4657 KB/s, CRC: OK, Pattern: OK, Size: OK (0xC61C2AA0)
File /test_807.bin: opened:   130 us, closed:     3 us, I/O:   2152 us, total:   7533 us, speed:  4646 KB/s, CRC: OK, Pattern: OK, Size: OK (0xC61C2AA0)
File /test_808.bin: opened:   128 us, closed:     3 us, I/O:   2168 us, total:   7594 us, speed:  4612 KB/s, CRC: OK, Pattern: OK, Size: OK (0xC61C2AA0)
File /test_809.bin: opened:   131 us, closed:     3 us, I/O:   2140 us, total:   7577 us, speed:  4672 KB/s, CRC: OK, Pattern: OK, Size: OK (0xC61C2AA0)
File /test_810.bin: opened:   124 us, closed:     3 us, I/O:   7986 us, total:  13384 us, speed:  1252 KB/s, CRC: OK, Pattern: OK, Size: OK (0xC61C2AA0)
File /test_811.bin: opened:   121 us, closed:     3 us, I/O:   2141 us, total:   7595 us, speed:  4670 KB/s, CRC: OK, Pattern: OK, Size: OK (0xC61C2AA0)
File /test_812.bin: opened:   124 us, closed:     3 us, I/O:   2140 us, total:   7571 us, speed:  4672 KB/s, CRC: OK, Pattern: OK, Size: OK (0xC61C2AA0)
File /test_813.bin: opened:   119 us, closed:     3 us, I/O:   2143 us, total:   7556 us, speed:  4666 KB/s, CRC: OK, Pattern: OK, Size: OK (0xC61C2AA0)
File /test_814.bin: opened:   122 us, closed:     3 us, I/O:   2149 us, total:   7607 us, speed:  4653 KB/s, CRC: OK, Pattern: OK, Size: OK (0xC61C2AA0)
File /test_815.bin: opened:   120 us, closed:     3 us, I/O:   2145 us, total:   7549 us, speed:  4662 KB/s, CRC: OK, Pattern: OK, Size: OK (0xC61C2AA0)
File /test_816.bin: opened:   121 us, closed:     3 us, I/O:   2150 us, total:   7599 us, speed:  4651 KB/s, CRC: OK, Pattern: OK, Size: OK (0xC61C2AA0)
File /test_817.bin: opened:   124 us, closed:     3 us, I/O:   2140 us, total:   7574 us, speed:  4672 KB/s, CRC: OK, Pattern: OK, Size: OK (0xC61C2AA0)
File /test_818.bin: opened:   128 us, closed:     3 us, I/O:   2154 us, total:   7521 us, speed:  4642 KB/s, CRC: OK, Pattern: OK, Size: OK (0xC61C2AA0)
File /test_819.bin: opened:   124 us, closed:     3 us, I/O:   2137 us, total:   7535 us, speed:  4679 KB/s, CRC: OK, Pattern: OK, Size: OK (0xC61C2AA0)
File /test_820.bin: opened:   121 us, closed:     3 us, I/O:   2165 us, total:   7554 us, speed:  4618 KB/s, CRC: OK, Pattern: OK, Size: OK (0xC61C2AA0)
File /test_821.bin: opened:   119 us, closed:     3 us, I/O:   8050 us, total:  13418 us, speed:  1242 KB/s, CRC: OK, Pattern: OK, Size: OK (0xC61C2AA0)
File /test_822.bin: opened:   123 us, closed:     3 us, I/O:   2133 us, total:   7522 us, speed:  4688 KB/s, CRC: OK, Pattern: OK, Size: OK (0xC61C2AA0)
File /test_823.bin: opened:   119 us, closed:     3 us, I/O:   2145 us, total:   7583 us, speed:  4662 KB/s, CRC: OK, Pattern: OK, Size: OK (0xC61C2AA0)
File /test_824.bin: opened:   122 us, closed:     3 us, I/O:   2135 us, total:   7553 us, speed:  4683 KB/s, CRC: OK, Pattern: OK, Size: OK (0xC61C2AA0)
File /test_825.bin: opened:   118 us, closed:     3 us, I/O:   2149 us, total:   7534 us, speed:  4653 KB/s, CRC: OK, Pattern: OK, Size: OK (0xC61C2AA0)
File /test_826.bin: opened:   121 us, closed:     3 us, I/O:   2146 us, total:   7511 us, speed:  4659 KB/s, CRC: OK, Pattern: OK, Size: OK (0xC61C2AA0)
File /test_827.bin: opened:   122 us, closed:     3 us, I/O:   2151 us, total:   7521 us, speed:  4649 KB/s, CRC: OK, Pattern: OK, Size: OK (0xC61C2AA0)
File /test_828.bin: opened:   121 us, closed:     3 us, I/O:   2145 us, total:   7605 us, speed:  4662 KB/s, CRC: OK, Pattern: OK, Size: OK (0xC61C2AA0)
File /test_829.bin: opened:   116 us, closed:     3 us, I/O:   2164 us, total:   7587 us, speed:  4621 KB/s, CRC: OK, Pattern: OK, Size: OK (0xC61C2AA0)
File /test_830.bin: opened:   116 us, closed:     3 us, I/O:   2134 us, total:   7491 us, speed:  4686 KB/s, CRC: OK, Pattern: OK, Size: OK (0xC61C2AA0)
File /test_831.bin: opened:   115 us, closed:     3 us, I/O:   2134 us, total:   7505 us, speed:  4686 KB/s, CRC: OK, Pattern: OK, Size: OK (0xC61C2AA0)
File /test_832.bin: opened:   117 us, closed:     3 us, I/O:   8098 us, total:  13484 us, speed:  1234 KB/s, CRC: OK, Pattern: OK, Size: OK (0xC61C2AA0)
File /test_833.bin: opened:   115 us, closed:     3 us, I/O:   2135 us, total:   7539 us, speed:  4683 KB/s, CRC: OK, Pattern: OK, Size: OK (0xC61C2AA0)
File /test_834.bin: opened:   115 us, closed:     3 us, I/O:   2148 us, total:   7522 us, speed:  4655 KB/s, CRC: OK, Pattern: OK, Size: OK (0xC61C2AA0)
File /test_835.bin: opened:   114 us, closed:     3 us, I/O:   2156 us, total:   7555 us, speed:  4638 KB/s, CRC: OK, Pattern: OK, Size: OK (0xC61C2AA0)
File /test_836.bin: opened:   117 us, closed:     3 us, I/O:   2142 us, total:   7572 us, speed:  4668 KB/s, CRC: OK, Pattern: OK, Size: OK (0xC61C2AA0)
File /test_837.bin: opened:   117 us, closed:     3 us, I/O:   2140 us, total:   7543 us, speed:  4672 KB/s, CRC: OK, Pattern: OK, Size: OK (0xC61C2AA0)
File /test_838.bin: opened:   116 us, closed:     3 us, I/O:   2147 us, total:   7597 us, speed:  4657 KB/s, CRC: OK, Pattern: OK, Size: OK (0xC61C2AA0)
File /test_839.bin: opened:   113 us, closed:     3 us, I/O:   2145 us, total:   7583 us, speed:  4662 KB/s, CRC: OK, Pattern: OK, Size: OK (0xC61C2AA0)
File /test_840.bin: opened:   112 us, closed:     3 us, I/O:   2164 us, total:   7556 us, speed:  4621 KB/s, CRC: OK, Pattern: OK, Size: OK (0xC61C2AA0)
File /test_841.bin: opened:   112 us, closed:     3 us, I/O:   2140 us, total:   7531 us, speed:  4672 KB/s, CRC: OK, Pattern: OK, Size: OK (0xC61C2AA0)
File /test_842.bin: opened:   112 us, closed:     3 us, I/O:   2146 us, total:   7554 us, speed:  4659 KB/s, CRC: OK, Pattern: OK, Size: OK (0xC61C2AA0)
File /test_843.bin: opened:   111 us, closed:     3 us, I/O:   7967 us, total:  13372 us, speed:  1255 KB/s, CRC: OK, Pattern: OK, Size: OK (0xC61C2AA0)
File /test_844.bin: opened:   113 us, closed:     3 us, I/O:   2139 us, total:   7528 us, speed:  4675 KB/s, CRC: OK, Pattern: OK, Size: OK (0xC61C2AA0)
File /test_845.bin: opened:   110 us, closed:     3 us, I/O:   2135 us, total:   7557 us, speed:  4683 KB/s, CRC: OK, Pattern: OK, Size: OK (0xC61C2AA0)
File /test_846.bin: opened:   110 us, closed:     3 us, I/O:   2137 us, total:   7542 us, speed:  4679 KB/s, CRC: OK, Pattern: OK, Size: OK (0xC61C2AA0)
File /test_847.bin: opened:   109 us, closed:     3 us, I/O:   2141 us, total:   7531 us, speed:  4670 KB/s, CRC: OK, Pattern: OK, Size: OK (0xC61C2AA0)
File /test_848.bin: opened:   109 us, closed:     3 us, I/O:   2137 us, total:   7542 us, speed:  4679 KB/s, CRC: OK, Pattern: OK, Size: OK (0xC61C2AA0)
File /test_849.bin: opened:   107 us, closed:     3 us, I/O:   2147 us, total:   7541 us, speed:  4657 KB/s, CRC: OK, Pattern: OK, Size: OK (0xC61C2AA0)
File /test_850.bin: opened:   109 us, closed:     3 us, I/O:   2140 us, total:   7554 us, speed:  4672 KB/s, CRC: OK, Pattern: OK, Size: OK (0xC61C2AA0)
File /test_851.bin: opened:   108 us, closed:     7 us, I/O:   2138 us, total:   7529 us, speed:  4677 KB/s, CRC: OK, Pattern: OK, Size: OK (0xC61C2AA0)
File /test_852.bin: opened:   108 us, closed:     3 us, I/O:   2140 us, total:   7581 us, speed:  4672 KB/s, CRC: OK, Pattern: OK, Size: OK (0xC61C2AA0)
File /test_853.bin: opened:   107 us, closed:     3 us, I/O:   2142 us, total:   7512 us, speed:  4668 KB/s, CRC: OK, Pattern: OK, Size: OK (0xC61C2AA0)
File /test_854.bin: opened:  6060 us, closed:     3 us, I/O:   2133 us, total:  13487 us, speed:  4688 KB/s, CRC: OK, Pattern: OK, Size: OK (0xC61C2AA0)
File /test_855.bin: opened:   107 us, closed:     3 us, I/O:   2134 us, total:   7522 us, speed:  4686 KB/s, CRC: OK, Pattern: OK, Size: OK (0xC61C2AA0)
File /test_856.bin: opened:   106 us, closed:     3 us, I/O:   2141 us, total:   7540 us, speed:  4670 KB/s, CRC: OK, Pattern: OK, Size: OK (0xC61C2AA0)
File /test_857.bin: opened:   106 us, closed:     3 us, I/O:   2142 us, total:   7559 us, speed:  4668 KB/s, CRC: OK, Pattern: OK, Size: OK (0xC61C2AA0)
File /test_858.bin: opened:   105 us, closed:     3 us, I/O:   2135 us, total:   7486 us, speed:  4683 KB/s, CRC: OK, Pattern: OK, Size: OK (0xC61C2AA0)
File /test_859.bin: opened:   101 us, closed:     3 us, I/O:   2136 us, total:   7554 us, speed:  4681 KB/s, CRC: OK, Pattern: OK, Size: OK (0xC61C2AA0)
File /test_860.bin: opened:   105 us, closed:     3 us, I/O:   2144 us, total:   7571 us, speed:  4664 KB/s, CRC: OK, Pattern: OK, Size: OK (0xC61C2AA0)
File /test_861.bin: opened:   131 us, closed:     3 us, I/O:   2141 us, total:   7592 us, speed:  4670 KB/s, CRC: OK, Pattern: OK, Size: OK (0xC61C2AA0)
File /test_862.bin: opened:   124 us, closed:     3 us, I/O:   2144 us, total:   7544 us, speed:  4664 KB/s, CRC: OK, Pattern: OK, Size: OK (0xC61C2AA0)
File /test_863.bin: opened:   104 us, closed:     3 us, I/O:   2146 us, total:   7566 us, speed:  4659 KB/s, CRC: OK, Pattern: OK, Size: OK (0xC61C2AA0)
File /test_864.bin: opened:   103 us, closed:     3 us, I/O:   2134 us, total:   7504 us, speed:  4686 KB/s, CRC: OK, Pattern: OK, Size: OK (0xC61C2AA0)
File /test_865.bin: opened:   103 us, closed:     3 us, I/O:   2147 us, total:   7603 us, speed:  4657 KB/s, CRC: OK, Pattern: OK, Size: OK (0xC61C2AA0)
File /test_866.bin: opened:   104 us, closed:     3 us, I/O:   2142 us, total:   7524 us, speed:  4668 KB/s, CRC: OK, Pattern: OK, Size: OK (0xC61C2AA0)
File /test_867.bin: opened:   102 us, closed:     3 us, I/O:   2147 us, total:   7518 us, speed:  4657 KB/s, CRC: OK, Pattern: OK, Size: OK (0xC61C2AA0)
File /test_868.bin: opened:   102 us, closed:     3 us, I/O:   2141 us, total:   7544 us, speed:  4670 KB/s, CRC: OK, Pattern: OK, Size: OK (0xC61C2AA0)
File /test_869.bin: opened:    98 us, closed:     3 us, I/O:   2139 us, total:   7506 us, speed:  4675 KB/s, CRC: OK, Pattern: OK, Size: OK (0xC61C2AA0)
File /test_870.bin: opened:   101 us, closed:     3 us, I/O:   2144 us, total:   7571 us, speed:  4664 KB/s, CRC: OK, Pattern: OK, Size: OK (0xC61C2AA0)
File /test_871.bin: opened:   101 us, closed:     3 us, I/O:   2145 us, total:   7535 us, speed:  4662 KB/s, CRC: OK, Pattern: OK, Size: OK (0xC61C2AA0)
File /test_872.bin: opened:   100 us, closed:     3 us, I/O:   2132 us, total:   7520 us, speed:  4690 KB/s, CRC: OK, Pattern: OK, Size: OK (0xC61C2AA0)
File /test_873.bin: opened:   101 us, closed:     3 us, I/O:   2134 us, total:   7515 us, speed:  4686 KB/s, CRC: OK, Pattern: OK, Size: OK (0xC61C2AA0)
File /test_874.bin: opened:    99 us, closed:     3 us, I/O:   2145 us, total:   7583 us, speed:  4662 KB/s, CRC: OK, Pattern: OK, Size: OK (0xC61C2AA0)
File /test_875.bin: opened:    99 us, closed:     3 us, I/O:   2139 us, total:   7527 us, speed:  4675 KB/s, CRC: OK, Pattern: OK, Size: OK (0xC61C2AA0)
File /test_876.bin: opened:    99 us, closed:     3 us, I/O:   2162 us, total:   7526 us, speed:  4625 KB/s, CRC: OK, Pattern: OK, Size: OK (0xC61C2AA0)
File /test_877.bin: opened:    98 us, closed:     3 us, I/O:   2155 us, total:   7583 us, speed:  4640 KB/s, CRC: OK, Pattern: OK, Size: OK (0xC61C2AA0)
File /test_878.bin: opened:    98 us, closed:     3 us, I/O:   2142 us, total:   7580 us, speed:  4668 KB/s, CRC: OK, Pattern: OK, Size: OK (0xC61C2AA0)
File /test_879.bin: opened:    94 us, closed:     3 us, I/O:   2142 us, total:   7547 us, speed:  4668 KB/s, CRC: OK, Pattern: OK, Size: OK (0xC61C2AA0)
File /test_880.bin: opened:    97 us, closed:     3 us, I/O:   2137 us, total:   7491 us, speed:  4679 KB/s, CRC: OK, Pattern: OK, Size: OK (0xC61C2AA0)
File /test_881.bin: opened:    97 us, closed:     7 us, I/O:   2136 us, total:   7548 us, speed:  4681 KB/s, CRC: OK, Pattern: OK, Size: OK (0xC61C2AA0)
File /test_882.bin: opened:    96 us, closed:     3 us, I/O:   2147 us, total:   7545 us, speed:  4657 KB/s, CRC: OK, Pattern: OK, Size: OK (0xC61C2AA0)
File /test_883.bin: opened:    96 us, closed:     3 us, I/O:   2144 us, total:   7561 us, speed:  4664 KB/s, CRC: OK, Pattern: OK, Size: OK (0xC61C2AA0)
File /test_884.bin: opened:    96 us, closed:     3 us, I/O:   2139 us, total:   7528 us, speed:  4675 KB/s, CRC: OK, Pattern: OK, Size: OK (0xC61C2AA0)
File /test_885.bin: opened:    99 us, closed:     3 us, I/O:   2149 us, total:   7513 us, speed:  4653 KB/s, CRC: OK, Pattern: OK, Size: OK (0xC61C2AA0)
File /test_886.bin: opened:    95 us, closed:     3 us, I/O:   2162 us, total:   7525 us, speed:  4625 KB/s, CRC: OK, Pattern: OK, Size: OK (0xC61C2AA0)
File /test_887.bin: opened:    95 us, closed:     3 us, I/O:   2177 us, total:   7578 us, speed:  4593 KB/s, CRC: OK, Pattern: OK, Size: OK (0xC61C2AA0)
File /test_888.bin: opened:    94 us, closed:     3 us, I/O:   2135 us, total:   7544 us, speed:  4683 KB/s, CRC: OK, Pattern: OK, Size: OK (0xC61C2AA0)
File /test_889.bin: opened:    91 us, closed:     3 us, I/O:   2142 us, total:   7534 us, speed:  4668 KB/s, CRC: OK, Pattern: OK, Size: OK (0xC61C2AA0)
File /test_890.bin: opened:    94 us, closed:     7 us, I/O:   2136 us, total:   7517 us, speed:  4681 KB/s, CRC: OK, Pattern: OK, Size: OK (0xC61C2AA0)
File /test_891.bin: opened:    92 us, closed:     3 us, I/O:   2136 us, total:   7490 us, speed:  4681 KB/s, CRC: OK, Pattern: OK, Size: OK (0xC61C2AA0)
File /test_892.bin: opened:   109 us, closed:     3 us, I/O:   2147 us, total:   7548 us, speed:  4657 KB/s, CRC: OK, Pattern: OK, Size: OK (0xC61C2AA0)
File /test_893.bin: opened:    92 us, closed:     3 us, I/O:   2133 us, total:   7501 us, speed:  4688 KB/s, CRC: OK, Pattern: OK, Size: OK (0xC61C2AA0)
File /test_894.bin: opened:    92 us, closed:     3 us, I/O:   2143 us, total:   7581 us, speed:  4666 KB/s, CRC: OK, Pattern: OK, Size: OK (0xC61C2AA0)
File /test_895.bin: opened:    91 us, closed:     3 us, I/O:   2142 us, total:   7510 us, speed:  4668 KB/s, CRC: OK, Pattern: OK, Size: OK (0xC61C2AA0)
File /test_896.bin: opened:    91 us, closed:     3 us, I/O:   2159 us, total:   7577 us, speed:  4631 KB/s, CRC: OK, Pattern: OK, Size: OK (0xC61C2AA0)
File /test_897.bin: opened:    92 us, closed:     3 us, I/O:   2134 us, total:  13428 us, speed:  4686 KB/s, CRC: OK, Pattern: OK, Size: OK (0xC61C2AA0)
File /test_898.bin: opened:    90 us, closed:     3 us, I/O:   2139 us, total:   7513 us, speed:  4675 KB/s, CRC: OK, Pattern: OK, Size: OK (0xC61C2AA0)
File /test_899.bin: opened:   103 us, closed:     3 us, I/O:   2149 us, total:   7516 us, speed:  4653 KB/s, CRC: OK, Pattern: OK, Size: OK (0xC61C2AA0)
File /test_900.bin: opened:    83 us, closed:     7 us, I/O:   2136 us, total:   7536 us, speed:  4681 KB/s, CRC: OK, Pattern: OK, Size: OK (0xC61C2AA0)
File /test_901.bin: opened:    86 us, closed:     3 us, I/O:   2136 us, total:   7523 us, speed:  4681 KB/s, CRC: OK, Pattern: OK, Size: OK (0xC61C2AA0)
File /test_902.bin: opened:    82 us, closed:     3 us, I/O:   2141 us, total:   7510 us, speed:  4670 KB/s, CRC: OK, Pattern: OK, Size: OK (0xC61C2AA0)
File /test_903.bin: opened:    81 us, closed:     3 us, I/O:   2143 us, total:   7465 us, speed:  4666 KB/s, CRC: OK, Pattern: OK, Size: OK (0xC61C2AA0)
File /test_904.bin: opened:    85 us, closed:     3 us, I/O:   2152 us, total:   7531 us, speed:  4646 KB/s, CRC: OK, Pattern: OK, Size: OK (0xC61C2AA0)
File /test_905.bin: opened:    84 us, closed:     3 us, I/O:   2150 us, total:   7560 us, speed:  4651 KB/s, CRC: OK, Pattern: OK, Size: OK (0xC61C2AA0)
File /test_906.bin: opened:    81 us, closed:     3 us, I/O:   2131 us, total:   7490 us, speed:  4692 KB/s, CRC: OK, Pattern: OK, Size: OK (0xC61C2AA0)
File /test_907.bin: opened:    87 us, closed:     3 us, I/O:   2149 us, total:   7469 us, speed:  4653 KB/s, CRC: OK, Pattern: OK, Size: OK (0xC61C2AA0)
File /test_908.bin: opened:    86 us, closed:     3 us, I/O:   2163 us, total:  13527 us, speed:  4623 KB/s, CRC: OK, Pattern: OK, Size: OK (0xC61C2AA0)
File /test_909.bin: opened:    86 us, closed:     3 us, I/O:   2138 us, total:   7459 us, speed:  4677 KB/s, CRC: OK, Pattern: OK, Size: OK (0xC61C2AA0)
File /test_910.bin: opened:    79 us, closed:     3 us, I/O:   2156 us, total:   7492 us, speed:  4638 KB/s, CRC: OK, Pattern: OK, Size: OK (0xC61C2AA0)
File /test_911.bin: opened:    84 us, closed:     3 us, I/O:   2137 us, total:   7513 us, speed:  4679 KB/s, CRC: OK, Pattern: OK, Size: OK (0xC61C2AA0)
File /test_912.bin: opened:    81 us, closed:     3 us, I/O:   2133 us, total:   7536 us, speed:  4688 KB/s, CRC: OK, Pattern: OK, Size: OK (0xC61C2AA0)
File /test_913.bin: opened:    81 us, closed:     3 us, I/O:   2136 us, total:   7502 us, speed:  4681 KB/s, CRC: OK, Pattern: OK, Size: OK (0xC61C2AA0)
File /test_914.bin: opened:    80 us, closed:     3 us, I/O:   2135 us, total:   7486 us, speed:  4683 KB/s, CRC: OK, Pattern: OK, Size: OK (0xC61C2AA0)
File /test_915.bin: opened:    77 us, closed:     3 us, I/O:   2180 us, total:   7535 us, speed:  4587 KB/s, CRC: OK, Pattern: OK, Size: OK (0xC61C2AA0)
File /test_916.bin: opened:    76 us, closed:     3 us, I/O:   2150 us, total:   7555 us, speed:  4651 KB/s, CRC: OK, Pattern: OK, Size: OK (0xC61C2AA0)
File /test_917.bin: opened:    83 us, closed:     3 us, I/O:   2143 us, total:   7519 us, speed:  4666 KB/s, CRC: OK, Pattern: OK, Size: OK (0xC61C2AA0)
File /test_918.bin: opened:    88 us, closed:     3 us, I/O:   2135 us, total:   7458 us, speed:  4683 KB/s, CRC: OK, Pattern: OK, Size: OK (0xC61C2AA0)
File /test_919.bin: opened:    82 us, closed:     3 us, I/O:   2136 us, total:  13457 us, speed:  4681 KB/s, CRC: OK, Pattern: OK, Size: OK (0xC61C2AA0)
File /test_920.bin: opened:    79 us, closed:     3 us, I/O:   2144 us, total:   7451 us, speed:  4664 KB/s, CRC: OK, Pattern: OK, Size: OK (0xC61C2AA0)
File /test_921.bin: opened:    79 us, closed:     3 us, I/O:   2144 us, total:   7514 us, speed:  4664 KB/s, CRC: OK, Pattern: OK, Size: OK (0xC61C2AA0)
File /test_922.bin: opened:    78 us, closed:     3 us, I/O:   2134 us, total:   7463 us, speed:  4686 KB/s, CRC: OK, Pattern: OK, Size: OK (0xC61C2AA0)
File /test_923.bin: opened:    78 us, closed:     3 us, I/O:   2144 us, total:   7547 us, speed:  4664 KB/s, CRC: OK, Pattern: OK, Size: OK (0xC61C2AA0)
File /test_924.bin: opened:    77 us, closed:     3 us, I/O:   2132 us, total:   7513 us, speed:  4690 KB/s, CRC: OK, Pattern: OK, Size: OK (0xC61C2AA0)
File /test_925.bin: opened:    77 us, closed:     3 us, I/O:   2146 us, total:   7541 us, speed:  4659 KB/s, CRC: OK, Pattern: OK, Size: OK (0xC61C2AA0)
File /test_926.bin: opened:    76 us, closed:     3 us, I/O:   2138 us, total:   7453 us, speed:  4677 KB/s, CRC: OK, Pattern: OK, Size: OK (0xC61C2AA0)
File /test_927.bin: opened:    76 us, closed:     3 us, I/O:   2145 us, total:   7552 us, speed:  4662 KB/s, CRC: OK, Pattern: OK, Size: OK (0xC61C2AA0)
File /test_928.bin: opened:    72 us, closed:     3 us, I/O:   2140 us, total:   7527 us, speed:  4672 KB/s, CRC: OK, Pattern: OK, Size: OK (0xC61C2AA0)
File /test_929.bin: opened:    75 us, closed:     3 us, I/O:   2146 us, total:   7487 us, speed:  4659 KB/s, CRC: OK, Pattern: OK, Size: OK (0xC61C2AA0)
File /test_930.bin: opened:    75 us, closed:     3 us, I/O:   2144 us, total:  13510 us, speed:  4664 KB/s, CRC: OK, Pattern: OK, Size: OK (0xC61C2AA0)
File /test_931.bin: opened:    75 us, closed:     3 us, I/O:   2139 us, total:   7481 us, speed:  4675 KB/s, CRC: OK, Pattern: OK, Size: OK (0xC61C2AA0)
File /test_932.bin: opened:    70 us, closed:     3 us, I/O:   2145 us, total:   7491 us, speed:  4662 KB/s, CRC: OK, Pattern: OK, Size: OK (0xC61C2AA0)
File /test_933.bin: opened:    74 us, closed:     3 us, I/O:   2140 us, total:   7454 us, speed:  4672 KB/s, CRC: OK, Pattern: OK, Size: OK (0xC61C2AA0)
File /test_934.bin: opened:    73 us, closed:     3 us, I/O:   2148 us, total:   7533 us, speed:  4655 KB/s, CRC: OK, Pattern: OK, Size: OK (0xC61C2AA0)
File /test_935.bin: opened:    75 us, closed:     3 us, I/O:   2138 us, total:   7545 us, speed:  4677 KB/s, CRC: OK, Pattern: OK, Size: OK (0xC61C2AA0)
File /test_936.bin: opened:    72 us, closed:     3 us, I/O:   2141 us, total:   7527 us, speed:  4670 KB/s, CRC: OK, Pattern: OK, Size: OK (0xC61C2AA0)
File /test_937.bin: opened:    72 us, closed:     3 us, I/O:   2130 us, total:   7489 us, speed:  4694 KB/s, CRC: OK, Pattern: OK, Size: OK (0xC61C2AA0)
File /test_938.bin: opened:    72 us, closed:     3 us, I/O:   2146 us, total:   7547 us, speed:  4659 KB/s, CRC: OK, Pattern: OK, Size: OK (0xC61C2AA0)
File /test_939.bin: opened:    68 us, closed:     3 us, I/O:   2147 us, total:   7506 us, speed:  4657 KB/s, CRC: OK, Pattern: OK, Size: OK (0xC61C2AA0)
File /test_940.bin: opened:    67 us, closed:     3 us, I/O:   2144 us, total:   7514 us, speed:  4664 KB/s, CRC: OK, Pattern: OK, Size: OK (0xC61C2AA0)
File /test_941.bin: opened:    71 us, closed:     7 us, I/O:   2143 us, total:  13514 us, speed:  4666 KB/s, CRC: OK, Pattern: OK, Size: OK (0xC61C2AA0)
File /test_942.bin: opened:    67 us, closed:     3 us, I/O:   2143 us, total:   7518 us, speed:  4666 KB/s, CRC: OK, Pattern: OK, Size: OK (0xC61C2AA0)
File /test_943.bin: opened:    70 us, closed:     3 us, I/O:   2136 us, total:   7473 us, speed:  4681 KB/s, CRC: OK, Pattern: OK, Size: OK (0xC61C2AA0)
File /test_944.bin: opened:    70 us, closed:     3 us, I/O:   2143 us, total:   7511 us, speed:  4666 KB/s, CRC: OK, Pattern: OK, Size: OK (0xC61C2AA0)
File /test_945.bin: opened:    69 us, closed:     3 us, I/O:   2140 us, total:   7563 us, speed:  4672 KB/s, CRC: OK, Pattern: OK, Size: OK (0xC61C2AA0)
File /test_946.bin: opened:    69 us, closed:     3 us, I/O:   2134 us, total:   7465 us, speed:  4686 KB/s, CRC: OK, Pattern: OK, Size: OK (0xC61C2AA0)
File /test_947.bin: opened:    68 us, closed:     3 us, I/O:   2137 us, total:   7450 us, speed:  4679 KB/s, CRC: OK, Pattern: OK, Size: OK (0xC61C2AA0)
File /test_948.bin: opened:    64 us, closed:     3 us, I/O:   2135 us, total:   7510 us, speed:  4683 KB/s, CRC: OK, Pattern: OK, Size: OK (0xC61C2AA0)
File /test_949.bin: opened:    64 us, closed:     7 us, I/O:   2157 us, total:   7560 us, speed:  4636 KB/s, CRC: OK, Pattern: OK, Size: OK (0xC61C2AA0)
File /test_950.bin: opened:    67 us, closed:     3 us, I/O:   2143 us, total:   7543 us, speed:  4666 KB/s, CRC: OK, Pattern: OK, Size: OK (0xC61C2AA0)
File /test_951.bin: opened:    68 us, closed:     3 us, I/O:   2130 us, total:   7470 us, speed:  4694 KB/s, CRC: OK, Pattern: OK, Size: OK (0xC61C2AA0)
File /test_952.bin: opened:    66 us, closed:     3 us, I/O:   2133 us, total:  13431 us, speed:  4688 KB/s, CRC: OK, Pattern: OK, Size: OK (0xC61C2AA0)
File /test_953.bin: opened:    63 us, closed:     3 us, I/O:   2137 us, total:   7477 us, speed:  4679 KB/s, CRC: OK, Pattern: OK, Size: OK (0xC61C2AA0)
File /test_954.bin: opened:    62 us, closed:     3 us, I/O:   2145 us, total:   7497 us, speed:  4662 KB/s, CRC: OK, Pattern: OK, Size: OK (0xC61C2AA0)
File /test_955.bin: opened:    67 us, closed:     3 us, I/O:   2134 us, total:   7501 us, speed:  4686 KB/s, CRC: OK, Pattern: OK, Size: OK (0xC61C2AA0)
File /test_956.bin: opened:    65 us, closed:     3 us, I/O:   2136 us, total:   7503 us, speed:  4681 KB/s, CRC: OK, Pattern: OK, Size: OK (0xC61C2AA0)
File /test_957.bin: opened:    62 us, closed:     3 us, I/O:   2141 us, total:   7493 us, speed:  4670 KB/s, CRC: OK, Pattern: OK, Size: OK (0xC61C2AA0)
File /test_958.bin: opened:    64 us, closed:     3 us, I/O:   2145 us, total:   7549 us, speed:  4662 KB/s, CRC: OK, Pattern: OK, Size: OK (0xC61C2AA0)
File /test_959.bin: opened:    64 us, closed:     3 us, I/O:   2136 us, total:   7482 us, speed:  4681 KB/s, CRC: OK, Pattern: OK, Size: OK (0xC61C2AA0)
File /test_960.bin: opened:    60 us, closed:     3 us, I/O:   2147 us, total:   7537 us, speed:  4657 KB/s, CRC: OK, Pattern: OK, Size: OK (0xC61C2AA0)
File /test_961.bin: opened:    63 us, closed:     3 us, I/O:   2135 us, total:   7518 us, speed:  4683 KB/s, CRC: OK, Pattern: OK, Size: OK (0xC61C2AA0)
File /test_962.bin: opened:    59 us, closed:     3 us, I/O:   2139 us, total:   7501 us, speed:  4675 KB/s, CRC: OK, Pattern: OK, Size: OK (0xC61C2AA0)
File /test_963.bin: opened:    58 us, closed:     3 us, I/O:   2143 us, total:  13447 us, speed:  4666 KB/s, CRC: OK, Pattern: OK, Size: OK (0xC61C2AA0)
File /test_964.bin: opened:    62 us, closed:     3 us, I/O:   2134 us, total:   7489 us, speed:  4686 KB/s, CRC: OK, Pattern: OK, Size: OK (0xC61C2AA0)
File /test_965.bin: opened:    62 us, closed:     3 us, I/O:   2148 us, total:   7501 us, speed:  4655 KB/s, CRC: OK, Pattern: OK, Size: OK (0xC61C2AA0)
File /test_966.bin: opened:    62 us, closed:     3 us, I/O:   2146 us, total:   7455 us, speed:  4659 KB/s, CRC: OK, Pattern: OK, Size: OK (0xC61C2AA0)
File /test_967.bin: opened:    61 us, closed:     3 us, I/O:   2139 us, total:   7455 us, speed:  4675 KB/s, CRC: OK, Pattern: OK, Size: OK (0xC61C2AA0)
File /test_968.bin: opened:    60 us, closed:     3 us, I/O:   2133 us, total:   7454 us, speed:  4688 KB/s, CRC: OK, Pattern: OK, Size: OK (0xC61C2AA0)
File /test_969.bin: opened:    60 us, closed:     3 us, I/O:   2147 us, total:   7498 us, speed:  4657 KB/s, CRC: OK, Pattern: OK, Size: OK (0xC61C2AA0)
File /test_970.bin: opened:    56 us, closed:     3 us, I/O:   2136 us, total:   7469 us, speed:  4681 KB/s, CRC: OK, Pattern: OK, Size: OK (0xC61C2AA0)
File /test_971.bin: opened:    55 us, closed:     3 us, I/O:   2143 us, total:   7502 us, speed:  4666 KB/s, CRC: OK, Pattern: OK, Size: OK (0xC61C2AA0)
File /test_972.bin: opened:    55 us, closed:     3 us, I/O:   2142 us, total:   7504 us, speed:  4668 KB/s, CRC: OK, Pattern: OK, Size: OK (0xC61C2AA0)
File /test_973.bin: opened:    55 us, closed:     3 us, I/O:   2138 us, total:   7507 us, speed:  4677 KB/s, CRC: OK, Pattern: OK, Size: OK (0xC61C2AA0)
File /test_974.bin: opened:    54 us, closed:     3 us, I/O:   2141 us, total:  13406 us, speed:  4670 KB/s, CRC: OK, Pattern: OK, Size: OK (0xC61C2AA0)
File /test_975.bin: opened:    54 us, closed:     3 us, I/O:   2142 us, total:   7505 us, speed:  4668 KB/s, CRC: OK, Pattern: OK, Size: OK (0xC61C2AA0)
File /test_976.bin: opened:    54 us, closed:     3 us, I/O:   2145 us, total:   7461 us, speed:  4662 KB/s, CRC: OK, Pattern: OK, Size: OK (0xC61C2AA0)
File /test_977.bin: opened:    53 us, closed:     3 us, I/O:   2133 us, total:   7455 us, speed:  4688 KB/s, CRC: OK, Pattern: OK, Size: OK (0xC61C2AA0)
File /test_978.bin: opened:    53 us, closed:     3 us, I/O:   2148 us, total:   7486 us, speed:  4655 KB/s, CRC: OK, Pattern: OK, Size: OK (0xC61C2AA0)
File /test_979.bin: opened:    56 us, closed:     3 us, I/O:   2134 us, total:   7454 us, speed:  4686 KB/s, CRC: OK, Pattern: OK, Size: OK (0xC61C2AA0)
File /test_980.bin: opened:    56 us, closed:     3 us, I/O:   2159 us, total:   7476 us, speed:  4631 KB/s, CRC: OK, Pattern: OK, Size: OK (0xC61C2AA0)
File /test_981.bin: opened:    57 us, closed:     3 us, I/O:   2134 us, total:   7478 us, speed:  4686 KB/s, CRC: OK, Pattern: OK, Size: OK (0xC61C2AA0)
File /test_982.bin: opened:    55 us, closed:     3 us, I/O:   2139 us, total:   7509 us, speed:  4675 KB/s, CRC: OK, Pattern: OK, Size: OK (0xC61C2AA0)
File /test_983.bin: opened:    56 us, closed:     3 us, I/O:   2146 us, total:   7496 us, speed:  4659 KB/s, CRC: OK, Pattern: OK, Size: OK (0xC61C2AA0)
File /test_984.bin: opened:    51 us, closed:     3 us, I/O:   2139 us, total:   7859 us, speed:  4675 KB/s, CRC: OK, Pattern: OK, Size: OK (0xC61C2AA0)
File /test_985.bin: opened:    50 us, closed:     3 us, I/O:   2144 us, total:  13429 us, speed:  4664 KB/s, CRC: OK, Pattern: OK, Size: OK (0xC61C2AA0)
File /test_986.bin: opened:    50 us, closed:     3 us, I/O:   2130 us, total:   7433 us, speed:  4694 KB/s, CRC: OK, Pattern: OK, Size: OK (0xC61C2AA0)
File /test_987.bin: opened:    49 us, closed:     3 us, I/O:   2145 us, total:   7471 us, speed:  4662 KB/s, CRC: OK, Pattern: OK, Size: OK (0xC61C2AA0)
File /test_988.bin: opened:    49 us, closed:     3 us, I/O:   2151 us, total:   7460 us, speed:  4649 KB/s, CRC: OK, Pattern: OK, Size: OK (0xC61C2AA0)
File /test_989.bin: opened:    49 us, closed:     3 us, I/O:   2148 us, total:   7501 us, speed:  4655 KB/s, CRC: OK, Pattern: OK, Size: OK (0xC61C2AA0)
File /test_990.bin: opened:    48 us, closed:     3 us, I/O:   2143 us, total:   7471 us, speed:  4666 KB/s, CRC: OK, Pattern: OK, Size: OK (0xC61C2AA0)
File /test_991.bin: opened:    52 us, closed:     3 us, I/O:   2137 us, total:   7459 us, speed:  4679 KB/s, CRC: OK, Pattern: OK, Size: OK (0xC61C2AA0)
File /test_992.bin: opened:    48 us, closed:     3 us, I/O:   2136 us, total:   7464 us, speed:  4681 KB/s, CRC: OK, Pattern: OK, Size: OK (0xC61C2AA0)
File /test_993.bin: opened:    47 us, closed:     3 us, I/O:   2144 us, total:   7501 us, speed:  4664 KB/s, CRC: OK, Pattern: OK, Size: OK (0xC61C2AA0)
File /test_994.bin: opened:    47 us, closed:     3 us, I/O:   2144 us, total:   7451 us, speed:  4664 KB/s, CRC: OK, Pattern: OK, Size: OK (0xC61C2AA0)
File /test_995.bin: opened:    50 us, closed:     3 us, I/O:   2162 us, total:   7472 us, speed:  4625 KB/s, CRC: OK, Pattern: OK, Size: OK (0xC61C2AA0)
File /test_996.bin: opened:    46 us, closed:     3 us, I/O:   2145 us, total:  13462 us, speed:  4662 KB/s, CRC: OK, Pattern: OK, Size: OK (0xC61C2AA0)
File /test_997.bin: opened:    50 us, closed:     3 us, I/O:   2135 us, total:   7410 us, speed:  4683 KB/s, CRC: OK, Pattern: OK, Size: OK (0xC61C2AA0)
File /test_998.bin: opened:    49 us, closed:     3 us, I/O:   2143 us, total:   7450 us, speed:  4666 KB/s, CRC: OK, Pattern: OK, Size: OK (0xC61C2AA0)
File /test_999.bin: opened:    48 us, closed:     3 us, I/O:   2142 us, total:   7513 us, speed:  4668 KB/s, CRC: OK, Pattern: OK, Size: OK (0xC61C2AA0)
File /test_1000.bin: opened:    46 us, closed:     3 us, I/O:   2144 us, total:   7498 us, speed:  4664 KB/s, CRC: OK, Pattern: OK, Size: OK (0xC61C2AA0)


=== Read Test Statistics ===
Successful operations: 1000
Failed operations:     0
Data processed: 10000 KB (10240000 bytes)

Timing breakdown:
  Open time     - Avg:  261.8 us, Min:     46 us, Max:   6060 us, Diff: 13073.9%
  Close time    - Avg:    3.1 us, Min:      3 us, Max:      7 us, Diff: 133.3%

Speed statistics:
  Max speed:     4697 KB/s
  Avg speed:     4414 KB/s
  Min speed:     1234 KB/s

Data integrity:
  CRC errors    : 0
  Pattern errors: 0
  Size errors   : 0
  Total errors  : 0

Press any key to continue...
